experiment_id,experiment_type,method,repetition,number_points,intersection_angle,area,area_lower,area_upper,diameter,diameter_upper,cover_radius,cover_radius_lower,localization_error,centroid_error_bound,min_intersection_angle,dop,runtime,status,truth_feasible
layout_random_000_n4,layout,random,0,4,,458.92440032958984,455.10960388183594,462.73919677734375,36.487276132647644,36.6705135292649,18.335361612270656,18.244075862187305,12.289829246361474,0.6046193870024045,14.999999999999996,1.0327955589886444,0.0504561000270769,sampled,True
layout_uniform_000_n4,layout,uniform,0,4,,157.33733367919922,154.76344299316406,159.91122436523438,24.36635025312989,24.543997981463054,12.271998990731527,12.183175126564946,3.061735008417043,0.790107987144994,0.0,1.0,0.031352999969385564,sampled,True
layout_optimized_000_n4,layout,optimized,0,4,,395.8594436645508,391.79127502441406,399.9276123046875,34.829359153352264,35.09685607915081,17.54939984552209,17.41576993846259,10.018324280789859,0.7140288636025225,45.0,1.0,0.05438759992830455,sampled,True
layout_dop_baseline_000_n4,layout,dop_baseline,0,4,,785.8690795898438,780.8757934570312,790.8623657226562,37.955336172207886,38.117222727489356,20.228569286126437,20.122121223009277,14.978194850759945,0.4813231933032556,45.0,1.0,0.0767266999464482,sampled,True
layout_random_001_n4,layout,random,1,4,,532.8645858764648,527.6976470947266,538.0315246582031,45.70596445506405,45.97324621642223,22.986623108211116,22.852982227532024,7.871007176538371,0.8830001139763626,14.999999999999996,1.2482976007946422,0.06127729988656938,sampled,True
layout_uniform_001_n4,layout,uniform,1,4,,823.7191772460938,818.7975769042969,828.6407775878906,40.98395540733078,41.18878403371215,20.594392016856077,20.49197770366539,13.505854814109377,0.4892704753647349,0.0,1.0,0.06332719989586622,sampled,True
layout_optimized_001_n4,layout,optimized,1,4,,365.1074752807617,361.20863342285156,369.0063171386719,34.694000129986904,34.87478736074288,17.48335494801118,17.39179087181943,8.294286713158066,0.7369590949126362,45.0,1.0,0.053589100018143654,sampled,True
layout_dop_baseline_001_n4,layout,dop_baseline,1,4,,383.98741149902344,380.0261535644531,387.94866943359375,34.76318548322933,34.95917418737578,17.53078541711733,17.438964635459826,8.500643066895254,0.7139207686313376,45.0,1.0,0.053467600024305284,sampled,True
layout_random_002_n4,layout,random,2,4,,993.8375930786133,988.5087432861328,999.1664428710938,43.66723267477178,43.824772181247916,21.912386090623958,21.83361633738589,8.14415024992241,0.4674609116624948,14.999999999999996,1.0794245481595688,0.07480539998505265,sampled,True
layout_uniform_002_n4,layout,uniform,2,4,,1053.415901184082,1047.207046508789,1059.624755859375,46.46110926433274,46.659377119122915,23.329688559561458,23.23055463216637,7.512925406161058,0.5467997801492871,0.0,1.0,0.08257860003504902,sampled,True
layout_optimized_002_n4,layout,optimized,2,4,,725.1950912475586,720.3050079345703,730.0851745605469,37.28701110989946,37.489949825128136,19.86114788260628,19.765501805016306,4.356194547391664,0.5022125758271327,45.0,1.0,0.06395520002115518,sampled,True
layout_dop_baseline_002_n4,layout,dop_baseline,2,4,,648.9312973022461,644.2636871337891,653.5989074707031,37.6045356936677,37.79105554750398,19.503409877392965,19.396808919609082,1.9149745376674008,0.5397619645138736,45.0,1.0,0.05834410001989454,sampled,True
layout_random_003_n4,layout,random,3,4,,1536.3043670654297,1528.2446594238281,1544.3640747070312,87.77496921644158,88.04270592392223,44.021352961961114,43.88748460822079,21.75706211548307,0.918952313568842,0.0,1.8781416031760885,0.0979819999774918,sampled,True
layout_uniform_003_n4,layout,uniform,3,4,,917.5663833618164,911.7258453369141,923.4069213867188,43.34173944564095,43.50503195235904,21.75488247211656,21.67300853011133,16.204999018023454,0.5503376409844593,0.0,1.0,0.07531990006100386,sampled,True
layout_optimized_003_n4,layout,optimized,3,4,,87.29722595214844,85.28878784179688,89.3056640625,18.440986329549748,18.681040180006875,9.340520090003437,9.220493164774874,4.254810346028764,0.8402538278485155,45.0,1.0,0.030595700023695827,sampled,True
layout_dop_baseline_003_n4,layout,dop_baseline,3,4,,85.94755554199219,83.96136474609375,87.93374633789062,18.140079933671736,18.428046437639896,9.214295393837576,9.070226025938378,4.155671161827862,0.8324816750144017,45.0,1.0,0.024239899939857423,sampled,True
layout_random_004_n4,layout,random,4,4,,517.3062973022461,512.8389129638672,521.773681640625,39.53229255356961,39.73029573166781,19.8654108710316,19.766358384235645,8.642307836676526,0.6803351995552079,8.537736562175269e-07,1.1547005383792517,0.05475979996845126,sampled,True
layout_uniform_004_n4,layout,uniform,4,4,,643.2057037353516,638.1839904785156,648.2274169921875,36.13149279684574,36.31128389879524,18.15564194939762,18.06574639842287,11.716611509842641,0.5625953205540241,0.0,0.9999999999999999,0.0578092000214383,sampled,True
layout_optimized_004_n4,layout,optimized,4,4,,253.6156768798828,250.79644775390625,256.4349060058594,29.807275854187953,30.027306908150287,15.013653454075143,14.917954044627463,3.6103514969258583,0.6602366232322541,45.0,1.0,0.0462169999955222,sampled,True
layout_dop_baseline_004_n4,layout,dop_baseline,4,4,,590.1854095458984,586.2241516113281,594.1466674804688,37.46673329122283,37.652064731109036,19.22016011697637,19.127630086064013,10.73067306050812,0.5020630370663945,45.0,1.0,0.06414460006635636,sampled,True
layout_random_005_n4,layout,random,5,4,,503.9579086303711,498.6920928955078,509.2237243652344,51.63757850790601,51.85636254526325,25.928181272631626,25.818789253953003,17.130918824480506,1.072479685364262,15.0,1.2649110640673518,0.06546509999316186,sampled,True
layout_uniform_005_n4,layout,uniform,5,4,,207.15277862548828,203.4850616455078,210.82049560546875,30.900723880325604,31.11675695628583,15.558378478142915,15.450361940162802,5.654674006006841,1.0826979371500387,0.0,0.9999999999999999,0.05243819998577237,sampled,True
layout_optimized_005_n4,layout,optimized,5,4,,177.12879180908203,174.41770935058594,179.83987426757812,26.251527578320324,26.599786559661176,13.300269211350656,13.12614831321589,5.999261890535928,0.801982486201487,44.999999999999986,1.0,0.03841799998190254,sampled,True
layout_dop_baseline_005_n4,layout,dop_baseline,5,4,,954.6501846313477,949.8552703857422,959.4450988769531,38.241759366219384,38.408907048040305,20.504099722356663,20.421730808398635,15.058746460040105,0.3839040207268886,44.999999999999986,1.0,0.06452330003958195,sampled,True
layout_random_006_n4,layout,random,6,4,,333.16280364990234,329.6223907470703,336.7032165527344,32.236115061492946,32.48292914801798,16.24146457400899,16.118057530746473,6.320099853367256,0.6831118672096784,30.00000000000003,1.0084800728837513,0.044269699952565134,sampled,True
layout_uniform_006_n4,layout,uniform,6,4,,436.05230712890625,432.4779052734375,439.626708984375,30.310682230451206,30.4453125,15.223033826714754,15.155843739007778,8.14352416460784,0.4950735670347713,8.537736562175269e-07,1.0,0.05623450002167374,sampled,True
layout_optimized_006_n4,layout,optimized,6,4,,735.7940826416016,730.9355163574219,740.6526489257812,37.51875263540096,37.7156276216442,19.80565816683401,19.728625440132816,11.016051291755998,0.4948173128523004,45.0,1.0,0.07057729992084205,sampled,True
layout_dop_baseline_006_n4,layout,dop_baseline,6,4,,821.0587692260742,815.9956512451172,826.1218872070312,37.95510822641026,38.09464804237803,20.510134640234615,20.426326173430862,11.706026850952648,0.4669473124206367,45.0,1.0,0.0623209000332281,sampled,True
layout_random_007_n4,layout,random,7,4,,418.62462615966797,414.39207458496094,422.857177734375,34.44268416415365,34.59960887886325,18.0420954083987,17.96679023102365,10.574301316729693,0.6926434586217275,30.0,1.0171796054189606,0.0585840999847278,sampled,True
layout_uniform_007_n4,layout,uniform,7,4,,748.321174621582,745.0909881591797,751.5513610839844,39.100072555279546,39.24754063378725,19.623770316893626,19.550036277639773,14.187592102894381,0.33737381369382796,0.0,1.0,0.053056799923069775,sampled,True
layout_optimized_007_n4,layout,optimized,7,4,,408.9865951538086,405.72056579589844,412.25262451171875,35.44196400455257,35.638381532853735,17.879051927327495,17.78235725194197,11.016581673928385,0.5646828834264693,45.0,1.0,0.05609080009162426,sampled,True
layout_dop_baseline_007_n4,layout,dop_baseline,7,4,,393.7947692871094,390.5713806152344,397.0181579589844,35.02582447462091,35.230000767833694,17.648166521352856,17.547972158247877,10.951889193423929,0.5720644414299785,45.0,1.0,0.05456489999778569,sampled,True
layout_random_008_n4,layout,random,8,4,,680.391471862793,675.0440826416016,685.7388610839844,43.14925226688646,43.335151595091155,22.310776241737493,22.22912350622201,4.07648890477235,0.675854718724787,14.99999999999997,1.0690449676496976,0.07788709993474185,sampled,True
layout_uniform_008_n4,layout,uniform,8,4,,905.1684494018555,901.0026397705078,909.3342590332031,43.02740102271495,43.22320467484197,21.611602337420987,21.513700511357474,7.664518630391784,0.39602520314940226,0.0,1.0,0.060829399968497455,sampled,True
layout_optimized_008_n4,layout,optimized,8,4,,898.2958831787109,893.5411376953125,903.0506286621094,37.88092055171974,38.047119641153934,20.749469839960373,20.66916479348921,7.525129767093233,0.400651667865202,45.0,1.0,0.06494890002068132,sampled,True
layout_dop_baseline_008_n4,layout,dop_baseline,8,4,,704.8400344848633,700.4109649658203,709.2691040039062,37.59677819591581,37.76016927002289,19.751161319335445,19.660637054931808,5.168586400275813,0.4715908639010457,45.0,1.0,0.06592770002316684,sampled,True
layout_random_009_n4,layout,random,9,4,,938.0159912109375,930.6817932128906,945.3501892089844,79.44743135019867,79.80580258031543,39.902901290157715,39.723715675099335,29.161629588011817,1.2382957430977597,14.999999999999996,1.8250105601620008,0.08412739995401353,sampled,True
layout_uniform_009_n4,layout,uniform,9,4,,196.6699676513672,193.69747924804688,199.6424560546875,28.163864748785645,28.34021175889592,14.17010587944796,14.081932374392823,4.4768614048513005,0.8439181972183731,0.0,1.0,0.03334850003011525,sampled,True
layout_optimized_009_n4,layout,optimized,9,4,,324.0117416381836,320.2661590576172,327.75732421875,34.340044816198414,34.544839661889085,17.280727264250263,17.179814114611595,9.695770025298302,0.7895509276227439,45.0,1.0,0.04178910003975034,sampled,True
layout_dop_baseline_009_n4,layout,dop_baseline,9,4,,576.927864074707,572.4246368408203,581.4310913085938,37.166691345297885,37.350301791890686,19.086402946014385,19.014689659571243,12.301625276866334,0.5785617547371913,45.0,1.0,0.0520516000688076,sampled,True
layout_random_010_n4,layout,random,10,4,,1209.284294128418,1202.1991424560547,1216.3694458007812,69.961820817288,70.1731431498636,35.0865715749318,34.980910408644,9.541952166435413,0.8174940011189233,14.999999999999972,1.3691006388905957,0.07739329989999533,sampled,True
layout_uniform_010_n4,layout,uniform,10,4,,334.62989044189453,331.1030731201172,338.1567077636719,26.50105082029915,26.68773899373374,13.34386949686687,13.250525410149574,4.835855455077824,0.5566814320179184,0.0,0.9999999999999999,0.04323670000303537,sampled,True
layout_optimized_010_n4,layout,optimized,10,4,,415.51371002197266,411.3713836669922,419.6560363769531,35.350409166269294,35.54594178033241,17.906200038622334,17.81439549648919,6.5091305065797895,0.7017313165347271,45.0,1.0,0.045038900105282664,sampled,True
layout_dop_baseline_010_n4,layout,dop_baseline,10,4,,642.3127212524414,637.6562347412109,646.9692077636719,36.29569116666089,36.4945582683655,19.145379579387434,19.04667613788068,10.259190200773212,0.5253307770160015,45.0,1.0,0.05042990006040782,sampled,True
layout_random_011_n4,layout,random,11,4,,355.1598358154297,350.60284423828125,359.7168273925781,40.01161216029686,40.21659877332407,20.108299386662036,20.00580608014843,12.783581581302814,1.018949840072882,14.99999999999997,1.142020781734048,0.04642450006213039,sampled,True
layout_uniform_011_n4,layout,uniform,11,4,,180.1698760986328,178.46548461914062,181.874267578125,19.725444739371927,19.910856327818532,9.955428163909266,9.862722369685963,9.039090895403474,0.37317971724559307,0.0,1.0,0.023626199923455715,sampled,True
layout_optimized_011_n4,layout,optimized,11,4,,67.62503814697266,66.18699645996094,69.06307983398438,16.171875,16.382963384498314,8.192085205231061,8.086243200743006,6.782010467601237,0.6822569847834135,45.0,1.0,0.027995500015094876,sampled,True
layout_dop_baseline_011_n4,layout,dop_baseline,11,4,,976.1868209838867,971.4549407958984,980.918701171875,38.3359844673138,38.51816041350658,20.4862301975325,20.412875739643976,17.626247035020693,0.3716175864945415,45.0,1.0,0.07165390008594841,sampled,True
layout_random_012_n4,layout,random,12,4,,148.86852264404297,146.53688049316406,151.20016479492188,21.376040784694116,21.586968114647608,11.177824725628149,11.066848816825683,2.315096940614716,0.6657808188775436,0.0,1.0171796054189604,0.033478799974545836,sampled,True
layout_uniform_012_n4,layout,uniform,12,4,,236.2188949584961,233.4423065185547,238.9954833984375,24.500904922900617,24.69490716608196,12.34745358304098,12.250457669850618,6.521533672211047,0.5737982390944016,0.0,1.0,0.041100600035861135,sampled,True
layout_optimized_012_n4,layout,optimized,12,4,,981.9340438842773,976.7275543212891,987.1405334472656,37.76016927002289,37.9075026843714,19.561961175483674,19.473008691655696,15.078108230834982,0.39987217705648687,45.0,1.0,0.06788420001976192,sampled,True
layout_dop_baseline_012_n4,layout,dop_baseline,12,4,,393.84358978271484,389.7766571044922,397.9105224609375,35.19240718793815,35.37159049382004,17.73076719189068,17.638571781979977,10.29454144651593,0.7230463591178269,45.0,1.0,0.055805400013923645,sampled,True
layout_random_013_n4,layout,random,13,4,,518.4748992919922,515.0278015136719,521.9219970703125,36.39444551112848,36.593316340299765,18.296658170149882,18.19722275556424,12.48339679481264,0.48337008275597254,14.999999999999972,1.0327955589886444,0.04831550002563745,sampled,True
layout_uniform_013_n4,layout,uniform,13,4,,615.9119567871094,612.7083435058594,619.1155700683594,35.01887221389079,35.15182003339452,17.578523038925123,17.509436106945394,12.468811151330724,0.36378615871882664,0.0,1.0,0.04851240001153201,sampled,True
layout_optimized_013_n4,layout,optimized,13,4,,368.4013137817383,364.83494567871094,371.9676818847656,34.954330293953966,35.20079989824894,17.60039994912447,17.477165146976983,7.966766608576732,0.6749995554562978,45.0,1.0,0.04785029997583479,sampled,True
layout_dop_baseline_013_n4,layout,dop_baseline,13,4,,340.1904830932617,336.9269256591797,343.45404052734375,34.66235099730191,34.86060848473218,17.439063580352908,17.338031650113443,7.392714075067478,0.6625026032728428,45.0,1.0,0.044779399991966784,sampled,True
layout_random_014_n4,layout,random,14,4,,378.94901275634766,375.38758850097656,382.51043701171875,32.52304668498676,32.70491290502086,16.357260204070894,16.265989090081796,12.77726864324416,0.6090085854895091,14.999999999999996,1.0690449676496976,0.04983529995661229,sampled,True
layout_uniform_014_n4,layout,uniform,14,4,,163.69512176513672,161.13853454589844,166.251708984375,19.518843716003406,19.697667575379484,9.849303698225537,9.759426425864001,6.613380265030501,0.6058139850670938,0.0,0.9999999999999999,0.034852500073611736,sampled,True
layout_optimized_014_n4,layout,optimized,14,4,,537.4462966918945,533.0345306396484,541.8580627441406,35.917301558852266,36.06592626839988,18.471227590165203,18.38988576055446,14.303349410156672,0.5872919131181011,45.0,1.0,0.057411600020714104,sampled,True
layout_dop_baseline_014_n4,layout,dop_baseline,14,4,,333.12139892578125,329.39373779296875,336.84906005859375,31.905957795093155,32.20381583593055,16.115908442928113,15.982978888617257,13.595943251204675,0.7127519524559076,45.0,0.9999999999999999,0.053655800060369074,sampled,True
layout_random_015_n4,layout,random,15,4,,518.5002365112305,513.8350982666016,523.1653747558594,40.326073069286736,40.52300372092876,20.705815497244128,20.60678901481367,2.909814337049855,0.722698494845781,14.999999999999996,1.0690449676496976,0.06531620002351701,sampled,True
layout_uniform_015_n4,layout,uniform,15,4,,1112.7241516113281,1106.3564758300781,1119.0918273925781,47.74922858608719,47.9197613499069,23.95988067495345,23.874614293043596,10.228784333511602,0.5453305909704219,0.0,0.9999999999999999,0.0853853999869898,sampled,True
layout_optimized_015_n4,layout,optimized,15,4,,612.2151947021484,607.5321350097656,616.8982543945312,37.69071377388808,37.887217147007924,19.353450007492462,19.28108577327987,6.182873285246338,0.5752264598376877,45.0,1.0,0.06809790001716465,sampled,True
layout_dop_baseline_015_n4,layout,dop_baseline,15,4,,565.3302154541016,560.7954711914062,569.8649597167969,36.54968600575305,36.767790555910224,18.80372187871532,18.715971730409347,5.063015491428359,0.5851650445686538,45.0,1.0,0.06072339997626841,sampled,True
layout_random_016_n4,layout,random,16,4,,392.94010162353516,388.93373107910156,396.94647216796875,34.891227638380414,35.181131819951624,18.051351960734962,17.905590620162123,9.051137518291746,0.7101645190268722,14.999999999999972,1.0794245481595686,0.05744680005591363,sampled,True
layout_uniform_016_n4,layout,uniform,16,4,,406.2044448852539,402.7320098876953,409.6768798828125,29.123680248565826,29.32629772544175,14.663148862720876,14.561840124282913,10.207111571245463,0.4971413695582543,0.0,1.0,0.039205099921673536,sampled,True
layout_optimized_016_n4,layout,optimized,16,4,,225.91962432861328,222.93910217285156,228.900146484375,25.043887259419215,25.335341256860197,12.671944303736593,12.53230890598643,4.907162392402017,0.6597859118889673,45.0,1.0,0.035714700003154576,sampled,True
layout_dop_baseline_016_n4,layout,dop_baseline,16,4,,716.9796524047852,712.0512542724609,721.9080505371094,36.750541838719236,36.944317958172284,19.952118283486165,19.84446556360114,13.071735945227354,0.5044307443020787,45.0,1.0,0.07071300002280623,sampled,True
layout_random_017_n4,layout,random,17,4,,556.7205047607422,551.6518249511719,561.7891845703125,56.76507583213922,57.020316267845764,28.510158133922882,28.38253791606961,22.91684429050204,1.0289187963744806,0.0,1.4571104554172534,0.06219680001959205,sampled,True
layout_uniform_017_n4,layout,uniform,17,4,,52.165008544921875,50.7139892578125,53.61602783203125,13.565940033919738,13.773355519466744,6.886677759733372,6.782977431224446,1.2814303567267162,0.7455011240135526,0.0,1.0,0.019739800016395748,sampled,True
layout_optimized_017_n4,layout,optimized,17,4,,50.03791809082031,48.610382080078125,51.4654541015625,12.53743053048114,12.685318181396998,6.342659090698499,6.26940094058035,2.2822080242295395,0.7037244236077586,44.999999999999986,1.0,0.02587469993159175,sampled,True
layout_dop_baseline_017_n4,layout,dop_baseline,17,4,,608.0048904418945,603.4299774169922,612.5798034667969,36.74072023901601,36.923971884224905,18.872413910696086,18.788028506606803,17.311058859044692,0.5515165826501967,44.999999999999986,0.9999999999999999,0.0667931999778375,sampled,True
layout_random_018_n4,layout,random,18,4,,631.9269332885742,625.7069549560547,638.1469116210938,64.56856636137194,64.86963574056263,32.434817870281314,32.28428318068597,11.93046339356533,1.2645606251380217,14.999999999999972,1.457110455417254,0.070126699982211,sampled,True
layout_uniform_018_n4,layout,uniform,18,4,,391.14795684814453,387.21327209472656,395.0826416015625,36.38751697494022,36.46426858310449,18.232134291552246,18.19375848747011,5.30077441344432,0.7263057726700775,0.0,1.0,0.04883260000497103,sampled,True
layout_optimized_018_n4,layout,optimized,18,4,,817.63330078125,812.5213623046875,822.7452392578125,37.32924993072624,37.48783982527701,20.573723786703503,20.475402656876557,12.063048276859979,0.4658441560328381,45.0,1.0,0.06384199997410178,sampled,True
layout_dop_baseline_018_n4,layout,dop_baseline,18,4,,886.0135116577148,880.8045501708984,891.2224731445312,37.79429321807084,37.9287549769507,20.759457205905445,20.685321757151215,12.226062464473417,0.4433672396539581,45.0,1.0,0.07673870003782213,sampled,True
layout_random_019_n4,layout,random,19,4,,1288.9247360229492,1280.8631744384766,1296.9862976074219,90.56274565669322,90.79029241755764,45.39514620877882,45.28137282834661,6.086646314063162,1.1286341805562548,0.0,1.5977074401405165,0.10512730001937598,sampled,True
layout_uniform_019_n4,layout,uniform,19,4,,826.3134613037109,821.3090515136719,831.31787109375,41.45603176354532,41.61704157450482,20.80863962123226,20.728042349499603,7.758120073493905,0.501056785929308,0.0,1.0,0.06975060002878308,sampled,True
layout_optimized_019_n4,layout,optimized,19,4,,757.1088638305664,752.2521514892578,761.965576171875,37.54980457321087,37.68710645783333,19.928641475653414,19.850839550178563,6.985466327233686,0.4804296697012019,44.999999999999986,1.0,0.06605380005203187,sampled,True
layout_dop_baseline_019_n4,layout,dop_baseline,19,4,,654.2823944091797,649.6487731933594,658.916015625,36.250509324277516,36.44935166524099,19.266757433398237,19.16772519106999,5.633775978798061,0.5126373776747767,44.999999999999986,0.9999999999999999,0.06769089994486421,sampled,True
layout_random_020_n4,layout,random,20,4,,353.27870178222656,348.8354187011719,357.72198486328125,42.278953608301265,42.47020511786947,21.235102558934734,21.139476804150632,11.770449820171734,1.0550491825168313,14.999999999999972,1.1420207817340478,0.06414189992938191,sampled,True
layout_uniform_020_n4,layout,uniform,20,4,,139.17054748535156,136.0447998046875,142.29629516601562,28.3041656555538,28.46640443822551,14.233207315111525,14.1520828277769,10.478962064122477,1.2506129909540922,0.0,1.0,0.04311320011038333,sampled,True
layout_optimized_020_n4,layout,optimized,20,4,,474.5914535522461,470.34901428222656,478.8338928222656,35.24368034690094,35.440917803933296,18.030177466411416,17.94386461927213,15.797418328816304,0.6280087675946963,44.999999999999986,1.0,0.0646285000257194,sampled,True
layout_dop_baseline_020_n4,layout,dop_baseline,20,4,,890.2819061279297,885.0055847167969,895.5582275390625,38.05491525029364,38.213339796187746,21.131726171204473,21.041306977040144,18.06708579689275,0.4502797400713388,44.999999999999986,1.0,0.07425189996138215,sampled,True
layout_random_021_n4,layout,random,21,4,,1053.2224731445312,1047.4134521484375,1059.031494140625,52.80108280805541,53.02336440524651,26.511682202623255,26.400541404027706,22.665430218186426,0.5816896642220292,0.0,1.2060453783110545,0.08364329999312758,sampled,True
layout_uniform_021_n4,layout,uniform,21,4,,998.201774597168,991.9323577880859,1004.47119140625,45.3312545374541,45.51326549947588,22.75663274973794,22.66562726872705,19.415855924342086,0.5681429874741392,0.0,0.9999999999999999,0.08637629996519536,sampled,True
layout_optimized_021_n4,layout,optimized,21,4,,52.7904052734375,51.43084716796875,54.14996337890625,14.17054198871399,14.4197206882298,7.2098603441149,7.085270994356995,2.552303166987669,0.724079830048972,45.0,1.0,0.024079499999061227,sampled,True
layout_dop_baseline_021_n4,layout,dop_baseline,21,4,,50.48595428466797,49.35072326660156,51.621185302734375,12.448490060451357,12.701870902117628,6.350935451058814,6.224245030225679,2.545767194512547,0.5586682192977561,45.0,1.0,0.021620600018650293,sampled,True
layout_random_022_n4,layout,random,22,4,,784.8908157348633,779.5669097900391,790.2147216796875,49.27115513681027,49.50064918785946,24.75032459392973,24.635577568405136,13.424789675012734,0.6670004829161545,15.000000000000028,1.1420207817340478,0.07095229998230934,sampled,True
layout_uniform_022_n4,layout,uniform,22,4,,357.7046813964844,354.38983154296875,361.01953125,28.26934152338918,28.468314777820314,14.234157388910157,14.13467076169459,1.3835474234023868,0.522787167466272,0.0,1.0,0.04584400006569922,sampled,True
layout_optimized_022_n4,layout,optimized,22,4,,545.9651641845703,541.4328918457031,550.4974365234375,37.698124085560444,37.89589364143314,19.09155070777961,18.99378049582725,6.981605670129963,0.6239974943113397,45.0,1.0,0.06423049990553409,sampled,True
layout_dop_baseline_022_n4,layout,dop_baseline,22,4,,884.8226623535156,879.6316223144531,890.0137023925781,37.99718986962432,38.151772426164065,20.860016620146283,20.760453877473743,10.596678654438948,0.44504343628197574,45.0,1.0,0.07484769995789975,sampled,True
layout_random_023_n4,layout,random,23,4,,1020.6808319091797,1015.0609130859375,1026.3007507324219,56.94470423858844,57.14196124873176,28.57098062436588,28.47235211929422,8.96929265718557,0.6258071688821153,0.0,1.2822060080950521,0.09046440001111478,sampled,True
layout_uniform_023_n4,layout,uniform,23,4,,841.5565795898438,836.5855407714844,846.5276184082031,41.54882771184424,41.75366779594414,20.87683389797207,20.77441385592212,9.211726537187975,0.49037762952804975,0.0,1.0,0.22001469996757805,sampled,True
layout_optimized_023_n4,layout,optimized,23,4,,825.5613784790039,820.4228668212891,830.6998901367188,37.441818879768526,37.58938078568949,20.73129311323368,20.645885892979692,8.945791441549789,0.4650379124084345,44.999999999999986,1.0,0.07416089996695518,sampled,True
layout_dop_baseline_023_n4,layout,dop_baseline,23,4,,565.3178558349609,560.7361450195312,569.8995666503906,37.60614615995511,37.76278773087378,19.078375893849042,18.989112475558947,5.050556457428017,0.6071882945419373,44.999999999999986,1.0,0.06403119990136474,sampled,True
layout_random_024_n4,layout,random,24,4,,441.8174514770508,438.3845672607422,445.2503356933594,34.89009407483421,35.07522694737921,17.538067378212777,17.445617188054257,9.534713526016477,0.5408606499244725,44.99999999999997,1.0,0.049289199989289045,sampled,True
layout_uniform_024_n4,layout,uniform,24,4,,961.0549392700195,956.7890167236328,965.3208618164062,43.860687268843755,44.05907150890226,22.031871309594102,21.9326880862865,14.182110235885597,0.3894095610220789,0.0,1.0,0.06327110005076975,sampled,True
layout_optimized_024_n4,layout,optimized,24,4,,616.5132522583008,612.3066558837891,620.7198486328125,38.195999623089214,38.342754323105574,19.489480654902277,19.404862901693097,12.30903336479526,0.5196949692510388,44.999999999999986,0.9999999999999999,0.06478970008902252,sampled,True
layout_dop_baseline_024_n4,layout,dop_baseline,24,4,,214.58585357666016,212.0057830810547,217.16592407226562,26.178779989306523,26.425248574176766,13.232008199694304,13.10558198463271,6.188738331859084,0.6278978111002925,44.999999999999986,0.9999999999999999,0.040826500044204295,sampled,True
layout_random_025_n4,layout,random,25,4,,688.6520233154297,683.31884765625,693.9851989746094,49.581531310260196,49.77300646787938,24.88650323393969,24.790765655130098,11.475028670759643,0.7649966799606034,15.0,1.2060453783110545,0.06779649993404746,sampled,True
layout_uniform_025_n4,layout,uniform,25,4,,139.48324584960938,136.59356689453125,142.3729248046875,23.876503782198267,24.081492352547034,12.040746176273517,11.938251891099133,6.425281795785969,0.9775423487786472,8.537736562175269e-07,1.0,0.03961860004346818,sampled,True
layout_optimized_025_n4,layout,optimized,25,4,,389.68519592285156,386.2801208496094,393.09027099609375,33.05405507105936,33.229482185675494,16.677342287191287,16.579965600493903,11.340799379538076,0.5756890456762963,45.0,1.0,0.05375660001300275,sampled,True
layout_dop_baseline_025_n4,layout,dop_baseline,25,4,,364.8837661743164,361.3198699951172,368.4476623535156,31.828582355881895,32.0714420096466,16.090965826059772,15.975336940418671,10.82355639698173,0.6204370461165892,45.0,1.0,0.05428329994902015,sampled,True
layout_random_026_n4,layout,random,26,4,,852.6066970825195,847.7326812744141,857.480712890625,42.99636683529384,43.178802630249386,21.589401315124693,21.49818341764692,8.196826861687805,0.4908662397442069,0.0,1.1420207817340478,0.06120539992116392,sampled,True
layout_uniform_026_n4,layout,uniform,26,4,,1015.5861968994141,1009.494140625,1021.6782531738281,45.759583516926575,45.95990963282055,22.979954816410274,22.879791758463288,8.752568901868829,0.54809888530042,0.0,1.0,0.07519000000320375,sampled,True
layout_optimized_026_n4,layout,optimized,26,4,,715.6596450805664,710.7806854248047,720.5386047363281,36.91238835489381,37.127263780412264,19.932164826455217,19.850457268306165,6.525483593197667,0.5027972711600692,45.0,1.0,0.06987140001729131,sampled,True
layout_dop_baseline_026_n4,layout,dop_baseline,26,4,,652.4068222045898,647.6823577880859,657.1312866210938,36.681971274749706,36.83791252658606,19.32578363785073,19.25371542818433,5.541639870203311,0.5296944779635538,45.0,1.0,0.06714569998439401,sampled,True
layout_random_027_n4,layout,random,27,4,,63.43018341064453,61.51011657714844,65.35025024414062,19.344564836684828,19.743294265573596,9.871647132786798,9.672282418342414,4.93409288675291,1.160162183363036,0.0,1.5977074401405162,0.031674299971200526,sampled,True
layout_uniform_027_n4,layout,uniform,27,4,,27.42908477783203,26.356887817382812,28.50128173828125,8.54246236925151,8.690636377419738,4.345318188709869,4.271231184625755,1.409898039835392,0.6538705166879119,0.0,1.0,0.019163800054229796,sampled,True
layout_optimized_027_n4,layout,optimized,27,4,,507.3493881225586,502.9017791748047,511.7969970703125,37.09892328144549,37.281342499099416,18.70621084637684,18.606356045583656,19.023577029603803,0.6479632879146908,45.0,1.0,0.0655274000018835,sampled,True
layout_dop_baseline_027_n4,layout,dop_baseline,27,4,,520.1792907714844,515.722412109375,524.6361694335938,37.13172435550605,37.21604160091997,18.741798304552443,18.66475406039475,19.004683497648983,0.6323139400716056,45.0,0.9999999999999999,0.06299549993127584,sampled,True
layout_random_028_n4,layout,random,28,4,,654.6086883544922,649.3867492675781,659.8306274414062,45.47604645064531,45.76414796289265,22.882073981446325,22.738023225322657,5.343683408512646,0.7243604133788688,29.999999999999964,1.1094003924504583,0.07026629999745637,sampled,True
layout_uniform_028_n4,layout,uniform,28,4,,650.135124206543,645.1758270263672,655.0944213867188,37.679398761982036,37.86241620704041,18.931208103520206,18.839699380991018,6.651506842029744,0.5732638465543316,0.0,1.0,0.07028089999221265,sampled,True
layout_optimized_028_n4,layout,optimized,28,4,,515.4900512695312,511.0480041503906,519.9320983886719,36.98614613748661,37.17244393874186,18.657483323381307,18.577398571048512,3.067963799438663,0.6351665843337448,45.0,1.0,0.06290459993761033,sampled,True
layout_dop_baseline_028_n4,layout,dop_baseline,28,4,,575.207405090332,570.6300201416016,579.7847900390625,37.065459623740544,37.199565564972076,18.84893082628439,18.75789237598162,4.978526503494867,0.5873790911449857,45.0,1.0,0.06321240006946027,sampled,True
layout_random_029_n4,layout,random,29,4,,329.48087310791016,324.47337341308594,334.4883728027344,49.03932698172267,49.44923711020474,24.72461855510237,24.519663490861333,16.603331688309197,1.4805718815504156,14.99999999999997,1.2482976007946427,0.06036040000617504,sampled,True
layout_uniform_029_n4,layout,uniform,29,4,,67.10099029541016,65.27732849121094,68.92465209960938,14.204604270119711,14.408402089796425,7.204201044898213,7.102302135059856,3.8493505693499714,0.7624573139007504,0.0,0.9999999999999999,0.020203299936838448,sampled,True
layout_optimized_029_n4,layout,optimized,29,4,,37.857513427734375,36.564697265625,39.15032958984375,12.09375,12.375199749808333,6.1875998749041665,6.046875,0.070482635041493,0.8173038854842477,45.0,1.0,0.0192799000069499,sampled,True
layout_dop_baseline_029_n4,layout,dop_baseline,29,4,,455.41859436035156,451.6872253417969,459.14996337890625,35.45761845215818,35.64538633392169,17.90260698535796,17.805065050295333,16.228123429781117,0.5793579476387626,45.0,1.0,0.057848499971441925,sampled,True
number_optimized_000_n2,number,optimized,0,2,,1245.2983703613281,1239.2297973632812,1251.366943359375,50.13426705025232,50.37442871981435,25.187214359907173,25.06713352512616,12.55442065811315,0.4885871399166557,90.0,1.4142135623730951,0.07797380001284182,sampled,True
number_optimized_000_n3,number,optimized,0,3,,601.8726654052734,596.5617370605469,607.18359375,49.083614709087556,49.37104229094755,24.685521145473775,24.541807354543778,5.089678865972004,0.8636796863771887,45.0,1.224744871391589,0.07699610001873225,sampled,True
number_optimized_000_n4,number,optimized,0,4,,395.8594436645508,391.79127502441406,399.9276123046875,34.829359153352264,35.09685607915081,17.54939984552209,17.41576993846259,10.018324280789859,0.7140288636025225,45.0,1.0,0.04648869996890426,sampled,True
number_optimized_000_n5,number,optimized,0,5,,395.8594436645508,391.79127502441406,399.9276123046875,34.829359153352264,35.09685607915081,17.54939984552209,17.41576993846259,10.018324280789859,0.7140288636025225,14.99999999999997,0.9128709291752768,0.059871100005693734,sampled,True
number_optimized_000_n6,number,optimized,0,6,,272.2799377441406,269.17767333984375,275.3822021484375,26.36231204924999,26.51676324346839,13.493396788228026,13.417304904115838,6.0968342548367085,0.5974388329064096,14.99999999999997,0.828078671210825,0.047317299991846085,sampled,True
number_optimized_001_n2,number,optimized,1,2,,1210.4170532226562,1204.4300537109375,1216.404052734375,49.280987435889,49.472026897151686,24.742900856793046,24.647101178542286,15.913551194506956,0.48699114444937236,90.0,1.4142135623730951,0.08119290007743984,sampled,True
number_optimized_001_n3,number,optimized,1,3,,1105.126075744629,1099.5253143310547,1110.7268371582031,49.280987435889,49.472026897151686,24.736013448575843,24.6404937179445,16.031294906155008,0.498918383939989,45.0,1.224744871391589,0.07356449996586889,sampled,True
number_optimized_001_n4,number,optimized,1,4,,365.1074752807617,361.20863342285156,369.0063171386719,34.694000129986904,34.87478736074288,17.48335494801118,17.39179087181943,8.294286713158066,0.7369590949126362,45.0,1.0,0.056369800004176795,sampled,True
number_optimized_001_n5,number,optimized,1,5,,354.06909942626953,350.3865509033203,357.75164794921875,31.767091010809636,31.950204252208035,16.017384888923708,15.925652435061776,7.795979377076018,0.6577645590250117,15.000000000000018,0.9128709291752769,0.047044800012372434,sampled,True
number_optimized_001_n6,number,optimized,1,6,,313.9170227050781,310.44891357421875,317.3851318359375,31.767091010809636,31.950204252208035,15.975102126104018,15.883545505404818,8.142216193809054,0.698248178539018,14.999999999999972,0.828078671210825,0.05549780000001192,sampled,True
number_optimized_002_n2,number,optimized,2,2,,1239.7853622436523,1233.0586395263672,1246.5120849609375,49.896243970398366,50.093350966322426,25.046675483161213,24.948121985199183,9.114722433712574,0.5406511272462456,90.0,1.4142135623730951,0.09027189994230866,sampled,True
number_optimized_002_n3,number,optimized,2,3,,989.5247039794922,983.6328735351562,995.4165344238281,49.287407470430516,49.45923392363149,24.729616961815744,24.643703735215258,5.870347479903217,0.5854944339526317,45.0,1.224744871391589,0.07887990004383028,sampled,True
number_optimized_002_n4,number,optimized,2,4,,725.1950912475586,720.3050079345703,730.0851745605469,37.28701110989946,37.489949825128136,19.86114788260628,19.765501805016306,4.356194547391664,0.5022125758271327,45.0,1.0,0.06254910002462566,sampled,True
number_optimized_002_n5,number,optimized,2,5,,503.54200744628906,499.5090637207031,507.574951171875,33.65531150763251,33.86129111733356,17.121347184880435,17.02381402625734,9.183938574306973,0.538090704581074,15.000000000000018,0.9128709291752769,0.051573899923823774,sampled,True
number_optimized_002_n6,number,optimized,2,6,,403.3648223876953,400.07098388671875,406.6586608886719,29.922450732874943,30.170290004005285,15.085145002002642,14.961225366437471,8.253886315005015,0.4887443566732564,14.999999999999972,0.828078671210825,0.052459900034591556,sampled,True
number_optimized_003_n2,number,optimized,3,2,,1242.9352111816406,1236.1720275878906,1249.6983947753906,50.00721688639207,50.24742005970307,25.123710029851534,25.003608443196036,15.346808726671961,0.5438632687643434,90.0,1.4142135623730951,0.081822199979797,sampled,True
number_optimized_003_n3,number,optimized,3,3,,512.0707626342773,507.0644989013672,517.0770263671875,45.44040172184417,45.63709171961991,22.818545859809955,22.720200860922084,11.574262438963379,0.8837032221547014,45.0,1.224744871391589,0.06595369998831302,sampled,True
number_optimized_003_n4,number,optimized,3,4,,87.29722595214844,85.28878784179688,89.3056640625,18.440986329549748,18.681040180006875,9.340520090003437,9.220493164774874,4.254810346028764,0.8402538278485155,45.0,1.0,0.03215430001728237,sampled,True
number_optimized_003_n5,number,optimized,3,5,,69.62606048583984,67.84812927246094,71.40399169921875,14.58183609315563,14.834771133061423,7.648576426231245,7.521382542339832,3.023241871183523,0.7387598931977033,15.000000000000018,0.9128709291752769,0.02926169999409467,sampled,True
number_optimized_003_n6,number,optimized,3,6,,69.62606048583984,67.84812927246094,71.40399169921875,14.58183609315563,14.834771133061423,7.648576426231245,7.521382542339832,3.023241871183523,0.7387598931977033,14.999999999999972,0.828078671210825,0.030258100014179945,sampled,True
number_optimized_004_n2,number,optimized,4,2,,1226.7898406982422,1219.8573303222656,1233.7223510742188,49.359375,49.57036236699619,24.785181183498096,24.6796875,10.631919787330776,0.5570897716992823,90.0,1.4142135623730951,0.08395930007100105,sampled,True
number_optimized_004_n3,number,optimized,4,3,,1100.776107788086,1094.8719177246094,1106.6802978515625,49.25943909635889,49.436888255736285,24.718444127868143,24.629719548179445,10.641308814870207,0.5274961250785174,45.0,1.224744871391589,0.07841930002905428,sampled,True
number_optimized_004_n4,number,optimized,4,4,,253.6156768798828,250.79644775390625,256.4349060058594,29.807275854187953,30.027306908150287,15.013653454075143,14.917954044627463,3.6103514969258583,0.6602366232322541,45.0,1.0,0.040857500047422945,sampled,True
number_optimized_004_n5,number,optimized,4,5,,210.62892150878906,208.09149169921875,213.16635131835938,24.68684791959229,24.954103377813937,12.477051688906968,12.343423959796144,4.194865940967092,0.5940833099629155,14.999999999999996,0.9128709291752769,0.043832499999552965,sampled,True
number_optimized_004_n6,number,optimized,4,6,,210.62892150878906,208.09149169921875,213.16635131835938,24.68684791959229,24.954103377813937,12.477051688906968,12.343423959796144,4.194865940967092,0.5940833099629155,14.999999999999972,0.828078671210825,0.04276040010154247,sampled,True
number_optimized_005_n2,number,optimized,5,2,,1236.3852310180664,1229.4224395751953,1243.3480224609375,49.74610617270163,49.92207306298738,24.96103653149369,24.873053086350815,12.30625417704244,0.5591306325406161,90.0,1.414213562373095,0.08584349998272955,sampled,True
number_optimized_005_n3,number,optimized,5,3,,390.45581817626953,386.69911193847656,394.2125244140625,39.761734292105714,40.07818667758412,20.03909333879206,19.880867146052857,11.895085774015401,0.7638619504283839,45.0,1.224744871391589,0.06540009996388108,sampled,True
number_optimized_005_n4,number,optimized,5,4,,177.12879180908203,174.41770935058594,179.83987426757812,26.251527578320324,26.599786559661176,13.300269211350656,13.12614831321589,5.999261890535928,0.801982486201487,44.999999999999986,1.0,0.04029489995446056,sampled,True
number_optimized_005_n5,number,optimized,5,5,,176.16783142089844,173.54635620117188,178.789306640625,25.471570491830935,25.821158741805746,12.910992502832743,12.736221038589884,5.936516279991854,0.7571988398873186,15.000000000000018,0.9128709291752769,0.03631750005297363,sampled,True
number_optimized_005_n6,number,optimized,5,6,,170.07762908935547,167.78306579589844,172.3721923828125,23.400703536974923,23.648948520246755,11.824852637245773,11.700948649078006,6.273473712152473,0.6296144227591077,14.999999999999972,0.828078671210825,0.03580850001890212,sampled,True
number_optimized_006_n2,number,optimized,6,2,,1216.0802307128906,1210.1921081542969,1221.9683532714844,49.29663480527854,49.42868731207143,24.726480755421324,24.657399785700797,8.14760918223726,0.4763497647458693,90.0,1.4142135623730951,0.07651849999092519,sampled,True
number_optimized_006_n3,number,optimized,6,3,,871.0960693359375,865.7023315429688,876.4898071289062,49.29663480527854,49.42868731207143,24.714343656035716,24.64831740263927,11.728288847617781,0.608347927479651,45.0,1.2247448713915892,0.07103949994780123,sampled,True
number_optimized_006_n4,number,optimized,6,4,,735.7940826416016,730.9355163574219,740.6526489257812,37.51875263540096,37.7156276216442,19.80565816683401,19.728625440132816,11.016051291755998,0.4948173128523004,45.0,1.0,0.07047480007167906,sampled,True
number_optimized_006_n5,number,optimized,6,5,,732.5416488647461,727.7232513427734,737.3600463867188,37.51875263540096,37.7156276216442,19.588291959487375,19.501728879505233,11.040082804137155,0.4929176392518117,14.999999999999996,0.9128709291752769,0.06554029998369515,sampled,True
number_optimized_006_n6,number,optimized,6,6,,428.68226623535156,424.775390625,432.5891418457031,31.60106902426819,31.797579460869542,16.746329461505333,16.648339947549346,14.509062376882202,0.5743518532797448,14.999999999999996,0.828078671210825,0.056574400048702955,sampled,True
number_optimized_007_n2,number,optimized,7,2,,1241.9365539550781,1237.5439453125,1246.3291625976562,50.066573416618404,50.31506689880527,25.157533449402635,25.033286708309202,17.542766203469288,0.35466456911100475,90.0,1.4142135623730951,0.06716510001569986,sampled,True
number_optimized_007_n3,number,optimized,7,3,,1122.351058959961,1117.9473266601562,1126.7547912597656,49.280034390722385,49.43013757796515,24.715068788982574,24.640017195361192,16.821692640665113,0.3863788201734668,45.0,1.224744871391589,0.06710639991797507,sampled,True
number_optimized_007_n4,number,optimized,7,4,,408.9865951538086,405.72056579589844,412.25262451171875,35.44196400455257,35.638381532853735,17.879051927327495,17.78235725194197,11.016581673928385,0.5646828834264693,45.0,1.0,0.04924020008184016,sampled,True
number_optimized_007_n5,number,optimized,7,5,,265.9864196777344,263.4403381347656,268.5325012207031,29.21769926252429,29.38641940604218,14.69320970302109,14.608849631262146,6.423275398827247,0.5572526209940524,15.000000000000018,0.9128709291752769,0.047114099957980216,sampled,True
number_optimized_007_n6,number,optimized,7,6,,265.9864196777344,263.4403381347656,268.5325012207031,29.21769926252429,29.38641940604218,14.69320970302109,14.608849631262146,6.423275398827247,0.5572526209940524,15.0,0.828078671210825,0.04939250007737428,sampled,True
number_optimized_008_n2,number,optimized,8,2,,1204.973876953125,1200.1214904785156,1209.8262634277344,49.27100462719079,49.46987830855541,24.739837535471015,24.640420075227798,10.745905424602991,0.39682882685137627,90.0,1.4142135623730951,0.06811049999669194,sampled,True
number_optimized_008_n3,number,optimized,8,3,,1012.6254501342773,1007.7897491455078,1017.4611511230469,49.27100462719079,49.46987830855541,24.73672846633357,24.63729880959601,7.882150670992315,0.4702322819636766,45.0,1.224744871391589,0.06268329999875277,sampled,True
number_optimized_008_n4,number,optimized,8,4,,898.2958831787109,893.5411376953125,903.0506286621094,37.88092055171974,38.047119641153934,20.749469839960373,20.66916479348921,7.525129767093233,0.400651667865202,45.0,1.0,0.06998459994792938,sampled,True
number_optimized_008_n5,number,optimized,8,5,,649.5121994018555,645.1659393310547,653.8584594726562,36.80001355046562,37.00368584497065,19.68368976095957,19.58107639084286,3.881254954542992,0.49193411794400027,15.000000000000018,0.9128709291752769,0.061792499967850745,sampled,True
number_optimized_008_n6,number,optimized,8,6,,546.7055053710938,542.7800903320312,550.6309204101562,35.73303801950676,35.93360882466528,18.03015050777837,17.928549054774493,4.59961399717457,0.5123371146068619,14.999999999999972,0.828078671210825,0.0575134000973776,sampled,True
number_optimized_009_n2,number,optimized,9,2,,1212.2790298461914,1206.3939971923828,1218.1640625,49.27185750895548,49.46453141559174,24.73894442220414,24.643777831009757,10.65918424464366,0.4779329674012583,90.0,1.4142135623730951,0.06796540005598217,sampled,True
number_optimized_009_n3,number,optimized,9,3,,324.6488800048828,320.8359375,328.4618225097656,35.312418763733994,35.565408115112795,17.787274865723596,17.661946647041713,9.714348345816788,0.8257206592196014,45.0,1.224744871391589,0.044362899963743985,sampled,True
number_optimized_009_n4,number,optimized,9,4,,324.0117416381836,320.2661590576172,327.75732421875,34.340044816198414,34.544839661889085,17.280727264250263,17.179814114611595,9.695770025298302,0.7895509276227439,45.0,1.0,0.042116799973882735,sampled,True
number_optimized_009_n5,number,optimized,9,5,,216.1530532836914,212.7201690673828,219.5859375,34.340044816198414,34.544839661889085,17.272419830944543,17.170022408099207,9.318871987390107,1.0801095569265233,15.000000000000043,0.9128709291752769,0.04806520009879023,sampled,True
number_optimized_009_n6,number,optimized,9,6,,215.7179946899414,212.3320770263672,219.10391235351562,33.61617756079397,33.82097030285445,16.910485151427224,16.808088780396986,9.351819265712841,1.0453032948392857,14.999999999999972,0.828078671210825,0.04054550000000745,sampled,True
number_optimized_010_n2,number,optimized,10,2,,1253.2394256591797,1246.4725341796875,1260.0063171386719,50.451117396763685,50.62348630549516,25.31174315274758,25.225558698381843,16.63186929163571,0.5437490804344012,90.0,1.4142135623730951,0.07131850009318441,sampled,True
number_optimized_010_n3,number,optimized,10,3,,424.913818359375,420.3630065917969,429.4646301269531,41.192954829532326,41.457552239553564,20.728776119776782,20.596477414766163,6.558876174130893,0.8786079381250754,45.0,1.224744871391589,0.04884810000658035,sampled,True
number_optimized_010_n4,number,optimized,10,4,,415.51371002197266,411.3713836669922,419.6560363769531,35.350409166269294,35.54594178033241,17.906200038622334,17.81439549648919,6.5091305065797895,0.7017313165347271,45.0,1.0,0.046893600025214255,sampled,True
number_optimized_010_n5,number,optimized,10,5,,268.1264877319336,264.4797821044922,271.773193359375,31.196729987517323,31.38821193749036,15.72244369921857,15.625713697894735,7.811016241215119,0.8423462792109193,14.999999999999996,0.9128709291752768,0.04084660008084029,sampled,True
number_optimized_010_n6,number,optimized,10,6,,199.5553207397461,196.81333923339844,202.29730224609375,22.217248020831487,22.422192125370596,11.80263051677046,11.701764967993748,4.55205446231813,0.6078305094226969,14.999999999999972,0.828078671210825,0.03242049994878471,sampled,True
number_optimized_011_n2,number,optimized,11,2,,1244.6396026611328,1240.1271057128906,1249.152099609375,50.215630007700916,50.41450378990963,25.207251894954815,25.107815003850458,16.432237365021223,0.3642395422787216,90.0,1.4142135623730951,0.05473820003680885,sampled,True
number_optimized_011_n3,number,optimized,11,3,,493.2934112548828,489.3000183105469,497.28680419921875,44.54997447620008,44.798554233655594,22.399277116827797,22.27498723810004,11.130899164161702,0.7194971951094139,45.0,1.224744871391589,0.06745009997393936,sampled,True
number_optimized_011_n4,number,optimized,11,4,,67.62503814697266,66.18699645996094,69.06307983398438,16.171875,16.382963384498314,8.192085205231061,8.086243200743006,6.782010467601237,0.6822569847834135,45.0,1.0,0.02701419999357313,sampled,True
number_optimized_011_n5,number,optimized,11,5,,67.62503814697266,66.18699645996094,69.06307983398438,16.171875,16.382963384498314,8.192085205231061,8.086243200743006,6.782010467601237,0.6822569847834135,15.000000000000018,0.9128709291752768,0.02932829991914332,sampled,True
number_optimized_011_n6,number,optimized,11,6,,67.62503814697266,66.18699645996094,69.06307983398438,16.171875,16.382963384498314,8.192085205231061,8.086243200743006,6.782010467601237,0.6822569847834135,14.999999999999972,0.828078671210825,0.02771350007969886,sampled,True
number_optimized_012_n2,number,optimized,12,2,,1221.7693634033203,1215.731689453125,1227.8070373535156,49.27501805971416,49.46588068609293,24.746390477508047,24.65058172831693,16.618610277086745,0.48649152538763557,90.0,1.4142135623730951,0.07533359993249178,sampled,True
number_optimized_012_n3,number,optimized,12,3,,1104.1929244995117,1098.5587921142578,1109.8270568847656,49.27501805971416,49.46588068609293,24.732940343046465,24.63750902985708,16.550399653091457,0.5022355845619996,45.0,1.224744871391589,0.07250500004738569,sampled,True
number_optimized_012_n4,number,optimized,12,4,,981.9340438842773,976.7275543212891,987.1405334472656,37.76016927002289,37.9075026843714,19.561961175483674,19.473008691655696,15.078108230834982,0.39987217705648687,45.0,1.0,0.07366680004633963,sampled,True
number_optimized_012_n5,number,optimized,12,5,,627.3446044921875,622.7443542480469,631.9448547363281,37.60989269222012,37.79700741502229,18.898503707511146,18.80494634611006,14.177867439089143,0.5502875489390257,14.99999999999997,0.9128709291752768,0.06786139996256679,sampled,True
number_optimized_012_n6,number,optimized,12,6,,356.0064697265625,352.52105712890625,359.49188232421875,32.01535905361724,32.17716953459102,16.08858476729551,16.00767952680862,7.833078699631448,0.6239401642546014,14.99999999999997,0.828078671210825,0.0529553999658674,sampled,True
number_optimized_013_n2,number,optimized,13,2,,1225.2788772583008,1220.4716033935547,1230.0861511230469,49.469853324418224,49.619008661074766,24.809504330537383,24.734926662209112,19.636416814680928,0.38783001225275016,90.0,1.4142135623730951,0.050673000048846006,sampled,True
number_optimized_013_n3,number,optimized,13,3,,1113.198143005371,1108.3574981689453,1118.0387878417969,49.290642249113354,49.439738265150254,24.719869132575127,24.645321124556677,19.745638805168383,0.4281071754396157,45.0,1.224744871391589,0.05051490000914782,sampled,True
number_optimized_013_n4,number,optimized,13,4,,368.4013137817383,364.83494567871094,371.9676818847656,34.954330293953966,35.20079989824894,17.60039994912447,17.477165146976983,7.966766608576732,0.6749995554562978,45.0,1.0,0.039318099967204034,sampled,True
number_optimized_013_n5,number,optimized,13,5,,135.16046905517578,132.8152313232422,137.50570678710938,24.219058717790443,24.375732410871397,12.187866205435698,12.109529358895221,9.162322371661002,0.8314838522593071,15.000000000000018,0.9128709291752769,0.030338100041262805,sampled,True
number_optimized_013_n6,number,optimized,13,6,,24.55052947998047,23.437545776367188,25.66351318359375,11.960567535917766,12.247299208014189,6.1236496040070945,5.980283767958883,1.6305582973434727,1.0622898224635693,14.999999999999972,0.828078671210825,0.014647600008174777,sampled,True
number_optimized_014_n2,number,optimized,14,2,,1241.1208190917969,1234.4120178222656,1247.8296203613281,49.98237146510148,50.17953424194251,25.089767120971256,24.99118573255074,16.470489159602895,0.5395680909214997,90.0,1.414213562373095,0.0751705999718979,sampled,True
number_optimized_014_n3,number,optimized,14,3,,583.2695846557617,577.9741058349609,588.5650634765625,48.23176127211359,48.453679883351285,24.226839941675642,24.115880636056794,14.129534081465211,0.871901686099196,45.0,1.224744871391589,0.05461770005058497,sampled,True
number_optimized_014_n4,number,optimized,14,4,,537.4462966918945,533.0345306396484,541.8580627441406,35.917301558852266,36.06592626839988,18.471227590165203,18.38988576055446,14.303349410156672,0.5872919131181011,45.0,1.0,0.050400499952957034,sampled,True
number_optimized_014_n5,number,optimized,14,5,,537.2435989379883,532.8516082763672,541.6355895996094,35.917301558852266,36.06592626839988,18.39704376196623,18.316670803183772,14.303539023068998,0.584899568695703,15.000000000000018,0.9128709291752768,0.056746500078588724,sampled,True
number_optimized_014_n6,number,optimized,14,6,,208.72059631347656,205.95327758789062,211.4879150390625,28.754288063369785,28.935964457099058,14.467982228549529,14.377144031684892,5.7874810253759295,0.7572540139726588,14.999999999999972,0.828078671210825,0.03865919995587319,sampled,True
number_optimized_015_n2,number,optimized,15,2,,1231.4988555908203,1224.8110656738281,1238.1866455078125,49.60637816981757,49.753931858211594,24.876965929105797,24.803189084908784,9.988121018321811,0.5374696052800617,90.0,1.414213562373095,0.0873500999296084,sampled,True
number_optimized_015_n3,number,optimized,15,3,,1089.7686309814453,1083.7828674316406,1095.75439453125,49.305308930880166,49.478871778178274,24.739435889089137,24.652654465440083,10.817398965684607,0.5405752030809362,45.0,1.224744871391589,0.08193069999106228,sampled,True
number_optimized_015_n4,number,optimized,15,4,,612.2151947021484,607.5321350097656,616.8982543945312,37.69071377388808,37.887217147007924,19.353450007492462,19.28108577327987,6.182873285246338,0.5752264598376877,45.0,1.0,0.05742720002308488,sampled,True
number_optimized_015_n5,number,optimized,15,5,,520.6891250610352,516.6110687255859,524.7671813964844,29.93859682881155,30.08890330422133,16.03972721604471,15.958703503505932,3.5543028600660573,0.4676521211557639,15.000000000000043,0.9128709291752768,0.05862240004353225,sampled,True
number_optimized_015_n6,number,optimized,15,6,,476.8341064453125,473.30914306640625,480.35906982421875,29.93859682881155,30.08890330422133,15.077653561409353,15.00233042380794,3.9706163415185096,0.4415958349558949,14.999999999999972,0.828078671210825,0.05616919999010861,sampled,True
number_optimized_016_n2,number,optimized,16,2,,1229.634407043457,1223.601058959961,1235.6677551269531,49.48426707538752,49.77236083241412,24.88618041620706,24.74213353769376,9.462572526541265,0.4860432370972882,90.0,1.4142135623730951,0.07830259995535016,sampled,True
number_optimized_016_n3,number,optimized,16,3,,859.4465103149414,853.9569854736328,864.93603515625,49.28091219615121,49.48581561685757,24.742907808428786,24.640456098075607,9.34595768840707,0.6281472920065873,45.0,1.224744871391589,0.07060160010587424,sampled,True
number_optimized_016_n4,number,optimized,16,4,,225.91962432861328,222.93910217285156,228.900146484375,25.043887259419215,25.335341256860197,12.671944303736593,12.53230890598643,4.907162392402017,0.6597859118889673,45.0,1.0,0.04515610006637871,sampled,True
number_optimized_016_n5,number,optimized,16,5,,223.48045349121094,220.57717895507812,226.38372802734375,25.043887259419215,25.335341256860197,12.667670628430098,12.521943629709607,4.957453791150152,0.6498298422437226,15.000000000000043,0.9128709291752769,0.04488220007624477,sampled,True
number_optimized_016_n6,number,optimized,16,6,,223.48045349121094,220.57717895507812,226.38372802734375,25.043887259419215,25.335341256860197,12.667670628430098,12.521943629709607,4.957453791150152,0.6498298422437226,14.999999999999972,0.828078671210825,0.04706060001626611,sampled,True
number_optimized_017_n2,number,optimized,17,2,,1260.0730590820312,1254.0514526367188,1266.0946655273438,50.71403303793395,50.906104324722506,25.453052162361253,25.357016518966976,20.270749602133986,0.48422370657382624,90.0,1.4142135623730951,0.07036340003833175,sampled,True
number_optimized_017_n3,number,optimized,17,3,,51.68916320800781,50.152862548828125,53.2254638671875,14.158936908707716,14.363898991509277,7.181949495754639,7.079468454353858,2.4618084493354364,0.8291996306170366,45.0,1.224744871391589,0.023336300044320524,sampled,True
number_optimized_017_n4,number,optimized,17,4,,50.03791809082031,48.610382080078125,51.4654541015625,12.53743053048114,12.685318181396998,6.342659090698499,6.26940094058035,2.2822080242295395,0.7037244236077586,44.999999999999986,1.0,0.023692800081335008,sampled,True
number_optimized_017_n5,number,optimized,17,5,,50.03791809082031,48.610382080078125,51.4654541015625,12.53743053048114,12.685318181396998,6.342659090698499,6.26940094058035,2.2822080242295395,0.7037244236077586,14.99999999999997,0.9128709291752769,0.025488999905064702,sampled,True
number_optimized_017_n6,number,optimized,17,6,,50.03791809082031,48.610382080078125,51.4654541015625,12.53743053048114,12.685318181396998,6.342659090698499,6.26940094058035,2.2822080242295395,0.7037244236077586,14.99999999999997,0.828078671210825,0.029007500037550926,sampled,True
number_optimized_018_n2,number,optimized,18,2,,1201.7949829101562,1195.8920288085938,1207.6979370117188,49.30771535426308,49.4400382565841,24.724035405458416,24.65618751679528,16.05315798236263,0.4833034282235065,90.0,1.4142135623730951,0.07404800003860146,sampled,True
number_optimized_018_n3,number,optimized,18,3,,930.0403289794922,924.5019836425781,935.5786743164062,49.30771535426308,49.4400382565841,24.724035405458416,24.65618751679528,13.026203857184276,0.585340416262209,45.0,1.224744871391589,0.06841589999385178,sampled,True
number_optimized_018_n4,number,optimized,18,4,,817.63330078125,812.5213623046875,822.7452392578125,37.32924993072624,37.48783982527701,20.573723786703503,20.475402656876557,12.063048276859979,0.4658441560328381,45.0,1.0,0.06400000001303852,sampled,True
number_optimized_018_n5,number,optimized,18,5,,213.01741790771484,209.8725128173828,216.16232299804688,28.240120839841108,28.438950855846457,14.25573986450839,14.152522656705901,11.356245743857183,0.8275059230471178,14.999999999999996,0.9128709291752769,0.04417210002429783,sampled,True
number_optimized_018_n6,number,optimized,18,6,,67.44644165039062,65.78036499023438,69.11251831054688,12.330274735334495,12.578864982115089,7.203334242104143,7.08167817640115,4.996940262664661,0.6064705460099125,14.999999999999996,0.828078671210825,0.026007000007666647,sampled,True
number_optimized_019_n2,number,optimized,19,2,,1221.666160583496,1215.7477569580078,1227.5845642089844,49.30528386335184,49.48426707538752,24.754878033476775,24.66598104892024,2.487533869842625,0.4771449140081334,90.0,1.4142135623730951,0.07646160002332181,sampled,True
number_optimized_019_n3,number,optimized,19,3,,880.815055847168,875.4577789306641,886.1723327636719,49.30528386335184,49.48426707538752,24.74213353769376,24.65264193167592,6.6624837649853115,0.5983055708957369,45.0,1.224744871391589,0.0690156000200659,sampled,True
number_optimized_019_n4,number,optimized,19,4,,757.1088638305664,752.2521514892578,761.965576171875,37.54980457321087,37.68710645783333,19.928641475653414,19.850839550178563,6.985466327233686,0.4804296697012019,44.999999999999986,1.0,0.0657546001020819,sampled,True
number_optimized_019_n5,number,optimized,19,5,,278.32811737060547,274.37489318847656,282.2813415527344,36.252418595231774,36.44935166524099,18.224675832620495,18.126209297615887,4.839661186504793,1.0209137992142678,14.99999999999997,0.9128709291752769,0.049456499982625246,sampled,True
number_optimized_019_n6,number,optimized,19,6,,273.3595504760742,269.5249786376953,277.1941223144531,35.314098760821615,35.51289412895072,17.75644706447536,17.657049380410808,5.19425232487362,0.9825370219915783,14.99999999999997,0.828078671210825,0.052735800039954484,sampled,True
number_optimized_020_n2,number,optimized,20,2,,1262.224868774414,1255.4357299804688,1269.0140075683594,50.76584411742878,50.9629346007959,25.48146730039795,25.38292205871439,20.8863703312936,0.5452964810286749,90.0,1.4142135623730951,0.08568650006782264,sampled,True
number_optimized_020_n3,number,optimized,20,3,,797.2003784179688,791.5248413085938,802.8759155273438,49.334754476611906,49.531949916190456,24.765974958095228,24.667377238305953,14.498990400384736,0.7002836040097123,44.999999999999986,1.224744871391589,0.07272689999081194,sampled,True
number_optimized_020_n4,number,optimized,20,4,,474.5914535522461,470.34901428222656,478.8338928222656,35.24368034690094,35.440917803933296,18.030177466411416,17.94386461927213,15.797418328816304,0.6280087675946963,44.999999999999986,1.0,0.061622500070370734,sampled,True
number_optimized_020_n5,number,optimized,20,5,,306.12242889404297,302.57460021972656,309.6702575683594,35.03739675179334,35.212735871813834,17.606367935906917,17.51869837589667,12.504786917425147,0.8068501961288495,14.999999999999996,0.9128709291752768,0.05073440005071461,sampled,True
number_optimized_020_n6,number,optimized,20,6,,136.26294708251953,133.9523162841797,138.57357788085938,22.221698034250007,22.3678860570273,11.18394302851365,11.110849017125004,7.544126407544217,0.745942007235458,14.999999999999996,0.828078671210825,0.037588899955153465,sampled,True
number_optimized_021_n2,number,optimized,21,2,,1231.375259399414,1224.4106140136719,1238.3399047851562,49.640625,49.851612085659404,24.925806042829702,24.8203125,20.750767707655026,0.560748787538158,90.0,1.4142135623730951,0.08113990002311766,sampled,True
number_optimized_021_n3,number,optimized,21,3,,630.5358581542969,625.3275146484375,635.7442016601562,49.27499297677604,49.4538858798101,24.72694293990505,24.63749648838802,21.06714106125082,0.8103033411520059,45.0,1.224744871391589,0.06271620001643896,sampled,True
number_optimized_021_n4,number,optimized,21,4,,52.7904052734375,51.43084716796875,54.14996337890625,14.17054198871399,14.4197206882298,7.2098603441149,7.085270994356995,2.552303166987669,0.724079830048972,45.0,1.0,0.028203399968333542,sampled,True
number_optimized_021_n5,number,optimized,21,5,,52.7904052734375,51.43084716796875,54.14996337890625,14.17054198871399,14.4197206882298,7.2098603441149,7.085270994356995,2.552303166987669,0.724079830048972,14.999999999999996,0.9128709291752769,0.024295499897561967,sampled,True
number_optimized_021_n6,number,optimized,21,6,,52.58770751953125,51.26275634765625,53.91265869140625,13.822532635058803,14.022012027133,7.016502007915947,6.915277891502125,2.5505564263965037,0.6892066434244188,14.999999999999972,0.828078671210825,0.030516200000420213,sampled,True
number_optimized_022_n2,number,optimized,22,2,,1246.622703552246,1240.5955352783203,1252.6498718261719,50.182292815364974,50.37442871981435,25.187214359907173,25.091146407682487,13.026392349429864,0.48475661942882137,90.0,1.4142135623730951,0.07656900002621114,sampled,True
number_optimized_022_n3,number,optimized,22,3,,645.646110534668,640.3160247802734,650.9761962890625,49.27037749882736,49.44923711020474,24.72461855510237,24.63518874941368,5.424503595365734,0.809764399341396,45.0,1.224744871391589,0.06271490000654012,sampled,True
number_optimized_022_n4,number,optimized,22,4,,545.9651641845703,541.4328918457031,550.4974365234375,37.698124085560444,37.89589364143314,19.09155070777961,18.99378049582725,6.981605670129963,0.6239974943113397,45.0,1.0,0.06780089996755123,sampled,True
number_optimized_022_n5,number,optimized,22,5,,505.49791717529297,501.0824432373047,509.91339111328125,37.698124085560444,37.89589364143314,18.953735939193848,18.85449700270128,7.627942121134036,0.6563009861937537,14.999999999999996,0.9128709291752768,0.06665089994203299,sampled,True
number_optimized_022_n6,number,optimized,22,6,,454.0763397216797,450.00384521484375,458.1488342285156,36.999209833729054,37.19591061664659,18.597955308323296,18.499604916864527,8.629249160208953,0.6612704446498645,14.999999999999972,0.828078671210825,0.06134769995696843,sampled,True
number_optimized_023_n2,number,optimized,23,2,,1202.5161666870117,1196.5779876708984,1208.454345703125,49.31132476914691,49.46822932843488,24.737882383607136,24.65865976933928,13.193077936229365,0.4861601969604833,90.0,1.4142135623730951,0.0700823999941349,sampled,True
number_optimized_023_n3,number,optimized,23,3,,935.3895721435547,929.8487548828125,940.9303894042969,49.31132476914691,49.46822932843488,24.737882383607136,24.65865976933928,9.452013324819696,0.5826029683128293,45.0,1.224744871391589,0.07732020004186779,sampled,True
number_optimized_023_n4,number,optimized,23,4,,825.5613784790039,820.4228668212891,830.6998901367188,37.441818879768526,37.58938078568949,20.73129311323368,20.645885892979692,8.945791441549789,0.4650379124084345,44.999999999999986,1.0,0.07021080004051328,sampled,True
number_optimized_023_n5,number,optimized,23,5,,379.6831741333008,375.9536590576172,383.4126892089844,33.24721934228697,33.42618091126325,17.00370773299224,16.90402197307942,1.779155061871284,0.6502833585830224,15.000000000000018,0.9128709291752769,0.047957400092855096,sampled,True
number_optimized_023_n6,number,optimized,23,6,,268.5535125732422,265.3832702636719,271.7237548828125,29.585483125471825,29.789357541811913,14.894678770905957,14.79280158657066,3.766425023319839,0.6951139159305298,14.999999999999972,0.828078671210825,0.049877500045113266,sampled,True
number_optimized_024_n2,number,optimized,24,2,,1234.5628051757812,1229.5719909667969,1239.5536193847656,49.768188832113495,49.96706251547894,24.98353125773947,24.884094416056747,16.11944663861685,0.40236472498420384,90.0,1.4142135623730951,0.06648419995326549,sampled,True
number_optimized_024_n3,number,optimized,24,3,,1051.0892028808594,1046.2813110351562,1055.8970947265625,49.282040780156734,49.48087010499771,24.740691321110262,24.64128712416694,17.362717264053728,0.4506095775511548,45.0,1.224744871391589,0.06380630005151033,sampled,True
number_optimized_024_n4,number,optimized,24,4,,616.5132522583008,612.3066558837891,620.7198486328125,38.195999623089214,38.342754323105574,19.489480654902277,19.404862901693097,12.30903336479526,0.5196949692510388,44.999999999999986,0.9999999999999999,0.05303660000208765,sampled,True
number_optimized_024_n5,number,optimized,24,5,,578.3158493041992,574.0486907958984,582.5830078125,35.99189667100863,36.10449312520708,19.489480654902277,19.404862901693097,13.1213944174374,0.5288983473980713,14.999999999999996,0.9128709291752768,0.04744120000395924,sampled,True
number_optimized_024_n6,number,optimized,24,6,,187.82418823242188,185.34237670898438,190.30599975585938,21.86848745131229,22.07342207076335,11.550272983068819,11.44633179872832,6.597692618702253,0.575726181278564,14.999999999999972,0.828078671210825,0.04055749997496605,sampled,True
number_optimized_025_n2,number,optimized,25,2,,1209.8948593139648,1202.9926300048828,1216.7970886230469,49.32874149569223,49.50604211171002,24.759024633634528,24.67059335937263,13.171001220763745,0.5616418021295094,90.0,1.4142135623730951,0.08503700001165271,sampled,True
number_optimized_025_n3,number,optimized,25,3,,434.9634246826172,430.7648620605469,439.1619873046875,40.922418649739306,41.13377402722313,20.572455627240206,20.467000847050222,9.639847653829555,0.7865103589467353,45.0,1.2247448713915892,0.05421810003463179,sampled,True
number_optimized_025_n4,number,optimized,25,4,,389.68519592285156,386.2801208496094,393.09027099609375,33.05405507105936,33.229482185675494,16.677342287191287,16.579965600493903,11.340799379538076,0.5756890456762963,45.0,1.0,0.05260559997987002,sampled,True
number_optimized_025_n5,number,optimized,25,5,,389.68519592285156,386.2801208496094,393.09027099609375,33.05405507105936,33.229482185675494,16.677342287191287,16.579965600493903,11.340799379538076,0.5756890456762963,14.999999999999996,0.9128709291752769,0.048482000012882054,sampled,True
number_optimized_025_n6,number,optimized,25,6,,136.15850830078125,134.294677734375,138.0223388671875,18.206457581205907,18.391255564805792,9.560079114258881,9.44807441256833,3.8100817740000608,0.4967048748428815,14.999999999999972,0.828078671210825,0.03434979997109622,sampled,True
number_optimized_026_n2,number,optimized,26,2,,1214.6496047973633,1207.9883880615234,1221.3108215332031,49.254420667816866,49.45188646257119,24.73436161542354,24.63655410020101,7.540812742072802,0.5394363628249822,90.0,1.4142135623730951,0.08157819998450577,sampled,True
number_optimized_026_n3,number,optimized,26,3,,1116.4629364013672,1110.4895324707031,1122.4363403320312,49.254420667816866,49.45188646257119,24.725943231285594,24.627210333908433,7.723175291519135,0.5263480562058311,45.0,1.224744871391589,0.08374450006522238,sampled,True
number_optimized_026_n4,number,optimized,26,4,,715.6596450805664,710.7806854248047,720.5386047363281,36.91238835489381,37.127263780412264,19.932164826455217,19.850457268306165,6.525483593197667,0.5027972711600692,45.0,1.0,0.06317490001674742,sampled,True
number_optimized_026_n5,number,optimized,26,5,,692.3426055908203,687.5359497070312,697.1492614746094,36.79030594230123,36.94050392290453,18.979793244128075,18.894152800671606,7.114516280704873,0.5093895965853472,15.000000000000018,0.9128709291752769,0.06491919991094619,sampled,True
number_optimized_026_n6,number,optimized,26,6,,428.5302429199219,424.97314453125,432.08734130859375,36.79030594230123,36.94050392290453,18.470251961452266,18.395152971150615,5.948126687226645,0.6082150270032796,14.999999999999972,0.828078671210825,0.05820490000769496,sampled,True
number_optimized_027_n2,number,optimized,27,2,,1219.5798568725586,1212.9396514892578,1226.2200622558594,49.31834231967004,49.42613674124311,24.723937901695237,24.670112152890855,20.875678514081528,0.5353030983055012,90.0,1.414213562373095,0.09115860005840659,sampled,True
number_optimized_027_n3,number,optimized,27,3,,576.7226943969727,571.4581146240234,581.9872741699219,46.986272227449916,47.29418623117995,23.65713655772545,23.50321607640563,20.892343534710594,0.8556338850050799,45.0,1.224744871391589,0.06750479992479086,sampled,True
number_optimized_027_n4,number,optimized,27,4,,507.3493881225586,502.9017791748047,511.7969970703125,37.09892328144549,37.281342499099416,18.70621084637684,18.606356045583656,19.023577029603803,0.6479632879146908,45.0,1.0,0.059533299994654953,sampled,True
number_optimized_027_n5,number,optimized,27,5,,370.8417205810547,367.3946228027344,374.288818359375,37.09892328144549,37.281342499099416,18.640671249549708,18.549461640722743,18.202254803698764,0.6867019616816471,15.000000000000018,0.9128709291752768,0.049081599921919405,sampled,True
number_optimized_027_n6,number,optimized,27,6,,370.1143569946289,366.6913604736328,373.537353515625,36.68267884168158,36.865347319777314,18.432673659888657,18.34133942084079,18.242582596634325,0.6756483892882317,14.999999999999972,0.828078671210825,0.04917340003885329,sampled,True
number_optimized_028_n2,number,optimized,28,2,,1235.9903411865234,1229.2704162597656,1242.7102661132812,49.78527195087575,49.957563167910635,24.978781583955318,24.892635975437877,6.922588616255785,0.5402885663157762,90.0,1.4142135623730951,0.08372680004686117,sampled,True
number_optimized_028_n3,number,optimized,28,3,,593.0812683105469,587.665283203125,598.4972534179688,48.989196832056756,49.36543432359358,24.68271716179679,24.494598416028378,3.8232625952876877,0.8934458950015575,45.0,1.224744871391589,0.07117999996989965,sampled,True
number_optimized_028_n4,number,optimized,28,4,,515.4900512695312,511.0480041503906,519.9320983886719,36.98614613748661,37.17244393874186,18.657483323381307,18.577398571048512,3.067963799438663,0.6351665843337448,45.0,1.0,0.06014249997679144,sampled,True
number_optimized_028_n5,number,optimized,28,5,,274.4750061035156,271.3603820800781,277.5896301269531,35.3515279695964,35.50843904150199,17.754742197923424,17.677193973158275,2.9532253671966435,0.7968268643381836,15.000000000000018,0.9128709291752768,0.049866000073961914,sampled,True
number_optimized_028_n6,number,optimized,28,6,,217.40570068359375,214.8892822265625,219.922119140625,28.60993074453399,28.75987538444675,14.379937692223375,14.304965372266995,1.1312255561471083,0.6581591840069867,15.0,0.828078671210825,0.04152460000477731,sampled,True
number_optimized_029_n2,number,optimized,29,2,,1262.6426239013672,1255.6013488769531,1269.6838989257812,50.8359375,50.97675646514823,25.488378232574114,25.41796875,21.06192368874043,0.5654027154748822,90.0,1.414213562373095,0.08479059999808669,sampled,True
number_optimized_029_n3,number,optimized,29,3,,37.857513427734375,36.564697265625,39.15032958984375,12.09375,12.375199749808333,6.1875998749041665,6.046875,0.070482635041493,0.8173038854842477,45.0,1.224744871391589,0.018031600047834218,sampled,True
number_optimized_029_n4,number,optimized,29,4,,37.857513427734375,36.564697265625,39.15032958984375,12.09375,12.375199749808333,6.1875998749041665,6.046875,0.070482635041493,0.8173038854842477,45.0,1.0,0.019176100031472743,sampled,True
number_optimized_029_n5,number,optimized,29,5,,36.93424987792969,35.694580078125,38.173919677734375,12.09375,12.375199749808333,6.1875998749041665,6.046875,0.07762239390876177,0.8037509129740179,15.000000000000018,0.9128709291752769,0.01685769995674491,sampled,True
number_optimized_029_n6,number,optimized,29,6,,36.93424987792969,35.694580078125,38.173919677734375,12.09375,12.375199749808333,6.1875998749041665,6.046875,0.07762239390876177,0.8037509129740179,14.999999999999972,0.828078671210825,0.019328800030052662,sampled,True
angle_controlled_000_angle30,angle,controlled,0,2,30,2695.1805725097656,2682.4205017089844,2707.940643310547,144.10598764468057,144.49302577311582,72.24651288655791,72.05299382234028,36.076404154690415,1.3617294335004575,29.999999999999993,2.8284271247461903,0.16100770002231002,sampled,True
angle_controlled_000_angle45,angle,controlled,0,2,45,1836.6251907348633,1827.3387908935547,1845.9115905761719,95.0007224607603,95.28866633362345,47.64433316681173,47.50036123038015,23.415567582219865,0.9587551867994549,45.00000000000001,2.0,0.10798700002487749,sampled,True
angle_controlled_000_angle60,angle,controlled,0,2,60,1470.8243408203125,1463.2033996582031,1478.4452819824219,71.84487416373916,72.04187319983167,36.020936599915835,35.92243708186958,17.638701286748933,0.7427084161381754,60.00000000000001,1.632993161855452,0.09117819997482002,sampled,True
angle_controlled_000_angle90,angle,controlled,0,2,90,1245.2983703613281,1239.2297973632812,1251.366943359375,50.13426705025232,50.37442871981435,25.187214359907173,25.06713352512616,12.55442065811315,0.4885871399166557,90.0,1.4142135623730951,0.07091559993568808,sampled,True
angle_controlled_000_angle120,angle,controlled,0,2,120,1414.117172241211,1407.2439880371094,1420.9903564453125,69.0106531295084,69.30865440329448,34.65432720164724,34.5053265647542,11.042346575310319,0.6704776657934922,59.999999999999986,1.632993161855452,0.08452110004145652,sampled,True
angle_controlled_001_angle30,angle,controlled,1,2,30,2308.2534255981445,2296.697799682617,2319.809051513672,129.55597587533262,129.87268828022624,64.93634414011312,64.77798793766631,21.866508124902197,1.2938652872579688,29.999999999999993,2.8284271247461903,0.13559409999288619,sampled,True
angle_controlled_001_angle45,angle,controlled,1,2,45,1667.5709381103516,1658.7869567871094,1676.3549194335938,88.70330837406182,89.06085010807305,44.53042505403653,44.35165418703091,17.425908500232115,0.9333451226971814,45.00000000000001,2.0,0.10643059993162751,sampled,True
angle_controlled_001_angle60,angle,controlled,1,2,60,1377.9813537597656,1370.6150207519531,1385.3476867675781,68.38760890153662,68.62730528914858,34.31365264457429,34.19380445076831,15.679145009426485,0.7298262941749067,60.00000000000001,1.632993161855452,0.09476180002093315,sampled,True
angle_controlled_001_angle90,angle,controlled,1,2,90,1210.4170532226562,1204.4300537109375,1216.404052734375,49.280987435889,49.472026897151686,24.742900856793046,24.647101178542286,15.913551194506956,0.48699114444937236,90.0,1.4142135623730951,0.06183109991252422,sampled,True
angle_controlled_001_angle120,angle,controlled,1,2,120,1413.5090789794922,1406.5320739746094,1420.486083984375,70.16653795147444,70.41318572279494,35.20659286139747,35.08326897573722,20.623857872577133,0.6916972362301399,60.000000000000014,1.6329931618554518,0.09254480001982301,sampled,True
angle_controlled_002_angle30,angle,controlled,2,2,30,2622.474494934082,2610.2465057373047,2634.7024841308594,141.3806921827387,141.8246524961865,70.91232624809325,70.69034609136935,26.150585178936787,1.3164524867650556,30.000000000000004,2.8284271247461907,0.13793040008749813,sampled,True
angle_controlled_002_angle45,angle,controlled,2,2,45,1805.8460311889648,1796.7042388916016,1814.9878234863281,93.92194680842788,94.21003924285684,47.10501962142842,46.96097340421394,16.868188851808394,0.949040649132629,45.0,2.0000000000000004,0.09087140008341521,sampled,True
angle_controlled_002_angle60,angle,controlled,2,2,60,1454.5955429077148,1446.7440948486328,1462.4469909667969,71.2617967978729,71.4378114227956,35.7189057113978,35.63089839893645,12.690104827941274,0.7670572257388727,59.99999999999999,1.6329931618554523,0.078670599963516,sampled,True
angle_controlled_002_angle90,angle,controlled,2,2,90,1239.7853622436523,1233.0586395263672,1246.5120849609375,49.896243970398366,50.093350966322426,25.046675483161213,24.948121985199183,9.114722433712574,0.5406511272462456,90.0,1.4142135623730951,0.07019110000692308,sampled,True
angle_controlled_002_angle120,angle,controlled,2,2,120,1413.6790237426758,1406.9906158447266,1420.367431640625,69.22011188347037,69.47301985865629,34.73650992932814,34.61005594173518,8.27437872999393,0.6542868899497363,60.000000000000014,1.6329931618554518,0.06942059996072203,sampled,True
angle_controlled_003_angle30,angle,controlled,3,2,30,2661.234260559082,2648.8604278564453,2673.6080932617188,142.89814726987913,143.3422362881979,71.67111814409895,71.44907363493957,32.51438399611473,1.3268158901240705,29.999999999999993,2.8284271247461903,0.12221529998350888,sampled,True
angle_controlled_003_angle45,angle,controlled,3,2,45,1822.2460098266602,1813.009048461914,1831.4829711914062,94.58524945932744,94.7738689865291,47.38693449326455,47.29262472966372,22.02796669095522,0.9559712866416685,45.0,2.0,0.09946270007640123,sampled,True
angle_controlled_003_angle60,angle,controlled,3,2,60,1463.3832321166992,1455.4947052001953,1471.2717590332031,71.54401392817626,71.79074970470822,35.89537485235411,35.77200696408813,17.71022697243085,0.7698418159996845,60.00000000000001,1.632993161855452,0.08011719991918653,sampled,True
angle_controlled_003_angle90,angle,controlled,3,2,90,1242.9352111816406,1236.1720275878906,1249.6983947753906,50.00721688639207,50.24742005970307,25.123710029851534,25.003608443196036,15.346808726671961,0.5438632687643434,90.0,1.4142135623730951,0.06801980000454932,sampled,True
angle_controlled_003_angle120,angle,controlled,3,2,120,1413.3156509399414,1406.6099395751953,1420.0213623046875,69.13354770451818,69.43404766465554,34.71702383232777,34.56677385225909,17.970811932163496,0.655771377649599,60.000000000000014,1.632993161855452,0.07601760001853108,sampled,True
angle_controlled_004_angle30,angle,controlled,4,2,30,2475.3560943603516,2462.3031005859375,2488.4090881347656,135.82858210642198,136.2863942666583,68.14319713332915,67.91429105321099,9.269762699452931,1.4297853712095816,29.999999999999993,2.828427124746191,0.1443421000149101,sampled,True
angle_controlled_004_angle45,angle,controlled,4,2,45,1740.9895477294922,1732.5293884277344,1749.44970703125,91.509510484065,91.77720700205283,45.88860350102642,45.7547552420325,8.538960089479643,0.8876503147099616,45.00000000000001,2.0,0.09905580000486225,sampled,True
angle_controlled_004_angle60,angle,controlled,4,2,60,1419.040626525879,1411.5340118408203,1426.5472412109375,69.89778674636999,70.16260976533036,35.08130488266518,34.948893373184994,8.821384576868914,0.738403414329811,59.99999999999999,1.6329931618554525,0.08294689992908388,sampled,True
angle_controlled_004_angle90,angle,controlled,4,2,90,1226.7898406982422,1219.8573303222656,1233.7223510742188,49.359375,49.57036236699619,24.785181183498096,24.6796875,10.631919787330776,0.5570897716992823,90.0,1.4142135623730951,0.08542599994689226,sampled,True
angle_controlled_004_angle120,angle,controlled,4,2,120,1413.9157104492188,1406.4554443359375,1421.3759765625,69.62096849477454,69.88652213812404,34.94326106906202,34.81048424738727,14.981490350600284,0.7336159629530661,60.000000000000014,1.6329931618554518,0.0778442999580875,sampled,True
angle_controlled_005_angle30,angle,controlled,5,2,30,2585.256591796875,2571.8216857910156,2598.6914978027344,139.95371516653645,140.41152742453664,70.20576371226832,69.97685758326823,22.057987334819163,1.4518196366770064,29.999999999999993,2.8284271247461907,0.14855669997632504,sampled,True
angle_controlled_005_angle45,angle,controlled,5,2,45,1788.6025085449219,1780.0076293945312,1797.1973876953125,93.33757280076385,93.60527012000063,46.80263506000031,46.668786400381926,15.360932541225656,0.8953117671206754,45.00000000000001,2.0,0.10383519995957613,sampled,True
angle_controlled_005_angle60,angle,controlled,5,2,60,1445.1503219604492,1437.5955047607422,1452.7051391601562,70.87838301077879,71.1181654504055,35.55908272520275,35.439191505389395,12.900136808467265,0.7397024008147324,59.99999999999999,1.632993161855452,0.10034259990788996,sampled,True
angle_controlled_005_angle90,angle,controlled,5,2,90,1236.3852310180664,1229.4224395751953,1243.3480224609375,49.74610617270163,49.92207306298738,24.96103653149369,24.873053086350815,12.30625417704244,0.5591306325406161,90.0,1.414213562373095,0.08757350000087172,sampled,True
angle_controlled_005_angle120,angle,controlled,5,2,120,1414.1221160888672,1406.682861328125,1421.5613708496094,69.35543167856655,69.52914410434528,34.76457205217264,34.67771583928327,15.563073340959003,0.7277139445333183,60.000000000000014,1.6329931618554518,0.09396990004461259,sampled,True
angle_controlled_006_angle30,angle,controlled,6,2,30,2367.8527450561523,2356.137680053711,2379.5678100585938,131.9074493548886,132.25932639683793,66.12966319841897,65.9537246774443,11.589516053705369,1.3022756480135091,30.000000000000004,2.8284271247461907,0.14672789990436286,sampled,True
angle_controlled_006_angle45,angle,controlled,6,2,45,1694.4191207885742,1685.596206665039,1703.2420349121094,89.75428493971228,89.97274978083642,44.98637489041821,44.87714246985614,9.347927193160738,0.9321304060178378,45.000000000000014,2.0,0.10522630007471889,sampled,True
angle_controlled_006_angle60,angle,controlled,6,2,60,1392.979751586914,1385.6294860839844,1400.3300170898438,68.9943712675285,69.16698914724648,34.58349457362324,34.49718563376425,8.320238760418132,0.7261084573864416,59.99999999999999,1.6329931618554523,0.08566199999768287,sampled,True
angle_controlled_006_angle90,angle,controlled,6,2,90,1216.0802307128906,1210.1921081542969,1221.9683532714844,49.29663480527854,49.42868731207143,24.726480755421324,24.657399785700797,8.14760918223726,0.4763497647458693,90.0,1.4142135623730951,0.07211599999573082,sampled,True
angle_controlled_006_angle120,angle,controlled,6,2,120,1413.7191925048828,1406.8361206054688,1420.6022644042969,69.95731578251227,70.20589574851647,35.102947874258234,34.978657891256134,10.22485616258467,0.6803202279878687,60.000000000000014,1.6329931618554518,0.08784090005792677,sampled,True
angle_controlled_007_angle30,angle,controlled,7,2,30,2682.332130432129,2671.1102142333984,2693.5540466308594,143.71284177098642,144.04592925983061,72.02296462991531,71.85642088549321,35.98443511922866,1.200251651860474,29.999999999999993,2.8284271247461903,0.13284310000017285,sampled,True
angle_controlled_007_angle45,angle,controlled,7,2,45,1829.97509765625,1822.1044921875,1837.845703125,94.88302590419599,95.15076569786827,47.57538284893413,47.441512952097995,24.567530893538365,0.8149695435084697,45.00000000000001,1.9999999999999998,0.08833099994808435,sampled,True
angle_controlled_007_angle60,angle,controlled,7,2,60,1466.385383605957,1460.2185516357422,1472.5522155761719,71.74013353091283,71.94511610557949,35.97255805278974,35.870066765456414,19.91456841945051,0.6025911168482517,59.99999999999999,1.632993161855452,0.0724893999285996,sampled,True
angle_controlled_007_angle90,angle,controlled,7,2,90,1241.9365539550781,1237.5439453125,1246.3291625976562,50.066573416618404,50.31506689880527,25.157533449402635,25.033286708309202,17.542766203469288,0.35466456911100475,90.0,1.4142135623730951,0.05808380001690239,sampled,True
angle_controlled_007_angle120,angle,controlled,7,2,120,1412.0092391967773,1406.0142059326172,1418.0042724609375,69.07912386534666,69.29777558955378,34.64888779477689,34.53956193267333,20.81204715171794,0.5859537631303223,60.000000000000014,1.6329931618554518,0.0727891999995336,sampled,True
angle_controlled_008_angle30,angle,controlled,8,2,30,2261.752830505371,2250.695297241211,2272.8103637695312,127.78995601245825,128.19079508236018,64.09539754118009,63.894978006229124,26.52130313425111,1.2473315005757089,29.999999999999993,2.8284271247461903,0.10856560000684112,sampled,True
angle_controlled_008_angle45,angle,controlled,8,2,45,1645.9422225952148,1637.836166381836,1654.0482788085938,87.98274235132794,88.2045300624359,44.10226503121795,43.99137117566397,18.786764878058896,0.8645344735351751,45.00000000000001,1.9999999999999998,0.09035780001431704,sampled,True
angle_controlled_008_angle60,angle,controlled,8,2,60,1365.470947265625,1358.984619140625,1371.957275390625,67.94741852764027,68.20040667907638,34.10020333953819,33.97370926382013,14.743752294778384,0.644874623887947,59.99999999999999,1.632993161855452,0.07203270005993545,sampled,True
angle_controlled_008_angle90,angle,controlled,8,2,90,1204.973876953125,1200.1214904785156,1209.8262634277344,49.27100462719079,49.46987830855541,24.739837535471015,24.640420075227798,10.745905424602991,0.39682882685137627,90.0,1.4142135623730951,0.0576144999358803,sampled,True
angle_controlled_008_angle120,angle,controlled,8,2,120,1413.9873962402344,1407.2118530273438,1420.762939453125,70.35897877865618,70.62483752746799,35.312418763733994,35.17948938932809,8.987070922479923,0.673612219579615,60.000000000000014,1.6329931618554518,0.07391020003706217,sampled,True
angle_controlled_009_angle30,angle,controlled,9,2,30,2329.245620727539,2316.7339782714844,2341.7572631835938,130.40802338612667,130.7220001874505,65.36100009372525,65.20401169306334,17.453033718670977,1.3968543650524958,29.999999999999993,2.828427124746191,0.1261911999899894,sampled,True
angle_controlled_009_angle45,angle,controlled,9,2,45,1676.6194152832031,1667.8861083984375,1685.3527221679688,89.06666468469918,89.36895774210504,44.68447887105252,44.53333234234959,13.383441172224375,0.9261996301040986,45.00000000000001,1.9999999999999998,0.0995390999596566,sampled,True
angle_controlled_009_angle60,angle,controlled,9,2,60,1382.4413223266602,1375.616958618164,1389.2656860351562,68.61190520876791,68.86049581073884,34.43024790536942,34.305952604383954,11.491390350353015,0.6765143244860387,59.99999999999999,1.632993161855452,0.0675099000800401,sampled,True
angle_controlled_009_angle90,angle,controlled,9,2,90,1212.2790298461914,1206.3939971923828,1218.1640625,49.27185750895548,49.46453141559174,24.73894442220414,24.643777831009757,10.65918424464366,0.4779329674012583,90.0,1.4142135623730951,0.06457749998662621,sampled,True
angle_controlled_009_angle120,angle,controlled,9,2,120,1414.318016052246,1406.8521881103516,1421.7838439941406,70.16757721057185,70.40865690584614,35.20432845292307,35.083788605285925,12.88679436228779,0.7394357733060551,60.000000000000014,1.6329931618554518,0.07797320000827312,sampled,True
angle_controlled_010_angle30,angle,controlled,10,2,30,2782.297348022461,2769.6571655273438,2794.937530517578,147.27598075740877,147.60896564328758,73.80448282164379,73.63799037870439,47.85924604827253,1.3351312816649041,29.999999999999993,2.828427124746191,0.2840953000122681,sampled,True
angle_controlled_010_angle45,angle,controlled,10,2,45,1873.2207870483398,1863.8268585205078,1882.6147155761719,96.41712927370745,96.57533857309438,48.28766928654719,48.20856463685372,31.14079871830534,0.9637891604700162,45.00000000000001,2.0,0.11336740001570433,sampled,True
angle_controlled_010_angle60,angle,controlled,10,2,60,1490.9309692382812,1482.9738464355469,1498.8880920410156,72.52755676622863,72.70366900183322,36.35183450091661,36.263778383114314,23.467335811789997,0.7719215670986984,59.99999999999999,1.6329931618554523,0.09090579999610782,sampled,True
angle_controlled_010_angle90,angle,controlled,10,2,90,1253.2394256591797,1246.4725341796875,1260.0063171386719,50.451117396763685,50.62348630549516,25.31174315274758,25.225558698381843,16.63186929163571,0.5437490804344012,90.0,1.4142135623730951,0.07732859998941422,sampled,True
angle_controlled_010_angle120,angle,controlled,10,2,120,1414.0139694213867,1407.4850006103516,1420.5429382324219,68.83651206348566,69.0546433066382,34.5273216533191,34.41825603174283,14.39272255703623,0.6347652017716507,60.000000000000014,1.6329931618554518,0.07385799998883158,sampled,True
angle_controlled_011_angle30,angle,controlled,11,2,30,2712.3017349243164,2699.7845306396484,2724.8189392089844,144.72940438758383,145.06245813529395,72.53122906764698,72.36470219379191,39.09918268484616,1.3327684980365628,29.999999999999993,2.8284271247461903,0.1314125000499189,sampled,True
angle_controlled_011_angle45,angle,controlled,11,2,45,1843.1745529174805,1834.5073699951172,1851.8417358398438,95.33639957147507,95.60413662567852,47.80206831283926,47.668199785737535,26.03991044376465,0.8949129120837892,45.00000000000001,2.0,0.11309080000501126,sampled,True
angle_controlled_011_angle60,angle,controlled,11,2,60,1473.028060913086,1466.6986999511719,1479.357421875,71.97033080113638,72.22339686816026,36.11169843408013,35.98516540056819,20.383071673433996,0.6180087947843959,59.99999999999999,1.632993161855452,0.09369300003163517,sampled,True
angle_controlled_011_angle90,angle,controlled,11,2,90,1244.6396026611328,1240.1271057128906,1249.152099609375,50.215630007700916,50.41450378990963,25.207251894954815,25.107815003850458,16.432237365021223,0.3642395422787216,90.0,1.4142135623730951,0.06636950001120567,sampled,True
angle_controlled_011_angle120,angle,controlled,11,2,120,1412.5722198486328,1406.4554443359375,1418.6889953613281,68.9970583081321,69.21554071637493,34.607770358187466,34.49852915406605,17.798783869036402,0.5968551612597196,60.000000000000014,1.6329931618554518,0.08982979995198548,sampled,True
angle_controlled_012_angle30,angle,controlled,12,2,30,2430.3219680786133,2418.3436431884766,2442.30029296875,134.1991474016511,134.58701479259153,67.29350739629577,67.09957370082554,12.182718279672482,1.320170982921735,29.999999999999993,2.8284271247461907,0.14611190010327846,sampled,True
angle_controlled_012_angle45,angle,controlled,12,2,45,1722.259162902832,1713.301528930664,1731.216796875,90.84468876498306,91.1017765546109,45.55088827730545,45.42234438249153,12.769341477556576,0.9427546799031665,45.0,2.0,0.10548440006095916,sampled,True
angle_controlled_012_angle60,angle,controlled,12,2,60,1408.343376159668,1400.8627166748047,1415.8240356445312,69.52942852249012,69.75127581998501,34.875637909992506,34.76471426124506,13.60415219123983,0.7370768258027929,60.00000000000001,1.632993161855452,0.07532030006404966,sampled,True
angle_controlled_012_angle90,angle,controlled,12,2,90,1221.7693634033203,1215.731689453125,1227.8070373535156,49.27501805971416,49.46588068609293,24.746390477508047,24.65058172831693,16.618610277086745,0.48649152538763557,90.0,1.4142135623730951,0.07902559998910874,sampled,True
angle_controlled_012_angle120,angle,controlled,12,2,120,1413.050537109375,1406.109375,1419.99169921875,69.72575498481982,70.02397834988606,35.01198917494303,34.86287749240991,23.477053818504483,0.6845783472358858,60.000000000000014,1.6329931618554518,0.07623120001517236,sampled,True
angle_controlled_013_angle30,angle,controlled,13,2,30,2486.813461303711,2475.0557556152344,2498.5711669921875,136.4949182256102,136.76039722814497,68.38019861407248,68.2474591128051,15.953772817429018,1.2871264358528494,29.999999999999993,2.8284271247461903,0.1256641000509262,sampled,True
angle_controlled_013_angle45,angle,controlled,13,2,45,1746.384521484375,1737.9651489257812,1754.8038940429688,91.80783927207219,92.07558122918044,46.03779061459022,45.90391963603609,15.502976345248651,0.8835387527337564,45.00000000000001,1.9999999999999998,0.10099890001583844,sampled,True
angle_controlled_013_angle60,angle,controlled,13,2,60,1421.157211303711,1414.4323425292969,1427.882080078125,70.03774442778158,70.29087558098423,35.14543779049212,35.01887221389079,16.213175534990725,0.662095170064634,59.99999999999999,1.632993161855452,0.08910860004834831,sampled,True
angle_controlled_013_angle90,angle,controlled,13,2,90,1225.2788772583008,1220.4716033935547,1230.0861511230469,49.469853324418224,49.619008661074766,24.809504330537383,24.734926662209112,19.636416814680928,0.38783001225275016,90.0,1.4142135623730951,0.06165739998687059,sampled,True
angle_controlled_013_angle120,angle,controlled,13,2,120,1412.260757446289,1405.7608337402344,1418.7606811523438,69.6087535483623,69.87537953063855,34.93768976531928,34.80437677418115,27.66842748370942,0.6402554594505239,60.000000000000014,1.6329931618554518,0.08292059996165335,sampled,True
angle_controlled_014_angle30,angle,controlled,14,2,30,2640.3168411254883,2628.0987396240234,2652.534942626953,142.15192216720138,142.4846510802375,71.24232554011876,71.07596108360069,30.23129876860253,1.3126250676834004,29.999999999999993,2.828427124746191,0.15920550003647804,sampled,True
angle_controlled_014_angle45,angle,controlled,14,2,45,1813.4354553222656,1804.2374267578125,1822.6334838867188,94.22389211714365,94.45052241296514,47.22526120648257,47.111946058571824,21.081127996042156,0.9533003873377418,45.00000000000001,2.0,0.12199929996859282,sampled,True
angle_controlled_014_angle60,angle,controlled,14,2,60,1458.5901718139648,1450.7560272216797,1466.42431640625,71.36888467809563,71.58033518198714,35.79016759099357,35.68444233904781,17.589763985952583,0.764813689334064,59.999999999999986,1.632993161855452,0.1002151999855414,sampled,True
angle_controlled_014_angle90,angle,controlled,14,2,90,1241.1208190917969,1234.4120178222656,1247.8296203613281,49.98237146510148,50.17953424194251,25.089767120971256,24.99118573255074,16.470489159602895,0.5395680909214997,90.0,1.414213562373095,0.08708089997526258,sampled,True
angle_controlled_014_angle120,angle,controlled,14,2,120,1413.1932907104492,1406.5506134033203,1419.8359680175781,69.20382572249099,69.39687023306261,34.69843511653131,34.601912861245495,20.505541848771536,0.6493440446174518,60.000000000000014,1.6329931618554518,0.08514149999246001,sampled,True
angle_controlled_015_angle30,angle,controlled,15,2,30,2528.3510513305664,2516.454299926758,2540.247802734375,137.9347751557439,138.3104782404908,69.1552391202454,68.96738757787195,14.528260729901833,1.2954998913080886,29.999999999999993,2.828427124746191,0.1474506000522524,sampled,True
angle_controlled_015_angle45,angle,controlled,15,2,45,1765.4140090942383,1756.3352508544922,1774.4927673339844,92.37929350459551,92.62785254653598,46.31392627326799,46.189646752297755,10.608132026214365,0.9478155053855701,45.00000000000001,2.0,0.11755920003633946,sampled,True
angle_controlled_015_angle60,angle,controlled,15,2,60,1432.470588684082,1424.677230834961,1440.2639465332031,70.41867959420296,70.66532181713696,35.33266090856848,35.20933979710148,9.476834825273523,0.7647489083787273,59.99999999999999,1.632993161855452,0.09882479999214411,sampled,True
angle_controlled_015_angle90,angle,controlled,15,2,90,1231.4988555908203,1224.8110656738281,1238.1866455078125,49.60637816981757,49.753931858211594,24.876965929105797,24.803189084908784,9.988121018321811,0.5374696052800617,90.0,1.414213562373095,0.08975889999419451,sampled,True
angle_controlled_015_angle120,angle,controlled,15,2,120,1413.3774490356445,1406.6989288330078,1420.0559692382812,69.50562225214736,69.77104804650574,34.88552402325287,34.75281112607368,13.378766899448474,0.6562661810966097,60.000000000000014,1.6329931618554518,0.08235560008324683,sampled,True
angle_controlled_016_angle30,angle,controlled,16,2,30,2516.1168823242188,2502.8673706054688,2529.3663940429688,137.47509817566308,137.9331622597574,68.9665811298787,68.73754908783154,12.729284405025385,1.445063122582038,30.000000000000004,2.828427124746191,0.16601689998060465,sampled,True
angle_controlled_016_angle45,angle,controlled,16,2,45,1759.5178527832031,1750.418701171875,1768.6170043945312,92.16316714089966,92.55777367290743,46.278886836453715,46.08158357044983,9.51348563182364,0.9523794166449253,45.00000000000001,2.0,0.09859819989651442,sampled,True
angle_controlled_016_angle60,angle,controlled,16,2,60,1428.4333190917969,1421.4451904296875,1435.4214477539062,70.30251491600869,70.50138691288721,35.25069345644361,35.151257458004345,8.707616063615236,0.6864503291006635,59.99999999999999,1.6329931618554525,0.0697207999182865,sampled,True
angle_controlled_016_angle90,angle,controlled,16,2,90,1229.634407043457,1223.601058959961,1235.6677551269531,49.48426707538752,49.77236083241412,24.88618041620706,24.74213353769376,9.462572526541265,0.4860432370972882,90.0,1.4142135623730951,0.061906500020995736,sampled,True
angle_controlled_016_angle120,angle,controlled,16,2,120,1414.0856552124023,1406.624771118164,1421.5465393066406,69.53527661269146,69.7997751139431,34.89988755697155,34.76763830634573,12.854197509850769,0.7326781326245312,60.000000000000014,1.632993161855452,0.07391050003934652,sampled,True
angle_controlled_017_angle30,angle,controlled,17,2,30,2877.043098449707,2863.771957397461,2890.314239501953,150.7150446661537,151.03165917367758,75.51582958683879,75.35752233307684,60.1290717083695,1.3869512351667452,29.99999999999998,2.828427124746191,0.13206500001251698,sampled,True
angle_controlled_017_angle45,angle,controlled,17,2,45,1911.944709777832,1902.4160614013672,1921.4733581542969,97.78076265383706,98.03864787445195,49.01932393722598,48.89038132691853,39.010870439882794,0.9723536357506858,45.00000000000001,1.9999999999999998,0.11407899996265769,sampled,True
angle_controlled_017_angle60,angle,controlled,17,2,60,1511.3268127441406,1503.5699157714844,1519.0837097167969,73.25594120863701,73.47790818145721,36.738954090728605,36.627970604318506,29.246934747789822,0.7504004682350484,60.00000000000001,1.632993161855452,0.09572510002180934,sampled,True
angle_controlled_017_angle90,angle,controlled,17,2,90,1260.0730590820312,1254.0514526367188,1266.0946655273438,50.71403303793395,50.906104324722506,25.453052162361253,25.357016518966976,20.270749602133986,0.48422370657382624,90.0,1.4142135623730951,0.08466920000500977,sampled,True
angle_controlled_017_angle120,angle,controlled,17,2,120,1414.788917541504,1407.9620819091797,1421.6157531738281,68.61190520876791,68.86049581073884,34.43024790536942,34.305952604383954,16.492636483534564,0.6613591406971179,60.000000000000014,1.6329931618554518,0.0881601000437513,sampled,True
angle_controlled_018_angle30,angle,controlled,18,2,30,2219.1998977661133,2207.8964080810547,2230.503387451172,126.10762985585498,126.49500153206709,63.247500766033546,63.05381492792749,33.78377338179353,1.282073771394792,30.000000000000018,2.8284271247461903,0.1372638000175357,sampled,True
angle_controlled_018_angle45,angle,controlled,18,2,45,1626.8775100708008,1618.2436981201172,1635.5113220214844,87.18762758307197,87.44579934030922,43.72289967015461,43.593813791535986,24.333645736181477,0.9232471548387405,45.000000000000014,2.0,0.10679610003717244,sampled,True
angle_controlled_018_angle60,angle,controlled,18,2,60,1355.1148223876953,1347.8214111328125,1362.4082336425781,67.5451387159739,67.78562615541182,33.89281307770591,33.77256935798695,19.689586752537323,0.7257566954059674,59.99999999999999,1.6329931618554523,0.09074340004008263,sampled,True
angle_controlled_018_angle90,angle,controlled,18,2,90,1201.7949829101562,1195.8920288085938,1207.6979370117188,49.30771535426308,49.4400382565841,24.724035405458416,24.65618751679528,16.05315798236263,0.4833034282235065,90.0,1.4142135623730951,0.07120949996169657,sampled,True
angle_controlled_018_angle120,angle,controlled,18,2,120,1414.1140823364258,1407.1265716552734,1421.1015930175781,70.50643566869003,70.75565426072521,35.377827130362604,35.253217834345016,16.974752537842914,0.6958065381503296,60.000000000000014,1.6329931618554518,0.08583169989287853,sampled,True
angle_controlled_019_angle30,angle,controlled,19,2,30,2427.1770629882812,2415.2599182128906,2439.094207763672,134.0860112414585,134.43766548433854,67.21883274216927,67.04300562072925,2.292661487138907,1.3136951559663816,29.999999999999993,2.8284271247461907,0.14899170002900064,sampled,True
angle_controlled_019_angle45,angle,controlled,19,2,45,1720.8631439208984,1711.9234313964844,1729.8028564453125,90.76276200780337,90.99018890814033,45.49509445407016,45.38138100390169,2.453405276644702,0.9404842041392709,45.00000000000001,1.9999999999999998,0.11007469997275621,sampled,True
angle_controlled_019_angle60,angle,controlled,19,2,60,1407.7142715454102,1400.2842864990234,1415.1442565917969,69.50098094659573,69.72291875983552,34.86145937991776,34.750490473297866,2.402893721503942,0.7321377186289842,60.00000000000001,1.632993161855452,0.09545820008497685,sampled,True
angle_controlled_019_angle90,angle,controlled,19,2,90,1221.666160583496,1215.7477569580078,1227.5845642089844,49.30528386335184,49.48426707538752,24.754878033476775,24.66598104892024,2.487533869842625,0.4771449140081334,90.0,1.4142135623730951,0.07936789991799742,sampled,True
angle_controlled_019_angle120,angle,controlled,19,2,120,1413.7735748291016,1406.9102783203125,1420.6368713378906,69.80498085067067,70.00385382806614,35.00192691403307,34.90249042533534,3.1166487569814114,0.676396924891121,60.000000000000014,1.6329931618554518,0.09282749996054918,sampled,True
angle_controlled_020_angle30,angle,controlled,20,2,30,2896.0219116210938,2880.975311279297,2911.0685119628906,151.24354405772374,151.74072840614204,75.87036420307102,75.62177202886187,62.33926711640016,1.5686213405955516,29.999999999999993,2.828427124746192,0.19586310000158846,sampled,True
angle_controlled_020_angle45,angle,controlled,20,2,45,1919.1973342895508,1909.5228424072266,1928.871826171875,98.02935616023117,98.38736446479358,49.19368223239679,49.01467808011559,40.41590524282381,0.9869476508732042,45.0,2.0,0.11245899996720254,sampled,True
angle_controlled_020_angle60,angle,controlled,20,2,60,1514.2381210327148,1507.2765655517578,1521.1996765136719,73.44632863320852,73.6512949283915,36.82564746419575,36.72316431660426,30.267995790080427,0.6741094989757164,59.99999999999999,1.6329931618554523,0.07700970000587404,sampled,True
angle_controlled_020_angle90,angle,controlled,20,2,90,1262.224868774414,1255.4357299804688,1269.0140075683594,50.76584411742878,50.9629346007959,25.48146730039795,25.38292205871439,20.8863703312936,0.5452964810286749,90.0,1.4142135623730951,0.0813091000309214,sampled,True
angle_controlled_020_angle120,angle,controlled,20,2,120,1415.7968444824219,1408.0770263671875,1423.5166625976562,68.55472355768282,68.90639349474854,34.45319674737427,34.27736177884141,16.774661826639026,0.7473671910317178,60.000000000000014,1.6329931618554518,0.09693200001493096,sampled,True
angle_controlled_021_angle30,angle,controlled,21,2,30,2542.874221801758,2529.532012939453,2556.2164306640625,138.43223318582437,138.79402542667543,69.39701271333772,69.21611659291219,20.961636063272717,1.4488748713673352,29.999999999999993,2.828427124746191,0.1626210999675095,sampled,True
angle_controlled_021_angle45,angle,controlled,21,2,45,1769.1985244750977,1761.5188751220703,1776.878173828125,92.63874004554769,92.86032148684725,46.43016074342363,46.319370022773846,18.045977017338586,0.8026827256164589,45.00000000000001,2.0,0.10097779997158796,sampled,True
angle_controlled_021_angle60,angle,controlled,21,2,60,1434.9134674072266,1427.407470703125,1442.4194641113281,70.5061902514207,70.74716428863289,35.373582144316444,35.25309512571035,17.859986747244108,0.7363017418822416,59.99999999999999,1.6329931618554525,0.09085770009551197,sampled,True
angle_controlled_021_angle90,angle,controlled,21,2,90,1231.375259399414,1224.4106140136719,1238.3399047851562,49.640625,49.851612085659404,24.925806042829702,24.8203125,20.750767707655026,0.560748787538158,90.0,1.4142135623730951,0.0872646999778226,sampled,True
angle_controlled_021_angle120,angle,controlled,21,2,120,1413.1803131103516,1405.7163391113281,1420.644287109375,69.48833581758356,69.68376706649924,34.84188353324962,34.74416790879178,28.788737454042565,0.7322280887028442,60.000000000000014,1.6329931618554518,0.09713120001833886,sampled,True
angle_controlled_022_angle30,angle,controlled,22,2,30,2711.4977416992188,2698.7080078125,2724.2874755859375,144.70339832335702,144.9849887838608,72.4924943919304,72.35169916167851,38.231255166901214,1.3613243394702,29.999999999999993,2.8284271247461903,0.1651990000391379,sampled,True
angle_controlled_022_angle45,angle,controlled,22,2,45,1843.482307434082,1834.1711883544922,1852.7934265136719,95.25832300542898,95.51597932874324,47.75798966437162,47.62916150271449,24.776244359316145,0.9600213869573633,45.00000000000001,1.9999999999999998,0.11541399999987334,sampled,True
angle_controlled_022_angle60,angle,controlled,22,2,60,1474.5384063720703,1466.8890380859375,1482.1877746582031,71.99884985958815,72.19587385481358,36.09793692740679,35.999424929794074,18.59651859213603,0.7451860517227747,59.99999999999999,1.632993161855452,0.09879059996455908,sampled,True
angle_controlled_022_angle90,angle,controlled,22,2,90,1246.622703552246,1240.5955352783203,1252.6498718261719,50.182292815364974,50.37442871981435,25.187214359907173,25.091146407682487,13.026392349429864,0.48475661942882137,90.0,1.4142135623730951,0.07473910006228834,sampled,True
angle_controlled_022_angle120,angle,controlled,22,2,120,1414.1863861083984,1407.3206176757812,1421.0521545410156,69.00984718711571,69.30815508530092,34.65407754265046,34.504923593557855,10.991254155856948,0.6697203079943129,60.000000000000014,1.6329931618554518,0.08214409998618066,sampled,True
angle_controlled_023_angle30,angle,controlled,23,2,30,2226.1206665039062,2213.9835205078125,2238.2578125,126.37055757677746,126.78047635409133,63.39023817704567,63.18527878838873,32.26862464369871,1.3749561309429523,29.999999999999993,2.8284271247461903,0.14339710003696382,sampled,True
angle_controlled_023_angle45,angle,controlled,23,2,45,1629.6664581298828,1621.0653991699219,1638.2675170898438,87.27568624855522,87.62723345773864,43.81361672886932,43.63784312427761,22.79338348282225,0.9201024785098502,44.999999999999986,2.0,0.10498249996453524,sampled,True
angle_controlled_023_angle60,angle,controlled,23,2,60,1356.2271881103516,1349.5097351074219,1362.9446411132812,67.56744067453377,67.86569639060687,33.932848195303436,33.783720337266885,17.90572088870793,0.6689701287392283,59.99999999999999,1.632993161855452,0.08545989997219294,sampled,True
angle_controlled_023_angle90,angle,controlled,23,2,90,1202.5161666870117,1196.5779876708984,1208.454345703125,49.31132476914691,49.46822932843488,24.737882383607136,24.65865976933928,13.193077936229365,0.4861601969604833,90.0,1.4142135623730951,0.0797877999721095,sampled,True
angle_controlled_023_angle120,angle,controlled,23,2,120,1414.7574005126953,1407.2687072753906,1422.24609375,70.5051910437191,70.70253150648696,35.35126575324348,35.25259552185955,11.444027234678217,0.7445540850907336,60.000000000000014,1.6329931618554518,0.0950143999652937,sampled,True
angle_controlled_024_angle30,angle,controlled,24,2,30,2584.878387451172,2572.7709045410156,2596.985870361328,140.09967209575436,140.4327748704429,70.21638743522145,70.04983604787718,23.491717461028035,1.3094313998197766,30.000000000000004,2.8284271247461907,0.1556867000181228,sampled,True
angle_controlled_024_angle45,angle,controlled,24,2,45,1788.9695892333984,1780.4871826171875,1797.4519958496094,93.35013846829999,93.57177884068548,46.78588942034274,46.675069234149994,17.387624430999793,0.8831544628302455,45.0,1.9999999999999998,0.11254130001179874,sampled,True
angle_controlled_024_angle60,angle,controlled,24,2,60,1444.6435775756836,1437.869888305664,1451.4172668457031,70.95574711110935,71.10008900310885,35.550044501554424,35.47787355555467,15.496172161729259,0.6636408715523308,59.999999999999986,1.6329931618554523,0.09861119999550283,sampled,True
angle_controlled_024_angle90,angle,controlled,24,2,90,1234.5628051757812,1229.5719909667969,1239.5536193847656,49.768188832113495,49.96706251547894,24.98353125773947,24.884094416056747,16.11944663861685,0.40236472498420384,90.0,1.4142135623730951,0.07233699993230402,sampled,True
angle_controlled_024_angle120,angle,controlled,24,2,120,1412.9745254516602,1406.3133087158203,1419.6357421875,69.3731966351339,69.57804692758926,34.78902346379463,34.68659831756695,21.367928608703345,0.6529484104520294,60.000000000000014,1.6329931618554518,0.0886032999260351,sampled,True
angle_controlled_025_angle30,angle,controlled,25,2,30,2294.0299758911133,2281.6363677978516,2306.423583984375,128.99970724383115,129.45753354178603,64.72876677089302,64.49985362191558,22.858798237621844,1.391284711601396,30.000000000000004,2.8284271247461916,0.16592119995038956,sampled,True
angle_controlled_025_angle45,angle,controlled,25,2,45,1660.0562896728516,1651.897705078125,1668.2148742675781,88.46111723630509,88.77464790328128,44.38732395164064,44.23055861815254,17.17577529282138,0.8683239622881016,45.00000000000001,2.0,0.10387640004046261,sampled,True
angle_controlled_025_angle60,angle,controlled,25,2,60,1374.1177368164062,1366.7514038085938,1381.4840698242188,68.24437581458464,68.44126434424676,34.22063217212338,34.12218790729232,14.535989120816073,0.729883399523522,60.00000000000001,1.632993161855452,0.08747270004823804,sampled,True
angle_controlled_025_angle90,angle,controlled,25,2,90,1209.8948593139648,1202.9926300048828,1216.7970886230469,49.32874149569223,49.50604211171002,24.759024633634528,24.67059335937263,13.171001220763745,0.5616418021295094,90.0,1.4142135623730951,0.08919069997500628,sampled,True
angle_controlled_025_angle120,angle,controlled,25,2,120,1414.1462173461914,1406.7458953857422,1421.5465393066406,70.22473037575621,70.44684431211348,35.22342215605674,35.112365187878105,15.655098838510819,0.7334678318186599,60.000000000000014,1.6329931618554518,0.09772359998896718,sampled,True
angle_controlled_026_angle30,angle,controlled,26,2,30,2343.5753631591797,2332.3046264648438,2354.8460998535156,130.88804548330398,131.28887747309187,65.64443873654594,65.44402274165199,14.466802759668315,1.2567465610480433,29.999999999999993,2.8284271247461903,0.13704299996607006,sampled,True
angle_controlled_026_angle45,angle,controlled,26,2,45,1683.736701965332,1674.917495727539,1692.555908203125,89.36236064610279,89.55022193459465,44.77511096729732,44.68118032305139,10.83657711112342,0.9332180663027669,45.0,2.0,0.11414970003534108,sampled,True
angle_controlled_026_angle60,angle,controlled,26,2,60,1387.2937088012695,1379.6659698486328,1394.9214477539062,68.6954564353661,68.9768850336496,34.4884425168248,34.34772821768305,8.966186647382687,0.754361722159907,60.00000000000001,1.632993161855452,0.0998606999637559,sampled,True
angle_controlled_026_angle90,angle,controlled,26,2,90,1214.6496047973633,1207.9883880615234,1221.3108215332031,49.254420667816866,49.45188646257119,24.73436161542354,24.63655410020101,7.540812742072802,0.5394363628249822,90.0,1.4142135623730951,0.08018079993780702,sampled,True
angle_controlled_026_angle120,angle,controlled,26,2,120,1413.585090637207,1406.8571319580078,1420.3130493164062,70.03959734702366,70.30525743948893,35.15262871974446,35.01979867351183,8.163152023982288,0.666065649697444,60.000000000000014,1.632993161855452,0.08476720005273819,sampled,True
angle_controlled_027_angle30,angle,controlled,27,2,30,2403.3940658569336,2390.1637115478516,2416.6244201660156,133.10899097733372,133.6061281272103,66.80306406360515,66.55449548866686,16.052098839820562,1.4629136395685098,29.999999999999993,2.82842712474619,0.1663210999686271,sampled,True
angle_controlled_027_angle45,angle,controlled,27,2,45,1709.5930252075195,1700.684829711914,1718.501220703125,90.33271021704292,90.7276493008402,45.3638246504201,45.16635510852146,16.40460679656935,0.9406099071584415,45.0,1.9999999999999998,0.11603709997143596,sampled,True
angle_controlled_027_angle60,angle,controlled,27,2,60,1400.491928100586,1393.8486328125,1407.1352233886719,69.26593186861022,69.50667139321277,34.753335696606385,34.63296593430511,17.26267253028687,0.656302727530437,59.99999999999999,1.632993161855452,0.07781290006823838,sampled,True
angle_controlled_027_angle90,angle,controlled,27,2,90,1219.5798568725586,1212.9396514892578,1226.2200622558594,49.31834231967004,49.42613674124311,24.723937901695237,24.670112152890855,20.875678514081528,0.5353030983055012,90.0,1.414213562373095,0.07433829992078245,sampled,True
angle_controlled_027_angle120,angle,controlled,27,2,120,1413.4528427124023,1405.7274627685547,1421.17822265625,69.88420532953792,70.1332911521485,35.06664557607425,34.94210266476896,29.397408574883123,0.762474842669872,60.000000000000014,1.6329931618554516,0.08035820000804961,sampled,True
angle_controlled_028_angle30,angle,controlled,28,2,30,2580.0680236816406,2566.170867919922,2593.9651794433594,139.8085871469956,140.2063338085661,70.10316690428304,69.9042935734978,19.981359348528883,1.5023094952533633,29.999999999999993,2.8284271247461907,0.1402597000123933,sampled,True
angle_controlled_028_angle45,angle,controlled,28,2,45,1787.0074996948242,1777.8212127685547,1796.1937866210938,93.20003432899465,93.55156734097578,46.77578367048789,46.600017164497324,12.769831192625341,0.9569029203837434,45.0,2.0,0.09984430007170886,sampled,True
angle_controlled_028_angle60,angle,controlled,28,2,60,1443.2562103271484,1436.4621276855469,1450.05029296875,70.80411145185235,71.00908076282391,35.50454038141196,35.402055725926175,9.578437961387163,0.665413558889826,59.99999999999999,1.6329931618554523,0.07217059994582087,sampled,True
angle_controlled_028_angle90,angle,controlled,28,2,90,1235.9903411865234,1229.2704162597656,1242.7102661132812,49.78527195087575,49.957563167910635,24.978781583955318,24.892635975437877,6.922588616255785,0.5402885663157762,90.0,1.4142135623730951,0.08541960001457483,sampled,True
angle_controlled_028_angle120,angle,controlled,28,2,120,1414.6986923217773,1406.9881439208984,1422.4092407226562,69.39900740647452,69.61026277842967,34.805131389214836,34.69950370323726,6.453173699501108,0.7546819649150951,60.000000000000014,1.6329931618554518,0.10290820000227541,sampled,True
angle_controlled_029_angle30,angle,controlled,29,2,30,2899.2199630737305,2884.6671295166016,2913.7727966308594,151.4276288602135,151.83756048946066,75.91878024473033,75.71381443010675,62.88450167350963,1.516704904430853,29.999999999999993,2.828427124746192,0.18523229996208102,sampled,True
angle_controlled_029_angle45,angle,controlled,29,2,45,1919.7331237792969,1910.7476806640625,1928.7185668945312,98.0374123919824,98.35107813497775,49.17553906748888,49.0187061959912,40.76657906796373,0.9163887703188571,45.0,2.0,0.12192749988753349,sampled,True
angle_controlled_029_angle60,angle,controlled,29,2,60,1515.9659957885742,1508.188705444336,1523.7432861328125,73.48448484503007,73.7495005445217,36.87475027226085,36.742242422515034,30.52538174626439,0.752845028026999,59.999999999999986,1.6329931618554523,0.10233479994349182,sampled,True
angle_controlled_029_angle90,angle,controlled,29,2,90,1262.6426239013672,1255.6013488769531,1269.6838989257812,50.8359375,50.97675646514823,25.488378232574114,25.41796875,21.06192368874043,0.5654027154748822,90.0,1.414213562373095,0.08905179996509105,sampled,True
angle_controlled_029_angle120,angle,controlled,29,2,120,1415.3710556030273,1407.929946899414,1422.8121643066406,68.6065008525323,68.87151548014063,34.435757740070315,34.30325042626615,16.90154742165409,0.7203767948105101,60.000000000000014,1.6329931618554516,0.0912787999259308,sampled,True
