2026-09-11 16:59:42,919 INFO 开始Ω面积贪心：24个候选点，选择6点
2026-09-11 16:59:42,934 DEBUG 层 0：检查 40000 格，内部 272，边界 320
2026-09-11 16:59:42,934 DEBUG 层 1：检查 1280 格，内部 288，边界 644
2026-09-11 16:59:42,934 DEBUG 层 2：检查 2576 格，内部 608，边界 1286
2026-09-11 16:59:42,935 DEBUG 层 3：检查 5144 格，内部 1286，边界 2574
2026-09-11 16:59:42,936 DEBUG 层 4：检查 10296 格，内部 2588，边界 5150
2026-09-11 16:59:42,937 DEBUG 层 5：检查 20600 格，内部 5168，边界 10300
2026-09-11 16:59:42,942 DEBUG 层 6：检查 41200 格，内部 10356，边界 20604
2026-09-11 16:59:43,433 DEBUG 求解结束：sampled；可行点 71569，叶格 41170，边界格边长 0.281250 m
2026-09-11 16:59:43,439 DEBUG 层 0：检查 40000 格，内部 2，边界 36
2026-09-11 16:59:43,439 DEBUG 层 1：检查 144 格，内部 22，边界 70
2026-09-11 16:59:43,439 DEBUG 层 2：检查 280 格，内部 56，边界 138
2026-09-11 16:59:43,439 DEBUG 层 3：检查 552 格，内部 118，边界 269
2026-09-11 16:59:43,439 DEBUG 层 4：检查 1076 格，内部 235，边界 542
2026-09-11 16:59:43,440 DEBUG 层 5：检查 2168 格，内部 514，边界 1092
2026-09-11 16:59:43,440 DEBUG 层 6：检查 4368 格，内部 1069，边界 2185
2026-09-11 16:59:43,488 DEBUG 求解结束：sampled；可行点 7186，叶格 4201，边界格边长 0.281250 m
2026-09-11 16:59:43,494 DEBUG 层 0：检查 40000 格，内部 0，边界 17
2026-09-11 16:59:43,495 DEBUG 层 1：检查 68 格，内部 11，边界 38
2026-09-11 16:59:43,495 DEBUG 层 2：检查 152 格，内部 38，边界 76
2026-09-11 16:59:43,495 DEBUG 层 3：检查 304 格，内部 84，边界 150
2026-09-11 16:59:43,495 DEBUG 层 4：检查 600 格，内部 141，边界 296
2026-09-11 16:59:43,495 DEBUG 层 5：检查 1184 格，内部 279，边界 598
2026-09-11 16:59:43,496 DEBUG 层 6：检查 2392 格，内部 607，边界 1190
2026-09-11 16:59:43,522 DEBUG 求解结束：sampled；可行点 4040，叶格 2350，边界格边长 0.281250 m
2026-09-11 16:59:43,527 DEBUG 层 0：检查 40000 格，内部 0，边界 13
2026-09-11 16:59:43,527 DEBUG 层 1：检查 52 格，内部 6，边界 25
2026-09-11 16:59:43,527 DEBUG 层 2：检查 100 格，内部 31，边界 54
2026-09-11 16:59:43,527 DEBUG 层 3：检查 216 格，内部 62，边界 108
2026-09-11 16:59:43,527 DEBUG 层 4：检查 432 格，内部 132，边界 214
2026-09-11 16:59:43,528 DEBUG 层 5：检查 856 格，内部 204，边界 428
2026-09-11 16:59:43,528 DEBUG 层 6：检查 1712 格，内部 420，边界 854
2026-09-11 16:59:43,548 DEBUG 求解结束：sampled；可行点 2953，叶格 1709，边界格边长 0.281250 m
2026-09-11 16:59:43,553 DEBUG 层 0：检查 40000 格，内部 0，边界 10
2026-09-11 16:59:43,553 DEBUG 层 1：检查 40 格，内部 6，边界 20
2026-09-11 16:59:43,553 DEBUG 层 2：检查 80 格，内部 19，边界 42
2026-09-11 16:59:43,554 DEBUG 层 3：检查 168 格，内部 57，边界 85
2026-09-11 16:59:43,554 DEBUG 层 4：检查 340 格，内部 111，边界 172
2026-09-11 16:59:43,554 DEBUG 层 5：检查 688 格，内部 170，边界 343
2026-09-11 16:59:43,554 DEBUG 层 6：检查 1372 格，内部 344，边界 683
2026-09-11 16:59:43,570 DEBUG 求解结束：sampled；可行点 2411，叶格 1390，边界格边长 0.281250 m
2026-09-11 16:59:43,575 DEBUG 层 0：检查 40000 格，内部 0，边界 8
2026-09-11 16:59:43,575 DEBUG 层 1：检查 32 格，内部 5，边界 16
2026-09-11 16:59:43,575 DEBUG 层 2：检查 64 格，内部 21，边界 33
2026-09-11 16:59:43,575 DEBUG 层 3：检查 132 格，内部 42，边界 70
2026-09-11 16:59:43,575 DEBUG 层 4：检查 280 格，内部 98，边界 142
2026-09-11 16:59:43,575 DEBUG 层 5：检查 568 格，内部 149，边界 288
2026-09-11 16:59:43,575 DEBUG 层 6：检查 1152 格，内部 309，边界 575
2026-09-11 16:59:43,588 DEBUG 求解结束：sampled；可行点 2095，叶格 1199，边界格边长 0.281250 m
2026-09-11 16:59:43,592 DEBUG 层 0：检查 40000 格，内部 0，边界 5
2026-09-11 16:59:43,593 DEBUG 层 1：检查 20 格，内部 4，边界 12
2026-09-11 16:59:43,593 DEBUG 层 2：检查 48 格，内部 20，边界 28
2026-09-11 16:59:43,593 DEBUG 层 3：检查 112 格，内部 52，边界 60
2026-09-11 16:59:43,593 DEBUG 层 4：检查 240 格，内部 116，边界 124
2026-09-11 16:59:43,593 DEBUG 层 5：检查 496 格，内部 125，边界 252
2026-09-11 16:59:43,593 DEBUG 层 6：检查 1008 格，内部 265，边界 508
2026-09-11 16:59:43,605 DEBUG 求解结束：sampled；可行点 1884，叶格 1090，边界格边长 0.281250 m
2026-09-11 16:59:43,609 DEBUG 层 0：检查 40000 格，内部 0，边界 8
2026-09-11 16:59:43,610 DEBUG 层 1：检查 32 格，内部 5，边界 16
2026-09-11 16:59:43,610 DEBUG 层 2：检查 64 格，内部 21，边界 33
2026-09-11 16:59:43,610 DEBUG 层 3：检查 132 格，内部 42，边界 70
2026-09-11 16:59:43,610 DEBUG 层 4：检查 280 格，内部 98，边界 142
2026-09-11 16:59:43,610 DEBUG 层 5：检查 568 格，内部 149，边界 287
2026-09-11 16:59:43,610 DEBUG 层 6：检查 1148 格，内部 302，边界 575
2026-09-11 16:59:43,624 DEBUG 求解结束：sampled；可行点 2085，叶格 1192，边界格边长 0.281250 m
2026-09-11 16:59:43,629 DEBUG 层 0：检查 40000 格，内部 0，边界 10
2026-09-11 16:59:43,630 DEBUG 层 1：检查 40 格，内部 6，边界 19
2026-09-11 16:59:43,630 DEBUG 层 2：检查 76 格，内部 19，边界 42
2026-09-11 16:59:43,630 DEBUG 层 3：检查 168 格，内部 57，边界 84
2026-09-11 16:59:43,630 DEBUG 层 4：检查 336 格，内部 111，边界 171
2026-09-11 16:59:43,630 DEBUG 层 5：检查 684 格，内部 169，边界 341
2026-09-11 16:59:43,630 DEBUG 层 6：检查 1364 格，内部 336，边界 682
2026-09-11 16:59:43,645 DEBUG 求解结束：sampled；可行点 2389，叶格 1380，边界格边长 0.281250 m
2026-09-11 16:59:43,649 DEBUG 层 0：检查 40000 格，内部 0，边界 13
2026-09-11 16:59:43,650 DEBUG 层 1：检查 52 格，内部 6，边界 25
2026-09-11 16:59:43,650 DEBUG 层 2：检查 100 格，内部 31，边界 54
2026-09-11 16:59:43,650 DEBUG 层 3：检查 216 格，内部 61，边界 108
2026-09-11 16:59:43,650 DEBUG 层 4：检查 432 格，内部 134，边界 213
2026-09-11 16:59:43,650 DEBUG 层 5：检查 852 格，内部 204，边界 427
2026-09-11 16:59:43,650 DEBUG 层 6：检查 1708 格，内部 418，边界 854
2026-09-11 16:59:43,669 DEBUG 求解结束：sampled；可行点 2947，叶格 1708，边界格边长 0.281250 m
2026-09-11 16:59:43,673 DEBUG 层 0：检查 40000 格，内部 0，边界 17
2026-09-11 16:59:43,673 DEBUG 层 1：检查 68 格，内部 11，边界 37
2026-09-11 16:59:43,673 DEBUG 层 2：检查 148 格，内部 37，边界 75
2026-09-11 16:59:43,673 DEBUG 层 3：检查 300 格，内部 86，边界 150
2026-09-11 16:59:43,673 DEBUG 层 4：检查 600 格，内部 141，边界 296
2026-09-11 16:59:43,673 DEBUG 层 5：检查 1184 格，内部 279，边界 595
2026-09-11 16:59:43,674 DEBUG 层 6：检查 2380 格，内部 607，边界 1185
2026-09-11 16:59:43,700 DEBUG 求解结束：sampled；可行点 4034，叶格 2346，边界格边长 0.281250 m
2026-09-11 16:59:43,705 DEBUG 层 0：检查 40000 格，内部 1，边界 35
2026-09-11 16:59:43,705 DEBUG 层 1：检查 140 格，内部 24，边界 69
2026-09-11 16:59:43,705 DEBUG 层 2：检查 276 格，内部 60，边界 137
2026-09-11 16:59:43,705 DEBUG 层 3：检查 548 格，内部 119，边界 265
2026-09-11 16:59:43,706 DEBUG 层 4：检查 1060 格，内部 233，边界 538
2026-09-11 16:59:43,706 DEBUG 层 5：检查 2152 格，内部 509，边界 1076
2026-09-11 16:59:43,706 DEBUG 层 6：检查 4304 格，内部 1026，边界 2151
2026-09-11 16:59:43,752 DEBUG 求解结束：sampled；可行点 7067，叶格 4123，边界格边长 0.281250 m
2026-09-11 16:59:43,758 DEBUG 层 0：检查 40000 格，内部 0，边界 224
2026-09-11 16:59:43,758 DEBUG 层 1：检查 896 格，内部 212，边界 452
2026-09-11 16:59:43,758 DEBUG 层 2：检查 1808 格，内部 436，边界 904
2026-09-11 16:59:43,759 DEBUG 层 3：检查 3616 格，内部 876，边界 1808
2026-09-11 16:59:43,759 DEBUG 层 4：检查 7232 格，内部 1756，边界 3616
2026-09-11 16:59:43,761 DEBUG 层 5：检查 14464 格，内部 3504，边界 7236
2026-09-11 16:59:43,763 DEBUG 层 6：检查 28944 格，内部 7224，边界 14472
2026-09-11 16:59:44,095 DEBUG 求解结束：sampled；可行点 48907，叶格 28480，边界格边长 0.281250 m
2026-09-11 16:59:44,100 DEBUG 层 0：检查 40000 格，内部 1，边界 35
2026-09-11 16:59:44,101 DEBUG 层 1：检查 140 格，内部 24，边界 69
2026-09-11 16:59:44,101 DEBUG 层 2：检查 276 格，内部 60，边界 137
2026-09-11 16:59:44,101 DEBUG 层 3：检查 548 格，内部 119，边界 265
2026-09-11 16:59:44,101 DEBUG 层 4：检查 1060 格，内部 233，边界 538
2026-09-11 16:59:44,101 DEBUG 层 5：检查 2152 格，内部 509，边界 1076
2026-09-11 16:59:44,102 DEBUG 层 6：检查 4304 格，内部 1026，边界 2151
2026-09-11 16:59:44,150 DEBUG 求解结束：sampled；可行点 7067，叶格 4123，边界格边长 0.281250 m
2026-09-11 16:59:44,155 DEBUG 层 0：检查 40000 格，内部 0，边界 17
2026-09-11 16:59:44,155 DEBUG 层 1：检查 68 格，内部 11，边界 37
2026-09-11 16:59:44,155 DEBUG 层 2：检查 148 格，内部 37，边界 75
2026-09-11 16:59:44,155 DEBUG 层 3：检查 300 格，内部 86，边界 150
2026-09-11 16:59:44,155 DEBUG 层 4：检查 600 格，内部 141，边界 296
2026-09-11 16:59:44,156 DEBUG 层 5：检查 1184 格，内部 279，边界 595
2026-09-11 16:59:44,156 DEBUG 层 6：检查 2380 格，内部 607，边界 1185
2026-09-11 16:59:44,182 DEBUG 求解结束：sampled；可行点 4034，叶格 2346，边界格边长 0.281250 m
2026-09-11 16:59:44,187 DEBUG 层 0：检查 40000 格，内部 0，边界 13
2026-09-11 16:59:44,187 DEBUG 层 1：检查 52 格，内部 6，边界 25
2026-09-11 16:59:44,187 DEBUG 层 2：检查 100 格，内部 31，边界 54
2026-09-11 16:59:44,187 DEBUG 层 3：检查 216 格，内部 61，边界 108
2026-09-11 16:59:44,187 DEBUG 层 4：检查 432 格，内部 134，边界 213
2026-09-11 16:59:44,188 DEBUG 层 5：检查 852 格，内部 204，边界 427
2026-09-11 16:59:44,188 DEBUG 层 6：检查 1708 格，内部 418，边界 854
2026-09-11 16:59:44,206 DEBUG 求解结束：sampled；可行点 2947，叶格 1708，边界格边长 0.281250 m
2026-09-11 16:59:44,210 DEBUG 层 0：检查 40000 格，内部 0，边界 10
2026-09-11 16:59:44,211 DEBUG 层 1：检查 40 格，内部 6，边界 19
2026-09-11 16:59:44,211 DEBUG 层 2：检查 76 格，内部 19，边界 42
2026-09-11 16:59:44,211 DEBUG 层 3：检查 168 格，内部 57，边界 84
2026-09-11 16:59:44,211 DEBUG 层 4：检查 336 格，内部 111，边界 171
2026-09-11 16:59:44,211 DEBUG 层 5：检查 684 格，内部 169，边界 341
2026-09-11 16:59:44,211 DEBUG 层 6：检查 1364 格，内部 336，边界 682
2026-09-11 16:59:44,226 DEBUG 求解结束：sampled；可行点 2389，叶格 1380，边界格边长 0.281250 m
2026-09-11 16:59:44,231 DEBUG 层 0：检查 40000 格，内部 0，边界 8
2026-09-11 16:59:44,231 DEBUG 层 1：检查 32 格，内部 5，边界 16
2026-09-11 16:59:44,231 DEBUG 层 2：检查 64 格，内部 21，边界 33
2026-09-11 16:59:44,231 DEBUG 层 3：检查 132 格，内部 42，边界 70
2026-09-11 16:59:44,231 DEBUG 层 4：检查 280 格，内部 98，边界 142
2026-09-11 16:59:44,231 DEBUG 层 5：检查 568 格，内部 149，边界 287
2026-09-11 16:59:44,232 DEBUG 层 6：检查 1148 格，内部 302，边界 575
2026-09-11 16:59:44,245 DEBUG 求解结束：sampled；可行点 2085，叶格 1192，边界格边长 0.281250 m
2026-09-11 16:59:44,250 DEBUG 层 0：检查 40000 格，内部 0，边界 5
2026-09-11 16:59:44,250 DEBUG 层 1：检查 20 格，内部 4，边界 12
2026-09-11 16:59:44,250 DEBUG 层 2：检查 48 格，内部 20，边界 28
2026-09-11 16:59:44,251 DEBUG 层 3：检查 112 格，内部 52，边界 60
2026-09-11 16:59:44,251 DEBUG 层 4：检查 240 格，内部 116，边界 124
2026-09-11 16:59:44,251 DEBUG 层 5：检查 496 格，内部 125，边界 252
2026-09-11 16:59:44,251 DEBUG 层 6：检查 1008 格，内部 265，边界 508
2026-09-11 16:59:44,263 DEBUG 求解结束：sampled；可行点 1884，叶格 1090，边界格边长 0.281250 m
2026-09-11 16:59:44,267 DEBUG 层 0：检查 40000 格，内部 0，边界 8
2026-09-11 16:59:44,268 DEBUG 层 1：检查 32 格，内部 5，边界 16
2026-09-11 16:59:44,268 DEBUG 层 2：检查 64 格，内部 21，边界 33
2026-09-11 16:59:44,268 DEBUG 层 3：检查 132 格，内部 42，边界 70
2026-09-11 16:59:44,268 DEBUG 层 4：检查 280 格，内部 98，边界 142
2026-09-11 16:59:44,268 DEBUG 层 5：检查 568 格，内部 149，边界 288
2026-09-11 16:59:44,268 DEBUG 层 6：检查 1152 格，内部 309，边界 575
2026-09-11 16:59:44,282 DEBUG 求解结束：sampled；可行点 2095，叶格 1199，边界格边长 0.281250 m
2026-09-11 16:59:44,287 DEBUG 层 0：检查 40000 格，内部 0，边界 10
2026-09-11 16:59:44,287 DEBUG 层 1：检查 40 格，内部 6，边界 20
2026-09-11 16:59:44,287 DEBUG 层 2：检查 80 格，内部 19，边界 42
2026-09-11 16:59:44,287 DEBUG 层 3：检查 168 格，内部 57，边界 85
2026-09-11 16:59:44,288 DEBUG 层 4：检查 340 格，内部 111，边界 172
2026-09-11 16:59:44,288 DEBUG 层 5：检查 688 格，内部 170，边界 343
2026-09-11 16:59:44,288 DEBUG 层 6：检查 1372 格，内部 344，边界 683
2026-09-11 16:59:44,304 DEBUG 求解结束：sampled；可行点 2411，叶格 1390，边界格边长 0.281250 m
2026-09-11 16:59:44,308 DEBUG 层 0：检查 40000 格，内部 0，边界 13
2026-09-11 16:59:44,309 DEBUG 层 1：检查 52 格，内部 6，边界 25
2026-09-11 16:59:44,309 DEBUG 层 2：检查 100 格，内部 31，边界 54
2026-09-11 16:59:44,309 DEBUG 层 3：检查 216 格，内部 62，边界 108
2026-09-11 16:59:44,309 DEBUG 层 4：检查 432 格，内部 132，边界 214
2026-09-11 16:59:44,309 DEBUG 层 5：检查 856 格，内部 204，边界 428
2026-09-11 16:59:44,309 DEBUG 层 6：检查 1712 格，内部 420，边界 854
2026-09-11 16:59:44,328 DEBUG 求解结束：sampled；可行点 2953，叶格 1709，边界格边长 0.281250 m
2026-09-11 16:59:44,332 DEBUG 层 0：检查 40000 格，内部 0，边界 17
2026-09-11 16:59:44,333 DEBUG 层 1：检查 68 格，内部 11，边界 38
2026-09-11 16:59:44,333 DEBUG 层 2：检查 152 格，内部 38，边界 76
2026-09-11 16:59:44,333 DEBUG 层 3：检查 304 格，内部 84，边界 150
2026-09-11 16:59:44,333 DEBUG 层 4：检查 600 格，内部 141，边界 296
2026-09-11 16:59:44,333 DEBUG 层 5：检查 1184 格，内部 279，边界 598
2026-09-11 16:59:44,333 DEBUG 层 6：检查 2392 格，内部 607，边界 1190
2026-09-11 16:59:44,360 DEBUG 求解结束：sampled；可行点 4040，叶格 2350，边界格边长 0.281250 m
2026-09-11 16:59:44,365 DEBUG 层 0：检查 40000 格，内部 2，边界 36
2026-09-11 16:59:44,365 DEBUG 层 1：检查 144 格，内部 22，边界 70
2026-09-11 16:59:44,365 DEBUG 层 2：检查 280 格，内部 56，边界 138
2026-09-11 16:59:44,365 DEBUG 层 3：检查 552 格，内部 118，边界 269
2026-09-11 16:59:44,366 DEBUG 层 4：检查 1076 格，内部 235，边界 542
2026-09-11 16:59:44,366 DEBUG 层 5：检查 2168 格，内部 514，边界 1092
2026-09-11 16:59:44,367 DEBUG 层 6：检查 4368 格，内部 1069，边界 2185
2026-09-11 16:59:44,414 DEBUG 求解结束：sampled；可行点 7186，叶格 4201，边界格边长 0.281250 m
2026-09-11 16:59:44,416 INFO 贪心第2点：候选6，面积 1238.019 m²，直径≤49.918 m，最小交会角 90.0°
2026-09-11 16:59:44,421 DEBUG 层 0：检查 40000 格，内部 0，边界 5
2026-09-11 16:59:44,421 DEBUG 层 1：检查 20 格，内部 4，边界 12
2026-09-11 16:59:44,422 DEBUG 层 2：检查 48 格，内部 20，边界 28
2026-09-11 16:59:44,422 DEBUG 层 3：检查 112 格，内部 44，边界 60
2026-09-11 16:59:44,422 DEBUG 层 4：检查 240 格，内部 98，边界 124
2026-09-11 16:59:44,422 DEBUG 层 5：检查 496 格，内部 127，边界 252
2026-09-11 16:59:44,422 DEBUG 层 6：检查 1008 格，内部 271，边界 504
2026-09-11 16:59:44,435 DEBUG 求解结束：sampled；可行点 1858，叶格 1068，边界格边长 0.281250 m
2026-09-11 16:59:44,440 DEBUG 层 0：检查 40000 格，内部 0，边界 5
2026-09-11 16:59:44,440 DEBUG 层 1：检查 20 格，内部 4，边界 12
2026-09-11 16:59:44,440 DEBUG 层 2：检查 48 格，内部 18，边界 28
2026-09-11 16:59:44,441 DEBUG 层 3：检查 112 格，内部 46，边界 60
2026-09-11 16:59:44,441 DEBUG 层 4：检查 240 格，内部 98，边界 124
2026-09-11 16:59:44,441 DEBUG 层 5：检查 496 格，内部 123，边界 252
2026-09-11 16:59:44,441 DEBUG 层 6：检查 1008 格，内部 262，边界 504
2026-09-11 16:59:44,452 DEBUG 求解结束：sampled；可行点 1822，叶格 1055，边界格边长 0.281250 m
2026-09-11 16:59:44,459 DEBUG 层 0：检查 40000 格，内部 0，边界 5
2026-09-11 16:59:44,459 DEBUG 层 1：检查 20 格，内部 4，边界 12
2026-09-11 16:59:44,459 DEBUG 层 2：检查 48 格，内部 18，边界 28
2026-09-11 16:59:44,459 DEBUG 层 3：检查 112 格，内部 42，边界 60
2026-09-11 16:59:44,459 DEBUG 层 4：检查 240 格，内部 104，边界 124
2026-09-11 16:59:44,460 DEBUG 层 5：检查 496 格，内部 129，边界 252
2026-09-11 16:59:44,460 DEBUG 层 6：检查 1008 格，内部 275，边界 504
2026-09-11 16:59:44,472 DEBUG 求解结束：sampled；可行点 1858，叶格 1076，边界格边长 0.281250 m
2026-09-11 16:59:44,477 DEBUG 层 0：检查 40000 格，内部 0，边界 5
2026-09-11 16:59:44,477 DEBUG 层 1：检查 20 格，内部 4，边界 12
2026-09-11 16:59:44,477 DEBUG 层 2：检查 48 格，内部 18，边界 28
2026-09-11 16:59:44,477 DEBUG 层 3：检查 112 格，内部 46，边界 60
2026-09-11 16:59:44,477 DEBUG 层 4：检查 240 格，内部 98，边界 124
2026-09-11 16:59:44,477 DEBUG 层 5：检查 496 格，内部 123，边界 252
2026-09-11 16:59:44,477 DEBUG 层 6：检查 1008 格，内部 262，边界 504
2026-09-11 16:59:44,490 DEBUG 求解结束：sampled；可行点 1822，叶格 1055，边界格边长 0.281250 m
2026-09-11 16:59:44,495 DEBUG 层 0：检查 40000 格，内部 0，边界 5
2026-09-11 16:59:44,495 DEBUG 层 1：检查 20 格，内部 4，边界 12
2026-09-11 16:59:44,496 DEBUG 层 2：检查 48 格，内部 20，边界 28
2026-09-11 16:59:44,496 DEBUG 层 3：检查 112 格，内部 44，边界 60
2026-09-11 16:59:44,496 DEBUG 层 4：检查 240 格，内部 98，边界 124
2026-09-11 16:59:44,496 DEBUG 层 5：检查 496 格，内部 127，边界 252
2026-09-11 16:59:44,496 DEBUG 层 6：检查 1008 格，内部 271，边界 504
2026-09-11 16:59:44,508 DEBUG 求解结束：sampled；可行点 1858，叶格 1068，边界格边长 0.281250 m
2026-09-11 16:59:44,513 DEBUG 层 0：检查 40000 格，内部 0，边界 4
2026-09-11 16:59:44,513 DEBUG 层 1：检查 16 格，内部 4，边界 12
2026-09-11 16:59:44,514 DEBUG 层 2：检查 48 格，内部 20，边界 28
2026-09-11 16:59:44,514 DEBUG 层 3：检查 112 格，内部 44，边界 60
2026-09-11 16:59:44,514 DEBUG 层 4：检查 240 格，内部 98，边界 124
2026-09-11 16:59:44,514 DEBUG 层 5：检查 496 格，内部 127，边界 252
2026-09-11 16:59:44,514 DEBUG 层 6：检查 1008 格，内部 264，边界 504
2026-09-11 16:59:44,526 DEBUG 求解结束：sampled；可行点 1850，叶格 1061，边界格边长 0.281250 m
2026-09-11 16:59:44,532 DEBUG 层 0：检查 40000 格，内部 0，边界 4
2026-09-11 16:59:44,532 DEBUG 层 1：检查 16 格，内部 4，边界 12
2026-09-11 16:59:44,532 DEBUG 层 2：检查 48 格，内部 18，边界 28
2026-09-11 16:59:44,532 DEBUG 层 3：检查 112 格，内部 46，边界 60
2026-09-11 16:59:44,532 DEBUG 层 4：检查 240 格，内部 98，边界 124
2026-09-11 16:59:44,533 DEBUG 层 5：检查 496 格，内部 123，边界 252
2026-09-11 16:59:44,533 DEBUG 层 6：检查 1008 格，内部 254，边界 504
2026-09-11 16:59:44,545 DEBUG 求解结束：sampled；可行点 1813，叶格 1047，边界格边长 0.281250 m
2026-09-11 16:59:44,551 DEBUG 层 0：检查 40000 格，内部 0，边界 4
2026-09-11 16:59:44,552 DEBUG 层 1：检查 16 格，内部 4，边界 12
2026-09-11 16:59:44,552 DEBUG 层 2：检查 48 格，内部 18，边界 28
2026-09-11 16:59:44,552 DEBUG 层 3：检查 112 格，内部 42，边界 60
2026-09-11 16:59:44,552 DEBUG 层 4：检查 240 格，内部 104，边界 124
2026-09-11 16:59:44,552 DEBUG 层 5：检查 496 格，内部 129，边界 252
2026-09-11 16:59:44,552 DEBUG 层 6：检查 1008 格，内部 267，边界 504
2026-09-11 16:59:44,564 DEBUG 求解结束：sampled；可行点 1847，叶格 1068，边界格边长 0.281250 m
2026-09-11 16:59:44,569 DEBUG 层 0：检查 40000 格，内部 0，边界 4
2026-09-11 16:59:44,570 DEBUG 层 1：检查 16 格，内部 4，边界 12
2026-09-11 16:59:44,570 DEBUG 层 2：检查 48 格，内部 18，边界 28
2026-09-11 16:59:44,570 DEBUG 层 3：检查 112 格，内部 46，边界 60
2026-09-11 16:59:44,570 DEBUG 层 4：检查 240 格，内部 98，边界 124
2026-09-11 16:59:44,570 DEBUG 层 5：检查 496 格，内部 122，边界 252
2026-09-11 16:59:44,570 DEBUG 层 6：检查 1008 格，内部 258，边界 504
2026-09-11 16:59:44,583 DEBUG 求解结束：sampled；可行点 1816，叶格 1050，边界格边长 0.281250 m
2026-09-11 16:59:44,588 DEBUG 层 0：检查 40000 格，内部 0，边界 4
2026-09-11 16:59:44,588 DEBUG 层 1：检查 16 格，内部 4，边界 12
2026-09-11 16:59:44,588 DEBUG 层 2：检查 48 格，内部 20，边界 28
2026-09-11 16:59:44,588 DEBUG 层 3：检查 112 格，内部 44，边界 60
2026-09-11 16:59:44,589 DEBUG 层 4：检查 240 格，内部 98，边界 124
2026-09-11 16:59:44,589 DEBUG 层 5：检查 496 格，内部 127，边界 252
2026-09-11 16:59:44,589 DEBUG 层 6：检查 1008 格，内部 263，边界 504
2026-09-11 16:59:44,602 DEBUG 求解结束：sampled；可行点 1846，叶格 1060，边界格边长 0.281250 m
2026-09-11 16:59:44,607 DEBUG 层 0：检查 40000 格，内部 0，边界 4
2026-09-11 16:59:44,607 DEBUG 层 1：检查 16 格，内部 4，边界 12
2026-09-11 16:59:44,607 DEBUG 层 2：检查 48 格，内部 20，边界 28
2026-09-11 16:59:44,607 DEBUG 层 3：检查 112 格，内部 52，边界 60
2026-09-11 16:59:44,607 DEBUG 层 4：检查 240 格，内部 116，边界 124
2026-09-11 16:59:44,607 DEBUG 层 5：检查 496 格，内部 66，边界 252
2026-09-11 16:59:44,607 DEBUG 层 6：检查 1008 格，内部 366，边界 504
2026-09-11 16:59:44,620 DEBUG 求解结束：sampled；可行点 1967，叶格 1128，边界格边长 0.281250 m
2026-09-11 16:59:44,626 DEBUG 层 0：检查 40000 格，内部 0，边界 5
2026-09-11 16:59:44,626 DEBUG 层 1：检查 20 格，内部 4，边界 12
2026-09-11 16:59:44,626 DEBUG 层 2：检查 48 格，内部 20，边界 28
2026-09-11 16:59:44,627 DEBUG 层 3：检查 112 格，内部 44，边界 60
2026-09-11 16:59:44,627 DEBUG 层 4：检查 240 格，内部 98，边界 124
2026-09-11 16:59:44,627 DEBUG 层 5：检查 496 格，内部 129，边界 252
2026-09-11 16:59:44,627 DEBUG 层 6：检查 1008 格，内部 266，边界 504
2026-09-11 16:59:44,639 DEBUG 求解结束：sampled；可行点 1852，叶格 1065，边界格边长 0.281250 m
2026-09-11 16:59:44,644 DEBUG 层 0：检查 40000 格，内部 0，边界 5
2026-09-11 16:59:44,644 DEBUG 层 1：检查 20 格，内部 4，边界 12
2026-09-11 16:59:44,644 DEBUG 层 2：检查 48 格，内部 18，边界 28
2026-09-11 16:59:44,644 DEBUG 层 3：检查 112 格，内部 46，边界 60
2026-09-11 16:59:44,644 DEBUG 层 4：检查 240 格，内部 98，边界 124
2026-09-11 16:59:44,644 DEBUG 层 5：检查 496 格，内部 124，边界 252
2026-09-11 16:59:44,645 DEBUG 层 6：检查 1008 格，内部 260，边界 504
2026-09-11 16:59:44,656 DEBUG 求解结束：sampled；可行点 1821，叶格 1054，边界格边长 0.281250 m
2026-09-11 16:59:44,662 DEBUG 层 0：检查 40000 格，内部 0，边界 5
2026-09-11 16:59:44,662 DEBUG 层 1：检查 20 格，内部 4，边界 12
2026-09-11 16:59:44,663 DEBUG 层 2：检查 48 格，内部 18，边界 28
2026-09-11 16:59:44,663 DEBUG 层 3：检查 112 格，内部 42，边界 60
2026-09-11 16:59:44,663 DEBUG 层 4：检查 240 格，内部 104，边界 124
2026-09-11 16:59:44,663 DEBUG 层 5：检查 496 格，内部 131，边界 252
2026-09-11 16:59:44,663 DEBUG 层 6：检查 1008 格，内部 269，边界 504
2026-09-11 16:59:44,676 DEBUG 求解结束：sampled；可行点 1850，叶格 1072，边界格边长 0.281250 m
2026-09-11 16:59:44,681 DEBUG 层 0：检查 40000 格，内部 0，边界 5
2026-09-11 16:59:44,682 DEBUG 层 1：检查 20 格，内部 4，边界 12
2026-09-11 16:59:44,682 DEBUG 层 2：检查 48 格，内部 18，边界 28
2026-09-11 16:59:44,682 DEBUG 层 3：检查 112 格，内部 46，边界 60
2026-09-11 16:59:44,682 DEBUG 层 4：检查 240 格，内部 98，边界 124
2026-09-11 16:59:44,682 DEBUG 层 5：检查 496 格，内部 124，边界 252
2026-09-11 16:59:44,682 DEBUG 层 6：检查 1008 格，内部 260，边界 504
2026-09-11 16:59:44,695 DEBUG 求解结束：sampled；可行点 1821，叶格 1054，边界格边长 0.281250 m
2026-09-11 16:59:44,700 DEBUG 层 0：检查 40000 格，内部 0，边界 5
2026-09-11 16:59:44,700 DEBUG 层 1：检查 20 格，内部 4，边界 12
2026-09-11 16:59:44,700 DEBUG 层 2：检查 48 格，内部 20，边界 28
2026-09-11 16:59:44,700 DEBUG 层 3：检查 112 格，内部 44，边界 60
2026-09-11 16:59:44,700 DEBUG 层 4：检查 240 格，内部 98，边界 124
2026-09-11 16:59:44,700 DEBUG 层 5：检查 496 格，内部 129，边界 252
2026-09-11 16:59:44,701 DEBUG 层 6：检查 1008 格，内部 266，边界 504
2026-09-11 16:59:44,712 DEBUG 求解结束：sampled；可行点 1852，叶格 1065，边界格边长 0.281250 m
2026-09-11 16:59:44,718 DEBUG 层 0：检查 40000 格，内部 0，边界 4
2026-09-11 16:59:44,718 DEBUG 层 1：检查 16 格，内部 4，边界 12
2026-09-11 16:59:44,718 DEBUG 层 2：检查 48 格，内部 20，边界 28
2026-09-11 16:59:44,718 DEBUG 层 3：检查 112 格，内部 52，边界 60
2026-09-11 16:59:44,719 DEBUG 层 4：检查 240 格，内部 116，边界 124
2026-09-11 16:59:44,719 DEBUG 层 5：检查 496 格，内部 66，边界 252
2026-09-11 16:59:44,719 DEBUG 层 6：检查 1008 格，内部 366，边界 504
2026-09-11 16:59:44,732 DEBUG 求解结束：sampled；可行点 1967，叶格 1128，边界格边长 0.281250 m
2026-09-11 16:59:44,738 DEBUG 层 0：检查 40000 格，内部 0，边界 4
2026-09-11 16:59:44,739 DEBUG 层 1：检查 16 格，内部 4，边界 12
2026-09-11 16:59:44,739 DEBUG 层 2：检查 48 格，内部 20，边界 28
2026-09-11 16:59:44,739 DEBUG 层 3：检查 112 格，内部 44，边界 60
2026-09-11 16:59:44,739 DEBUG 层 4：检查 240 格，内部 98，边界 124
2026-09-11 16:59:44,739 DEBUG 层 5：检查 496 格，内部 127，边界 252
2026-09-11 16:59:44,739 DEBUG 层 6：检查 1008 格，内部 263，边界 504
2026-09-11 16:59:44,751 DEBUG 求解结束：sampled；可行点 1846，叶格 1060，边界格边长 0.281250 m
2026-09-11 16:59:44,756 DEBUG 层 0：检查 40000 格，内部 0，边界 4
2026-09-11 16:59:44,756 DEBUG 层 1：检查 16 格，内部 4，边界 12
2026-09-11 16:59:44,756 DEBUG 层 2：检查 48 格，内部 18，边界 28
2026-09-11 16:59:44,756 DEBUG 层 3：检查 112 格，内部 46，边界 60
2026-09-11 16:59:44,757 DEBUG 层 4：检查 240 格，内部 98，边界 124
2026-09-11 16:59:44,757 DEBUG 层 5：检查 496 格，内部 122，边界 252
2026-09-11 16:59:44,757 DEBUG 层 6：检查 1008 格，内部 258，边界 504
2026-09-11 16:59:44,768 DEBUG 求解结束：sampled；可行点 1816，叶格 1050，边界格边长 0.281250 m
2026-09-11 16:59:44,773 DEBUG 层 0：检查 40000 格，内部 0，边界 4
2026-09-11 16:59:44,773 DEBUG 层 1：检查 16 格，内部 4，边界 12
2026-09-11 16:59:44,773 DEBUG 层 2：检查 48 格，内部 18，边界 28
2026-09-11 16:59:44,774 DEBUG 层 3：检查 112 格，内部 42，边界 60
2026-09-11 16:59:44,774 DEBUG 层 4：检查 240 格，内部 104，边界 124
2026-09-11 16:59:44,774 DEBUG 层 5：检查 496 格，内部 129，边界 252
2026-09-11 16:59:44,774 DEBUG 层 6：检查 1008 格，内部 267，边界 504
2026-09-11 16:59:44,786 DEBUG 求解结束：sampled；可行点 1847，叶格 1068，边界格边长 0.281250 m
2026-09-11 16:59:44,790 DEBUG 层 0：检查 40000 格，内部 0，边界 4
2026-09-11 16:59:44,790 DEBUG 层 1：检查 16 格，内部 4，边界 12
2026-09-11 16:59:44,790 DEBUG 层 2：检查 48 格，内部 18，边界 28
2026-09-11 16:59:44,791 DEBUG 层 3：检查 112 格，内部 46，边界 60
2026-09-11 16:59:44,791 DEBUG 层 4：检查 240 格，内部 98，边界 124
2026-09-11 16:59:44,791 DEBUG 层 5：检查 496 格，内部 123，边界 252
2026-09-11 16:59:44,791 DEBUG 层 6：检查 1008 格，内部 254，边界 504
2026-09-11 16:59:44,803 DEBUG 求解结束：sampled；可行点 1813，叶格 1047，边界格边长 0.281250 m
2026-09-11 16:59:44,807 DEBUG 层 0：检查 40000 格，内部 0，边界 4
2026-09-11 16:59:44,807 DEBUG 层 1：检查 16 格，内部 4，边界 12
2026-09-11 16:59:44,807 DEBUG 层 2：检查 48 格，内部 20，边界 28
2026-09-11 16:59:44,808 DEBUG 层 3：检查 112 格，内部 44，边界 60
2026-09-11 16:59:44,808 DEBUG 层 4：检查 240 格，内部 98，边界 124
2026-09-11 16:59:44,808 DEBUG 层 5：检查 496 格，内部 127，边界 252
2026-09-11 16:59:44,808 DEBUG 层 6：检查 1008 格，内部 264，边界 504
2026-09-11 16:59:44,821 DEBUG 求解结束：sampled；可行点 1850，叶格 1061，边界格边长 0.281250 m
2026-09-11 16:59:44,822 INFO 贪心第3点：候选9，面积 1131.222 m²，直径≤49.718 m，最小交会角 45.0°
2026-09-11 16:59:44,826 DEBUG 层 0：检查 40000 格，内部 0，边界 4
2026-09-11 16:59:44,826 DEBUG 层 1：检查 16 格，内部 4，边界 12
2026-09-11 16:59:44,826 DEBUG 层 2：检查 48 格，内部 18，边界 28
2026-09-11 16:59:44,826 DEBUG 层 3：检查 112 格，内部 34，边界 60
2026-09-11 16:59:44,826 DEBUG 层 4：检查 240 格，内部 86，边界 124
2026-09-11 16:59:44,826 DEBUG 层 5：检查 496 格，内部 131，边界 252
2026-09-11 16:59:44,826 DEBUG 层 6：检查 1008 格，内部 273，边界 500
2026-09-11 16:59:44,838 DEBUG 求解结束：sampled；可行点 1821，叶格 1046，边界格边长 0.281250 m
2026-09-11 16:59:44,843 DEBUG 层 0：检查 40000 格，内部 0，边界 4
2026-09-11 16:59:44,844 DEBUG 层 1：检查 16 格，内部 4，边界 12
2026-09-11 16:59:44,844 DEBUG 层 2：检查 48 格，内部 16，边界 28
2026-09-11 16:59:44,844 DEBUG 层 3：检查 112 格，内部 36，边界 60
2026-09-11 16:59:44,844 DEBUG 层 4：检查 240 格，内部 86，边界 124
2026-09-11 16:59:44,844 DEBUG 层 5：检查 496 格，内部 127，边界 252
2026-09-11 16:59:44,844 DEBUG 层 6：检查 1008 格，内部 264，边界 500
2026-09-11 16:59:44,855 DEBUG 求解结束：sampled；可行点 1785，叶格 1033，边界格边长 0.281250 m
2026-09-11 16:59:44,861 DEBUG 层 0：检查 40000 格，内部 0，边界 4
2026-09-11 16:59:44,861 DEBUG 层 1：检查 16 格，内部 4，边界 12
2026-09-11 16:59:44,861 DEBUG 层 2：检查 48 格，内部 16，边界 28
2026-09-11 16:59:44,861 DEBUG 层 3：检查 112 格，内部 32，边界 60
2026-09-11 16:59:44,861 DEBUG 层 4：检查 240 格，内部 92，边界 124
2026-09-11 16:59:44,861 DEBUG 层 5：检查 496 格，内部 133，边界 252
2026-09-11 16:59:44,862 DEBUG 层 6：检查 1008 格，内部 277，边界 500
2026-09-11 16:59:44,873 DEBUG 求解结束：sampled；可行点 1821，叶格 1054，边界格边长 0.281250 m
2026-09-11 16:59:44,879 DEBUG 层 0：检查 40000 格，内部 0，边界 4
2026-09-11 16:59:44,880 DEBUG 层 1：检查 16 格，内部 4，边界 12
2026-09-11 16:59:44,880 DEBUG 层 2：检查 48 格，内部 16，边界 28
2026-09-11 16:59:44,880 DEBUG 层 3：检查 112 格，内部 36，边界 60
2026-09-11 16:59:44,880 DEBUG 层 4：检查 240 格，内部 86，边界 124
2026-09-11 16:59:44,880 DEBUG 层 5：检查 496 格，内部 127，边界 252
2026-09-11 16:59:44,880 DEBUG 层 6：检查 1008 格，内部 264，边界 500
2026-09-11 16:59:44,892 DEBUG 求解结束：sampled；可行点 1785，叶格 1033，边界格边长 0.281250 m
2026-09-11 16:59:44,897 DEBUG 层 0：检查 40000 格，内部 0，边界 4
2026-09-11 16:59:44,898 DEBUG 层 1：检查 16 格，内部 4，边界 12
2026-09-11 16:59:44,898 DEBUG 层 2：检查 48 格，内部 18，边界 28
2026-09-11 16:59:44,898 DEBUG 层 3：检查 112 格，内部 34，边界 60
2026-09-11 16:59:44,898 DEBUG 层 4：检查 240 格，内部 86，边界 124
2026-09-11 16:59:44,898 DEBUG 层 5：检查 496 格，内部 131，边界 252
2026-09-11 16:59:44,899 DEBUG 层 6：检查 1008 格，内部 273，边界 500
2026-09-11 16:59:44,910 DEBUG 求解结束：sampled；可行点 1821，叶格 1046，边界格边长 0.281250 m
2026-09-11 16:59:44,915 DEBUG 层 0：检查 40000 格，内部 0，边界 4
2026-09-11 16:59:44,916 DEBUG 层 1：检查 16 格，内部 4，边界 12
2026-09-11 16:59:44,916 DEBUG 层 2：检查 48 格，内部 18，边界 28
2026-09-11 16:59:44,916 DEBUG 层 3：检查 112 格，内部 41，边界 60
2026-09-11 16:59:44,916 DEBUG 层 4：检查 240 格，内部 100，边界 124
2026-09-11 16:59:44,916 DEBUG 层 5：检查 496 格，内部 130，边界 252
2026-09-11 16:59:44,917 DEBUG 层 6：检查 1008 格，内部 274，边界 504
2026-09-11 16:59:44,929 DEBUG 求解结束：sampled；可行点 1858，叶格 1071，边界格边长 0.281250 m
2026-09-11 16:59:44,935 DEBUG 层 0：检查 40000 格，内部 0，边界 4
2026-09-11 16:59:44,935 DEBUG 层 1：检查 16 格，内部 4，边界 12
2026-09-11 16:59:44,935 DEBUG 层 2：检查 48 格，内部 18，边界 28
2026-09-11 16:59:44,936 DEBUG 层 3：检查 112 格，内部 41，边界 60
2026-09-11 16:59:44,936 DEBUG 层 4：检查 240 格，内部 100，边界 124
2026-09-11 16:59:44,936 DEBUG 层 5：检查 496 格，内部 132，边界 252
2026-09-11 16:59:44,936 DEBUG 层 6：检查 1008 格，内部 264，边界 504
2026-09-11 16:59:44,948 DEBUG 求解结束：sampled；可行点 1838，叶格 1063，边界格边长 0.281250 m
2026-09-11 16:59:44,953 DEBUG 层 0：检查 40000 格，内部 0，边界 4
2026-09-11 16:59:44,954 DEBUG 层 1：检查 16 格，内部 4，边界 12
2026-09-11 16:59:44,954 DEBUG 层 2：检查 48 格，内部 18，边界 28
2026-09-11 16:59:44,954 DEBUG 层 3：检查 112 格，内部 41，边界 60
2026-09-11 16:59:44,954 DEBUG 层 4：检查 240 格，内部 100，边界 124
2026-09-11 16:59:44,954 DEBUG 层 5：检查 496 格，内部 131，边界 252
2026-09-11 16:59:44,954 DEBUG 层 6：检查 1008 格，内部 268，边界 504
2026-09-11 16:59:44,966 DEBUG 求解结束：sampled；可行点 1843，叶格 1066，边界格边长 0.281250 m
2026-09-11 16:59:44,971 DEBUG 层 0：检查 40000 格，内部 0，边界 4
2026-09-11 16:59:44,971 DEBUG 层 1：检查 16 格，内部 4，边界 12
2026-09-11 16:59:44,971 DEBUG 层 2：检查 48 格，内部 18，边界 28
2026-09-11 16:59:44,972 DEBUG 层 3：检查 112 格，内部 41，边界 60
2026-09-11 16:59:44,972 DEBUG 层 4：检查 240 格，内部 100，边界 124
2026-09-11 16:59:44,972 DEBUG 层 5：检查 496 格，内部 130，边界 252
2026-09-11 16:59:44,972 DEBUG 层 6：检查 1008 格，内部 274，边界 504
2026-09-11 16:59:44,984 DEBUG 求解结束：sampled；可行点 1857，叶格 1071，边界格边长 0.281250 m
2026-09-11 16:59:44,990 DEBUG 层 0：检查 40000 格，内部 0，边界 4
2026-09-11 16:59:44,990 DEBUG 层 1：检查 16 格，内部 4，边界 12
2026-09-11 16:59:44,990 DEBUG 层 2：检查 48 格，内部 18，边界 28
2026-09-11 16:59:44,991 DEBUG 层 3：检查 112 格，内部 42，边界 60
2026-09-11 16:59:44,991 DEBUG 层 4：检查 240 格，内部 104，边界 124
2026-09-11 16:59:44,991 DEBUG 层 5：检查 496 格，内部 88，边界 252
2026-09-11 16:59:44,991 DEBUG 层 6：检查 1008 格，内部 345，边界 502
2026-09-11 16:59:45,004 DEBUG 求解结束：sampled；可行点 1940，叶格 1103，边界格边长 0.281250 m
2026-09-11 16:59:45,009 DEBUG 层 0：检查 40000 格，内部 0，边界 4
2026-09-11 16:59:45,010 DEBUG 层 1：检查 16 格，内部 4，边界 12
2026-09-11 16:59:45,010 DEBUG 层 2：检查 48 格，内部 18，边界 28
2026-09-11 16:59:45,010 DEBUG 层 3：检查 112 格，内部 34，边界 60
2026-09-11 16:59:45,010 DEBUG 层 4：检查 240 格，内部 86，边界 124
2026-09-11 16:59:45,010 DEBUG 层 5：检查 496 格，内部 133，边界 252
2026-09-11 16:59:45,010 DEBUG 层 6：检查 1008 格，内部 268，边界 500
2026-09-11 16:59:45,022 DEBUG 求解结束：sampled；可行点 1815，叶格 1043，边界格边长 0.281250 m
2026-09-11 16:59:45,028 DEBUG 层 0：检查 40000 格，内部 0，边界 4
2026-09-11 16:59:45,028 DEBUG 层 1：检查 16 格，内部 4，边界 12
2026-09-11 16:59:45,028 DEBUG 层 2：检查 48 格，内部 16，边界 28
2026-09-11 16:59:45,028 DEBUG 层 3：检查 112 格，内部 36，边界 60
2026-09-11 16:59:45,028 DEBUG 层 4：检查 240 格，内部 86，边界 124
2026-09-11 16:59:45,029 DEBUG 层 5：检查 496 格，内部 128，边界 252
2026-09-11 16:59:45,029 DEBUG 层 6：检查 1008 格，内部 262，边界 500
2026-09-11 16:59:45,040 DEBUG 求解结束：sampled；可行点 1784，叶格 1032，边界格边长 0.281250 m
2026-09-11 16:59:45,045 DEBUG 层 0：检查 40000 格，内部 0，边界 4
2026-09-11 16:59:45,045 DEBUG 层 1：检查 16 格，内部 4，边界 12
2026-09-11 16:59:45,045 DEBUG 层 2：检查 48 格，内部 16，边界 28
2026-09-11 16:59:45,046 DEBUG 层 3：检查 112 格，内部 32，边界 60
2026-09-11 16:59:45,046 DEBUG 层 4：检查 240 格，内部 92，边界 124
2026-09-11 16:59:45,046 DEBUG 层 5：检查 496 格，内部 135，边界 252
2026-09-11 16:59:45,046 DEBUG 层 6：检查 1008 格，内部 271，边界 500
2026-09-11 16:59:45,057 DEBUG 求解结束：sampled；可行点 1813，叶格 1050，边界格边长 0.281250 m
2026-09-11 16:59:45,062 DEBUG 层 0：检查 40000 格，内部 0，边界 4
2026-09-11 16:59:45,062 DEBUG 层 1：检查 16 格，内部 4，边界 12
2026-09-11 16:59:45,062 DEBUG 层 2：检查 48 格，内部 16，边界 28
2026-09-11 16:59:45,063 DEBUG 层 3：检查 112 格，内部 36，边界 60
2026-09-11 16:59:45,063 DEBUG 层 4：检查 240 格，内部 86，边界 124
2026-09-11 16:59:45,063 DEBUG 层 5：检查 496 格，内部 128，边界 252
2026-09-11 16:59:45,063 DEBUG 层 6：检查 1008 格，内部 262，边界 500
2026-09-11 16:59:45,075 DEBUG 求解结束：sampled；可行点 1784，叶格 1032，边界格边长 0.281250 m
2026-09-11 16:59:45,080 DEBUG 层 0：检查 40000 格，内部 0，边界 4
2026-09-11 16:59:45,081 DEBUG 层 1：检查 16 格，内部 4，边界 12
2026-09-11 16:59:45,081 DEBUG 层 2：检查 48 格，内部 18，边界 28
2026-09-11 16:59:45,081 DEBUG 层 3：检查 112 格，内部 34，边界 60
2026-09-11 16:59:45,081 DEBUG 层 4：检查 240 格，内部 86，边界 124
2026-09-11 16:59:45,081 DEBUG 层 5：检查 496 格，内部 133，边界 252
2026-09-11 16:59:45,081 DEBUG 层 6：检查 1008 格，内部 268，边界 500
2026-09-11 16:59:45,093 DEBUG 求解结束：sampled；可行点 1815，叶格 1043，边界格边长 0.281250 m
2026-09-11 16:59:45,097 DEBUG 层 0：检查 40000 格，内部 0，边界 4
2026-09-11 16:59:45,098 DEBUG 层 1：检查 16 格，内部 4，边界 12
2026-09-11 16:59:45,098 DEBUG 层 2：检查 48 格，内部 18，边界 28
2026-09-11 16:59:45,098 DEBUG 层 3：检查 112 格，内部 42，边界 60
2026-09-11 16:59:45,098 DEBUG 层 4：检查 240 格，内部 104，边界 124
2026-09-11 16:59:45,098 DEBUG 层 5：检查 496 格，内部 89，边界 252
2026-09-11 16:59:45,098 DEBUG 层 6：检查 1008 格，内部 342，边界 502
2026-09-11 16:59:45,110 DEBUG 求解结束：sampled；可行点 1936，叶格 1101，边界格边长 0.281250 m
2026-09-11 16:59:45,115 DEBUG 层 0：检查 40000 格，内部 0，边界 4
2026-09-11 16:59:45,115 DEBUG 层 1：检查 16 格，内部 4，边界 12
2026-09-11 16:59:45,116 DEBUG 层 2：检查 48 格，内部 18，边界 28
2026-09-11 16:59:45,116 DEBUG 层 3：检查 112 格，内部 41，边界 60
2026-09-11 16:59:45,116 DEBUG 层 4：检查 240 格，内部 100，边界 124
2026-09-11 16:59:45,116 DEBUG 层 5：检查 496 格，内部 131，边界 252
2026-09-11 16:59:45,116 DEBUG 层 6：检查 1008 格，内部 271，边界 504
2026-09-11 16:59:45,128 DEBUG 求解结束：sampled；可行点 1854，叶格 1069，边界格边长 0.281250 m
2026-09-11 16:59:45,134 DEBUG 层 0：检查 40000 格，内部 0，边界 4
2026-09-11 16:59:45,134 DEBUG 层 1：检查 16 格，内部 4，边界 12
2026-09-11 16:59:45,134 DEBUG 层 2：检查 48 格，内部 18，边界 28
2026-09-11 16:59:45,134 DEBUG 层 3：检查 112 格，内部 41，边界 60
2026-09-11 16:59:45,134 DEBUG 层 4：检查 240 格，内部 100，边界 124
2026-09-11 16:59:45,134 DEBUG 层 5：检查 496 格，内部 132，边界 252
2026-09-11 16:59:45,135 DEBUG 层 6：检查 1008 格，内部 265，边界 504
2026-09-11 16:59:45,147 DEBUG 求解结束：sampled；可行点 1839，叶格 1064，边界格边长 0.281250 m
2026-09-11 16:59:45,153 DEBUG 层 0：检查 40000 格，内部 0，边界 4
2026-09-11 16:59:45,153 DEBUG 层 1：检查 16 格，内部 4，边界 12
2026-09-11 16:59:45,153 DEBUG 层 2：检查 48 格，内部 18，边界 28
2026-09-11 16:59:45,153 DEBUG 层 3：检查 112 格，内部 40，边界 60
2026-09-11 16:59:45,153 DEBUG 层 4：检查 240 格，内部 106，边界 124
2026-09-11 16:59:45,154 DEBUG 层 5：检查 496 格，内部 142，边界 252
2026-09-11 16:59:45,154 DEBUG 层 6：检查 1008 格，内部 288，边界 504
2026-09-11 16:59:45,167 DEBUG 求解结束：sampled；可行点 1915，叶格 1102，边界格边长 0.281250 m
2026-09-11 16:59:45,172 DEBUG 层 0：检查 40000 格，内部 0，边界 4
2026-09-11 16:59:45,172 DEBUG 层 1：检查 16 格，内部 4，边界 12
2026-09-11 16:59:45,172 DEBUG 层 2：检查 48 格，内部 18，边界 28
2026-09-11 16:59:45,172 DEBUG 层 3：检查 112 格，内部 41，边界 60
2026-09-11 16:59:45,172 DEBUG 层 4：检查 240 格，内部 100，边界 124
2026-09-11 16:59:45,173 DEBUG 层 5：检查 496 格，内部 131，边界 252
2026-09-11 16:59:45,173 DEBUG 层 6：检查 1008 格，内部 267，边界 504
2026-09-11 16:59:45,184 DEBUG 求解结束：sampled；可行点 1842，叶格 1065，边界格边长 0.281250 m
2026-09-11 16:59:45,189 DEBUG 层 0：检查 40000 格，内部 0，边界 4
2026-09-11 16:59:45,189 DEBUG 层 1：检查 16 格，内部 4，边界 12
2026-09-11 16:59:45,189 DEBUG 层 2：检查 48 格，内部 18，边界 28
2026-09-11 16:59:45,189 DEBUG 层 3：检查 112 格，内部 41，边界 60
2026-09-11 16:59:45,190 DEBUG 层 4：检查 240 格，内部 100，边界 124
2026-09-11 16:59:45,190 DEBUG 层 5：检查 496 格，内部 129，边界 252
2026-09-11 16:59:45,190 DEBUG 层 6：检查 1008 格，内部 277，边界 504
2026-09-11 16:59:45,202 DEBUG 求解结束：sampled；可行点 1863，叶格 1073，边界格边长 0.281250 m
2026-09-11 16:59:45,203 INFO 贪心第4点：候选3，面积 1024.612 m²，直径≤38.297 m，最小交会角 45.0°
2026-09-11 16:59:45,209 DEBUG 层 0：检查 40000 格，内部 0，边界 4
2026-09-11 16:59:45,209 DEBUG 层 1：检查 16 格，内部 4，边界 12
2026-09-11 16:59:45,209 DEBUG 层 2：检查 48 格，内部 16，边界 28
2026-09-11 16:59:45,209 DEBUG 层 3：检查 112 格，内部 31，边界 60
2026-09-11 16:59:45,209 DEBUG 层 4：检查 240 格，内部 88，边界 124
2026-09-11 16:59:45,209 DEBUG 层 5：检查 496 格，内部 134，边界 252
2026-09-11 16:59:45,210 DEBUG 层 6：检查 1008 格，内部 284，边界 500
2026-09-11 16:59:45,221 DEBUG 求解结束：sampled；可行点 1832，叶格 1057，边界格边长 0.281250 m
2026-09-11 16:59:45,227 DEBUG 层 0：检查 40000 格，内部 0，边界 4
2026-09-11 16:59:45,228 DEBUG 层 1：检查 16 格，内部 4，边界 12
2026-09-11 16:59:45,228 DEBUG 层 2：检查 48 格，内部 16，边界 28
2026-09-11 16:59:45,228 DEBUG 层 3：检查 112 格，内部 31，边界 60
2026-09-11 16:59:45,228 DEBUG 层 4：检查 240 格，内部 88，边界 124
2026-09-11 16:59:45,228 DEBUG 层 5：检查 496 格，内部 136，边界 252
2026-09-11 16:59:45,228 DEBUG 层 6：检查 1008 格，内部 274，边界 500
2026-09-11 16:59:45,241 DEBUG 求解结束：sampled；可行点 1812，叶格 1049，边界格边长 0.281250 m
2026-09-11 16:59:45,247 DEBUG 层 0：检查 40000 格，内部 0，边界 4
2026-09-11 16:59:45,247 DEBUG 层 1：检查 16 格，内部 4，边界 12
2026-09-11 16:59:45,247 DEBUG 层 2：检查 48 格，内部 16，边界 28
2026-09-11 16:59:45,247 DEBUG 层 3：检查 112 格，内部 31，边界 60
2026-09-11 16:59:45,247 DEBUG 层 4：检查 240 格，内部 88，边界 124
2026-09-11 16:59:45,248 DEBUG 层 5：检查 496 格，内部 136，边界 252
2026-09-11 16:59:45,248 DEBUG 层 6：检查 1008 格，内部 274，边界 500
2026-09-11 16:59:45,260 DEBUG 求解结束：sampled；可行点 1812，叶格 1049，边界格边长 0.281250 m
2026-09-11 16:59:45,266 DEBUG 层 0：检查 40000 格，内部 0，边界 4
2026-09-11 16:59:45,266 DEBUG 层 1：检查 16 格，内部 4，边界 12
2026-09-11 16:59:45,266 DEBUG 层 2：检查 48 格，内部 16，边界 28
2026-09-11 16:59:45,266 DEBUG 层 3：检查 112 格，内部 31，边界 60
2026-09-11 16:59:45,266 DEBUG 层 4：检查 240 格，内部 88，边界 124
2026-09-11 16:59:45,266 DEBUG 层 5：检查 496 格，内部 134，边界 252
2026-09-11 16:59:45,267 DEBUG 层 6：检查 1008 格，内部 284，边界 500
2026-09-11 16:59:45,278 DEBUG 求解结束：sampled；可行点 1832，叶格 1057，边界格边长 0.281250 m
2026-09-11 16:59:45,284 DEBUG 层 0：检查 40000 格，内部 0，边界 4
2026-09-11 16:59:45,285 DEBUG 层 1：检查 16 格，内部 4，边界 12
2026-09-11 16:59:45,285 DEBUG 层 2：检查 48 格，内部 16，边界 28
2026-09-11 16:59:45,285 DEBUG 层 3：检查 112 格，内部 31，边界 60
2026-09-11 16:59:45,285 DEBUG 层 4：检查 240 格，内部 88，边界 124
2026-09-11 16:59:45,285 DEBUG 层 5：检查 496 格，内部 134，边界 252
2026-09-11 16:59:45,286 DEBUG 层 6：检查 1008 格，内部 284，边界 500
2026-09-11 16:59:45,297 DEBUG 求解结束：sampled；可行点 1832，叶格 1057，边界格边长 0.281250 m
2026-09-11 16:59:45,303 DEBUG 层 0：检查 40000 格，内部 0，边界 4
2026-09-11 16:59:45,304 DEBUG 层 1：检查 16 格，内部 4，边界 12
2026-09-11 16:59:45,304 DEBUG 层 2：检查 48 格，内部 16，边界 28
2026-09-11 16:59:45,304 DEBUG 层 3：检查 112 格，内部 31，边界 60
2026-09-11 16:59:45,304 DEBUG 层 4：检查 240 格，内部 88，边界 124
2026-09-11 16:59:45,304 DEBUG 层 5：检查 496 格，内部 136，边界 252
2026-09-11 16:59:45,304 DEBUG 层 6：检查 1008 格，内部 274，边界 500
2026-09-11 16:59:45,318 DEBUG 求解结束：sampled；可行点 1812，叶格 1049，边界格边长 0.281250 m
2026-09-11 16:59:45,323 DEBUG 层 0：检查 40000 格，内部 0，边界 4
2026-09-11 16:59:45,324 DEBUG 层 1：检查 16 格，内部 4，边界 12
2026-09-11 16:59:45,324 DEBUG 层 2：检查 48 格，内部 16，边界 28
2026-09-11 16:59:45,324 DEBUG 层 3：检查 112 格，内部 31，边界 60
2026-09-11 16:59:45,324 DEBUG 层 4：检查 240 格，内部 88，边界 124
2026-09-11 16:59:45,324 DEBUG 层 5：检查 496 格，内部 135，边界 252
2026-09-11 16:59:45,324 DEBUG 层 6：检查 1008 格，内部 278，边界 500
2026-09-11 16:59:45,337 DEBUG 求解结束：sampled；可行点 1817，叶格 1052，边界格边长 0.281250 m
2026-09-11 16:59:45,342 DEBUG 层 0：检查 40000 格，内部 0，边界 4
2026-09-11 16:59:45,343 DEBUG 层 1：检查 16 格，内部 4，边界 12
2026-09-11 16:59:45,343 DEBUG 层 2：检查 48 格，内部 16，边界 28
2026-09-11 16:59:45,343 DEBUG 层 3：检查 112 格，内部 31，边界 60
2026-09-11 16:59:45,343 DEBUG 层 4：检查 240 格，内部 88，边界 124
2026-09-11 16:59:45,343 DEBUG 层 5：检查 496 格，内部 134，边界 252
2026-09-11 16:59:45,343 DEBUG 层 6：检查 1008 格，内部 284，边界 500
2026-09-11 16:59:45,356 DEBUG 求解结束：sampled；可行点 1831，叶格 1057，边界格边长 0.281250 m
2026-09-11 16:59:45,362 DEBUG 层 0：检查 40000 格，内部 0，边界 4
2026-09-11 16:59:45,362 DEBUG 层 1：检查 16 格，内部 4，边界 12
2026-09-11 16:59:45,363 DEBUG 层 2：检查 48 格，内部 16，边界 28
2026-09-11 16:59:45,363 DEBUG 层 3：检查 112 格，内部 32，边界 60
2026-09-11 16:59:45,363 DEBUG 层 4：检查 240 格，内部 92，边界 124
2026-09-11 16:59:45,363 DEBUG 层 5：检查 496 格，内部 110，边界 252
2026-09-11 16:59:45,363 DEBUG 层 6：检查 1008 格，内部 324，边界 500
2026-09-11 16:59:45,375 DEBUG 求解结束：sampled；可行点 1913，叶格 1078，边界格边长 0.281250 m
2026-09-11 16:59:45,381 DEBUG 层 0：检查 40000 格，内部 0，边界 4
2026-09-11 16:59:45,382 DEBUG 层 1：检查 16 格，内部 4，边界 12
2026-09-11 16:59:45,382 DEBUG 层 2：检查 48 格，内部 16，边界 28
2026-09-11 16:59:45,382 DEBUG 层 3：检查 112 格，内部 31，边界 60
2026-09-11 16:59:45,382 DEBUG 层 4：检查 240 格，内部 88，边界 124
2026-09-11 16:59:45,382 DEBUG 层 5：检查 496 格，内部 135，边界 252
2026-09-11 16:59:45,382 DEBUG 层 6：检查 1008 格，内部 281，边界 500
2026-09-11 16:59:45,394 DEBUG 求解结束：sampled；可行点 1828，叶格 1055，边界格边长 0.281250 m
2026-09-11 16:59:45,402 DEBUG 层 0：检查 40000 格，内部 0，边界 4
2026-09-11 16:59:45,402 DEBUG 层 1：检查 16 格，内部 4，边界 12
2026-09-11 16:59:45,402 DEBUG 层 2：检查 48 格，内部 16，边界 28
2026-09-11 16:59:45,402 DEBUG 层 3：检查 112 格，内部 31，边界 60
2026-09-11 16:59:45,403 DEBUG 层 4：检查 240 格，内部 88，边界 124
2026-09-11 16:59:45,403 DEBUG 层 5：检查 496 格，内部 136，边界 252
2026-09-11 16:59:45,403 DEBUG 层 6：检查 1008 格，内部 275，边界 500
2026-09-11 16:59:45,415 DEBUG 求解结束：sampled；可行点 1813，叶格 1050，边界格边长 0.281250 m
2026-09-11 16:59:45,421 DEBUG 层 0：检查 40000 格，内部 0，边界 4
2026-09-11 16:59:45,421 DEBUG 层 1：检查 16 格，内部 4，边界 12
2026-09-11 16:59:45,421 DEBUG 层 2：检查 48 格，内部 16，边界 28
2026-09-11 16:59:45,421 DEBUG 层 3：检查 112 格，内部 30，边界 60
2026-09-11 16:59:45,422 DEBUG 层 4：检查 240 格，内部 94，边界 124
2026-09-11 16:59:45,422 DEBUG 层 5：检查 496 格，内部 147，边界 252
2026-09-11 16:59:45,422 DEBUG 层 6：检查 1008 格，内部 295，边界 500
2026-09-11 16:59:45,434 DEBUG 求解结束：sampled；可行点 1885，叶格 1086，边界格边长 0.281250 m
2026-09-11 16:59:45,439 DEBUG 层 0：检查 40000 格，内部 0，边界 4
2026-09-11 16:59:45,439 DEBUG 层 1：检查 16 格，内部 4，边界 12
2026-09-11 16:59:45,440 DEBUG 层 2：检查 48 格，内部 16，边界 28
2026-09-11 16:59:45,440 DEBUG 层 3：检查 112 格，内部 31，边界 60
2026-09-11 16:59:45,440 DEBUG 层 4：检查 240 格，内部 88，边界 124
2026-09-11 16:59:45,440 DEBUG 层 5：检查 496 格，内部 136，边界 252
2026-09-11 16:59:45,440 DEBUG 层 6：检查 1008 格，内部 275，边界 500
2026-09-11 16:59:45,452 DEBUG 求解结束：sampled；可行点 1813，叶格 1050，边界格边长 0.281250 m
2026-09-11 16:59:45,460 DEBUG 层 0：检查 40000 格，内部 0，边界 4
2026-09-11 16:59:45,461 DEBUG 层 1：检查 16 格，内部 4，边界 12
2026-09-11 16:59:45,461 DEBUG 层 2：检查 48 格，内部 16，边界 28
2026-09-11 16:59:45,461 DEBUG 层 3：检查 112 格，内部 31，边界 60
2026-09-11 16:59:45,461 DEBUG 层 4：检查 240 格，内部 88，边界 124
2026-09-11 16:59:45,461 DEBUG 层 5：检查 496 格，内部 135，边界 252
2026-09-11 16:59:45,462 DEBUG 层 6：检查 1008 格，内部 281，边界 500
2026-09-11 16:59:45,474 DEBUG 求解结束：sampled；可行点 1828，叶格 1055，边界格边长 0.281250 m
2026-09-11 16:59:45,479 DEBUG 层 0：检查 40000 格，内部 0，边界 4
2026-09-11 16:59:45,480 DEBUG 层 1：检查 16 格，内部 4，边界 12
2026-09-11 16:59:45,480 DEBUG 层 2：检查 48 格，内部 16，边界 28
2026-09-11 16:59:45,480 DEBUG 层 3：检查 112 格，内部 32，边界 60
2026-09-11 16:59:45,480 DEBUG 层 4：检查 240 格，内部 92，边界 124
2026-09-11 16:59:45,480 DEBUG 层 5：检查 496 格，内部 111，边界 252
2026-09-11 16:59:45,480 DEBUG 层 6：检查 1008 格，内部 321，边界 500
2026-09-11 16:59:45,494 DEBUG 求解结束：sampled；可行点 1909，叶格 1076，边界格边长 0.281250 m
2026-09-11 16:59:45,499 DEBUG 层 0：检查 40000 格，内部 0，边界 4
2026-09-11 16:59:45,499 DEBUG 层 1：检查 16 格，内部 4，边界 12
2026-09-11 16:59:45,500 DEBUG 层 2：检查 48 格，内部 16，边界 28
2026-09-11 16:59:45,500 DEBUG 层 3：检查 112 格，内部 31，边界 60
2026-09-11 16:59:45,500 DEBUG 层 4：检查 240 格，内部 88，边界 124
2026-09-11 16:59:45,500 DEBUG 层 5：检查 496 格，内部 135，边界 252
2026-09-11 16:59:45,500 DEBUG 层 6：检查 1008 格，内部 281，边界 500
2026-09-11 16:59:45,513 DEBUG 求解结束：sampled；可行点 1828，叶格 1055，边界格边长 0.281250 m
2026-09-11 16:59:45,518 DEBUG 层 0：检查 40000 格，内部 0，边界 4
2026-09-11 16:59:45,518 DEBUG 层 1：检查 16 格，内部 4，边界 12
2026-09-11 16:59:45,519 DEBUG 层 2：检查 48 格，内部 16，边界 28
2026-09-11 16:59:45,519 DEBUG 层 3：检查 112 格，内部 31，边界 60
2026-09-11 16:59:45,519 DEBUG 层 4：检查 240 格，内部 88，边界 124
2026-09-11 16:59:45,519 DEBUG 层 5：检查 496 格，内部 136，边界 252
2026-09-11 16:59:45,519 DEBUG 层 6：检查 1008 格，内部 275，边界 500
2026-09-11 16:59:45,531 DEBUG 求解结束：sampled；可行点 1813，叶格 1050，边界格边长 0.281250 m
2026-09-11 16:59:45,537 DEBUG 层 0：检查 40000 格，内部 0，边界 4
2026-09-11 16:59:45,537 DEBUG 层 1：检查 16 格，内部 4，边界 12
2026-09-11 16:59:45,537 DEBUG 层 2：检查 48 格，内部 16，边界 28
2026-09-11 16:59:45,538 DEBUG 层 3：检查 112 格，内部 30，边界 60
2026-09-11 16:59:45,538 DEBUG 层 4：检查 240 格，内部 94，边界 124
2026-09-11 16:59:45,538 DEBUG 层 5：检查 496 格，内部 146，边界 252
2026-09-11 16:59:45,538 DEBUG 层 6：检查 1008 格，内部 298，边界 500
2026-09-11 16:59:45,550 DEBUG 求解结束：sampled；可行点 1889，叶格 1088，边界格边长 0.281250 m
2026-09-11 16:59:45,556 DEBUG 层 0：检查 40000 格，内部 0，边界 4
2026-09-11 16:59:45,557 DEBUG 层 1：检查 16 格，内部 4，边界 12
2026-09-11 16:59:45,557 DEBUG 层 2：检查 48 格，内部 16，边界 28
2026-09-11 16:59:45,557 DEBUG 层 3：检查 112 格，内部 31，边界 60
2026-09-11 16:59:45,557 DEBUG 层 4：检查 240 格，内部 88，边界 124
2026-09-11 16:59:45,557 DEBUG 层 5：检查 496 格，内部 135，边界 252
2026-09-11 16:59:45,557 DEBUG 层 6：检查 1008 格，内部 277，边界 500
2026-09-11 16:59:45,569 DEBUG 求解结束：sampled；可行点 1816，叶格 1051，边界格边长 0.281250 m
2026-09-11 16:59:45,574 DEBUG 层 0：检查 40000 格，内部 0，边界 4
2026-09-11 16:59:45,574 DEBUG 层 1：检查 16 格，内部 4，边界 12
2026-09-11 16:59:45,574 DEBUG 层 2：检查 48 格，内部 16，边界 28
2026-09-11 16:59:45,575 DEBUG 层 3：检查 112 格，内部 31，边界 60
2026-09-11 16:59:45,575 DEBUG 层 4：检查 240 格，内部 88，边界 124
2026-09-11 16:59:45,575 DEBUG 层 5：检查 496 格，内部 133，边界 252
2026-09-11 16:59:45,575 DEBUG 层 6：检查 1008 格，内部 287，边界 500
2026-09-11 16:59:45,587 DEBUG 求解结束：sampled；可行点 1837，叶格 1059，边界格边长 0.281250 m
2026-09-11 16:59:45,588 INFO 贪心第5点：候选10，面积 1014.339 m²，直径≤38.297 m，最小交会角 15.0°
2026-09-11 16:59:45,592 DEBUG 层 0：检查 40000 格，内部 0，边界 4
2026-09-11 16:59:45,593 DEBUG 层 1：检查 16 格，内部 4，边界 12
2026-09-11 16:59:45,593 DEBUG 层 2：检查 48 格，内部 16，边界 28
2026-09-11 16:59:45,593 DEBUG 层 3：检查 112 格，内部 30，边界 60
2026-09-11 16:59:45,593 DEBUG 层 4：检查 240 格，内部 84，边界 124
2026-09-11 16:59:45,593 DEBUG 层 5：检查 496 格，内部 136，边界 252
2026-09-11 16:59:45,593 DEBUG 层 6：检查 1008 格，内部 285，边界 500
2026-09-11 16:59:45,606 DEBUG 求解结束：sampled；可行点 1828，叶格 1055，边界格边长 0.281250 m
2026-09-11 16:59:45,612 DEBUG 层 0：检查 40000 格，内部 0，边界 4
2026-09-11 16:59:45,612 DEBUG 层 1：检查 16 格，内部 4，边界 12
2026-09-11 16:59:45,612 DEBUG 层 2：检查 48 格，内部 16，边界 28
2026-09-11 16:59:45,613 DEBUG 层 3：检查 112 格，内部 30，边界 60
2026-09-11 16:59:45,613 DEBUG 层 4：检查 240 格，内部 84，边界 124
2026-09-11 16:59:45,613 DEBUG 层 5：检查 496 格，内部 138，边界 252
2026-09-11 16:59:45,613 DEBUG 层 6：检查 1008 格，内部 275，边界 500
2026-09-11 16:59:45,625 DEBUG 求解结束：sampled；可行点 1808，叶格 1047，边界格边长 0.281250 m
2026-09-11 16:59:45,630 DEBUG 层 0：检查 40000 格，内部 0，边界 4
2026-09-11 16:59:45,631 DEBUG 层 1：检查 16 格，内部 4，边界 12
2026-09-11 16:59:45,631 DEBUG 层 2：检查 48 格，内部 16，边界 28
2026-09-11 16:59:45,631 DEBUG 层 3：检查 112 格，内部 30，边界 60
2026-09-11 16:59:45,631 DEBUG 层 4：检查 240 格，内部 84，边界 124
2026-09-11 16:59:45,631 DEBUG 层 5：检查 496 格，内部 138，边界 252
2026-09-11 16:59:45,631 DEBUG 层 6：检查 1008 格，内部 275，边界 500
2026-09-11 16:59:45,643 DEBUG 求解结束：sampled；可行点 1808，叶格 1047，边界格边长 0.281250 m
2026-09-11 16:59:45,648 DEBUG 层 0：检查 40000 格，内部 0，边界 4
2026-09-11 16:59:45,649 DEBUG 层 1：检查 16 格，内部 4，边界 12
2026-09-11 16:59:45,649 DEBUG 层 2：检查 48 格，内部 16，边界 28
2026-09-11 16:59:45,649 DEBUG 层 3：检查 112 格，内部 30，边界 60
2026-09-11 16:59:45,649 DEBUG 层 4：检查 240 格，内部 84，边界 124
2026-09-11 16:59:45,650 DEBUG 层 5：检查 496 格，内部 136，边界 252
2026-09-11 16:59:45,650 DEBUG 层 6：检查 1008 格，内部 285，边界 500
2026-09-11 16:59:45,661 DEBUG 求解结束：sampled；可行点 1828，叶格 1055，边界格边长 0.281250 m
2026-09-11 16:59:45,667 DEBUG 层 0：检查 40000 格，内部 0，边界 4
2026-09-11 16:59:45,667 DEBUG 层 1：检查 16 格，内部 4，边界 12
2026-09-11 16:59:45,667 DEBUG 层 2：检查 48 格，内部 16，边界 28
2026-09-11 16:59:45,667 DEBUG 层 3：检查 112 格，内部 30，边界 60
2026-09-11 16:59:45,668 DEBUG 层 4：检查 240 格，内部 84，边界 124
2026-09-11 16:59:45,668 DEBUG 层 5：检查 496 格，内部 136，边界 252
2026-09-11 16:59:45,668 DEBUG 层 6：检查 1008 格，内部 285，边界 500
2026-09-11 16:59:45,680 DEBUG 求解结束：sampled；可行点 1828，叶格 1055，边界格边长 0.281250 m
2026-09-11 16:59:45,685 DEBUG 层 0：检查 40000 格，内部 0，边界 4
2026-09-11 16:59:45,685 DEBUG 层 1：检查 16 格，内部 4，边界 12
2026-09-11 16:59:45,685 DEBUG 层 2：检查 48 格，内部 16，边界 28
2026-09-11 16:59:45,685 DEBUG 层 3：检查 112 格，内部 30，边界 60
2026-09-11 16:59:45,685 DEBUG 层 4：检查 240 格，内部 84，边界 124
2026-09-11 16:59:45,686 DEBUG 层 5：检查 496 格，内部 138，边界 252
2026-09-11 16:59:45,686 DEBUG 层 6：检查 1008 格，内部 275，边界 500
2026-09-11 16:59:45,698 DEBUG 求解结束：sampled；可行点 1808，叶格 1047，边界格边长 0.281250 m
2026-09-11 16:59:45,704 DEBUG 层 0：检查 40000 格，内部 0，边界 4
2026-09-11 16:59:45,704 DEBUG 层 1：检查 16 格，内部 4，边界 12
2026-09-11 16:59:45,704 DEBUG 层 2：检查 48 格，内部 16，边界 28
2026-09-11 16:59:45,704 DEBUG 层 3：检查 112 格，内部 31，边界 60
2026-09-11 16:59:45,704 DEBUG 层 4：检查 240 格，内部 85，边界 124
2026-09-11 16:59:45,704 DEBUG 层 5：检查 496 格，内部 138，边界 252
2026-09-11 16:59:45,705 DEBUG 层 6：检查 1008 格，内部 278，边界 500
2026-09-11 16:59:45,718 DEBUG 求解结束：sampled；可行点 1820，叶格 1052，边界格边长 0.281250 m
2026-09-11 16:59:45,724 DEBUG 层 0：检查 40000 格，内部 0，边界 4
2026-09-11 16:59:45,724 DEBUG 层 1：检查 16 格，内部 4，边界 12
2026-09-11 16:59:45,724 DEBUG 层 2：检查 48 格，内部 16，边界 28
2026-09-11 16:59:45,724 DEBUG 层 3：检查 112 格，内部 31，边界 60
2026-09-11 16:59:45,724 DEBUG 层 4：检查 240 格，内部 88，边界 124
2026-09-11 16:59:45,725 DEBUG 层 5：检查 496 格，内部 117，边界 252
2026-09-11 16:59:45,725 DEBUG 层 6：检查 1008 格，内部 314，边界 500
2026-09-11 16:59:45,737 DEBUG 求解结束：sampled；可行点 1889，叶格 1070，边界格边长 0.281250 m
2026-09-11 16:59:45,742 DEBUG 层 0：检查 40000 格，内部 0，边界 4
2026-09-11 16:59:45,742 DEBUG 层 1：检查 16 格，内部 4，边界 12
2026-09-11 16:59:45,743 DEBUG 层 2：检查 48 格，内部 16，边界 28
2026-09-11 16:59:45,743 DEBUG 层 3：检查 112 格，内部 30，边界 60
2026-09-11 16:59:45,743 DEBUG 层 4：检查 240 格，内部 84，边界 124
2026-09-11 16:59:45,743 DEBUG 层 5：检查 496 格，内部 137，边界 252
2026-09-11 16:59:45,743 DEBUG 层 6：检查 1008 格，内部 282，边界 500
2026-09-11 16:59:45,755 DEBUG 求解结束：sampled；可行点 1824，叶格 1053，边界格边长 0.281250 m
2026-09-11 16:59:45,760 DEBUG 层 0：检查 40000 格，内部 0，边界 4
2026-09-11 16:59:45,760 DEBUG 层 1：检查 16 格，内部 4，边界 12
2026-09-11 16:59:45,760 DEBUG 层 2：检查 48 格，内部 16，边界 28
2026-09-11 16:59:45,761 DEBUG 层 3：检查 112 格，内部 30，边界 60
2026-09-11 16:59:45,761 DEBUG 层 4：检查 240 格，内部 84，边界 124
2026-09-11 16:59:45,761 DEBUG 层 5：检查 496 格，内部 138，边界 252
2026-09-11 16:59:45,761 DEBUG 层 6：检查 1008 格，内部 276，边界 500
2026-09-11 16:59:45,773 DEBUG 求解结束：sampled；可行点 1809，叶格 1048，边界格边长 0.281250 m
2026-09-11 16:59:45,780 DEBUG 层 0：检查 40000 格，内部 0，边界 4
2026-09-11 16:59:45,781 DEBUG 层 1：检查 16 格，内部 4，边界 12
2026-09-11 16:59:45,781 DEBUG 层 2：检查 48 格，内部 16，边界 28
2026-09-11 16:59:45,782 DEBUG 层 3：检查 112 格，内部 29，边界 60
2026-09-11 16:59:45,783 DEBUG 层 4：检查 240 格，内部 90，边界 124
2026-09-11 16:59:45,784 DEBUG 层 5：检查 496 格，内部 149，边界 252
2026-09-11 16:59:45,784 DEBUG 层 6：检查 1008 格，内部 296，边界 500
2026-09-11 16:59:45,803 DEBUG 求解结束：sampled；可行点 1881，叶格 1084，边界格边长 0.281250 m
2026-09-11 16:59:45,809 DEBUG 层 0：检查 40000 格，内部 0，边界 4
2026-09-11 16:59:45,809 DEBUG 层 1：检查 16 格，内部 4，边界 12
2026-09-11 16:59:45,809 DEBUG 层 2：检查 48 格，内部 16，边界 28
2026-09-11 16:59:45,809 DEBUG 层 3：检查 112 格，内部 30，边界 60
2026-09-11 16:59:45,809 DEBUG 层 4：检查 240 格，内部 84，边界 124
2026-09-11 16:59:45,810 DEBUG 层 5：检查 496 格，内部 138，边界 252
2026-09-11 16:59:45,810 DEBUG 层 6：检查 1008 格，内部 276，边界 500
2026-09-11 16:59:45,824 DEBUG 求解结束：sampled；可行点 1809，叶格 1048，边界格边长 0.281250 m
2026-09-11 16:59:45,832 DEBUG 层 0：检查 40000 格，内部 0，边界 4
2026-09-11 16:59:45,832 DEBUG 层 1：检查 16 格，内部 4，边界 12
2026-09-11 16:59:45,833 DEBUG 层 2：检查 48 格，内部 16，边界 28
2026-09-11 16:59:45,833 DEBUG 层 3：检查 112 格，内部 30，边界 60
2026-09-11 16:59:45,833 DEBUG 层 4：检查 240 格，内部 84，边界 124
2026-09-11 16:59:45,833 DEBUG 层 5：检查 496 格，内部 137，边界 252
2026-09-11 16:59:45,834 DEBUG 层 6：检查 1008 格，内部 282，边界 500
2026-09-11 16:59:45,848 DEBUG 求解结束：sampled；可行点 1824，叶格 1053，边界格边长 0.281250 m
2026-09-11 16:59:45,854 DEBUG 层 0：检查 40000 格，内部 0，边界 4
2026-09-11 16:59:45,854 DEBUG 层 1：检查 16 格，内部 4，边界 12
2026-09-11 16:59:45,854 DEBUG 层 2：检查 48 格，内部 16，边界 28
2026-09-11 16:59:45,854 DEBUG 层 3：检查 112 格，内部 31，边界 60
2026-09-11 16:59:45,854 DEBUG 层 4：检查 240 格，内部 88，边界 124
2026-09-11 16:59:45,855 DEBUG 层 5：检查 496 格，内部 113，边界 252
2026-09-11 16:59:45,855 DEBUG 层 6：检查 1008 格，内部 322，边界 500
2026-09-11 16:59:45,870 DEBUG 求解结束：sampled；可行点 1905，叶格 1074，边界格边长 0.281250 m
2026-09-11 16:59:45,875 DEBUG 层 0：检查 40000 格，内部 0，边界 4
2026-09-11 16:59:45,876 DEBUG 层 1：检查 16 格，内部 4，边界 12
2026-09-11 16:59:45,876 DEBUG 层 2：检查 48 格，内部 16，边界 28
2026-09-11 16:59:45,876 DEBUG 层 3：检查 112 格，内部 30，边界 60
2026-09-11 16:59:45,876 DEBUG 层 4：检查 240 格，内部 84，边界 124
2026-09-11 16:59:45,877 DEBUG 层 5：检查 496 格，内部 137，边界 252
2026-09-11 16:59:45,877 DEBUG 层 6：检查 1008 格，内部 282，边界 500
2026-09-11 16:59:45,894 DEBUG 求解结束：sampled；可行点 1824，叶格 1053，边界格边长 0.281250 m
2026-09-11 16:59:45,900 DEBUG 层 0：检查 40000 格，内部 0，边界 4
2026-09-11 16:59:45,900 DEBUG 层 1：检查 16 格，内部 4，边界 12
2026-09-11 16:59:45,901 DEBUG 层 2：检查 48 格，内部 16，边界 28
2026-09-11 16:59:45,901 DEBUG 层 3：检查 112 格，内部 30，边界 60
2026-09-11 16:59:45,901 DEBUG 层 4：检查 240 格，内部 84，边界 124
2026-09-11 16:59:45,901 DEBUG 层 5：检查 496 格，内部 138，边界 252
2026-09-11 16:59:45,902 DEBUG 层 6：检查 1008 格，内部 276，边界 500
2026-09-11 16:59:45,914 DEBUG 求解结束：sampled；可行点 1809，叶格 1048，边界格边长 0.281250 m
2026-09-11 16:59:45,919 DEBUG 层 0：检查 40000 格，内部 0，边界 4
2026-09-11 16:59:45,919 DEBUG 层 1：检查 16 格，内部 4，边界 12
2026-09-11 16:59:45,920 DEBUG 层 2：检查 48 格，内部 16，边界 28
2026-09-11 16:59:45,920 DEBUG 层 3：检查 112 格，内部 30，边界 60
2026-09-11 16:59:45,920 DEBUG 层 4：检查 240 格，内部 89，边界 124
2026-09-11 16:59:45,920 DEBUG 层 5：检查 496 格，内部 142，边界 252
2026-09-11 16:59:45,920 DEBUG 层 6：检查 1008 格，内部 287，边界 500
2026-09-11 16:59:45,936 DEBUG 求解结束：sampled；可行点 1849，叶格 1068，边界格边长 0.281250 m
2026-09-11 16:59:45,942 DEBUG 层 0：检查 40000 格，内部 0，边界 4
2026-09-11 16:59:45,942 DEBUG 层 1：检查 16 格，内部 4，边界 12
2026-09-11 16:59:45,943 DEBUG 层 2：检查 48 格，内部 16，边界 28
2026-09-11 16:59:45,943 DEBUG 层 3：检查 112 格，内部 31，边界 60
2026-09-11 16:59:45,943 DEBUG 层 4：检查 240 格，内部 87，边界 124
2026-09-11 16:59:45,943 DEBUG 层 5：检查 496 格，内部 137，边界 252
2026-09-11 16:59:45,944 DEBUG 层 6：检查 1008 格，内部 280，边界 500
2026-09-11 16:59:45,959 DEBUG 求解结束：sampled；可行点 1824，叶格 1055，边界格边长 0.281250 m
2026-09-11 16:59:45,965 DEBUG 层 0：检查 40000 格，内部 0，边界 4
2026-09-11 16:59:45,965 DEBUG 层 1：检查 16 格，内部 4，边界 12
2026-09-11 16:59:45,965 DEBUG 层 2：检查 48 格，内部 16，边界 28
2026-09-11 16:59:45,965 DEBUG 层 3：检查 112 格，内部 31，边界 60
2026-09-11 16:59:45,965 DEBUG 层 4：检查 240 格，内部 85，边界 124
2026-09-11 16:59:45,966 DEBUG 层 5：检查 496 格，内部 137，边界 252
2026-09-11 16:59:45,966 DEBUG 层 6：检查 1008 格，内部 281，边界 500
2026-09-11 16:59:45,983 DEBUG 求解结束：sampled；可行点 1825，叶格 1054，边界格边长 0.281250 m
2026-09-11 16:59:45,986 INFO 贪心第6点：候选14，面积 1004.343 m²，直径≤38.297 m，最小交会角 15.0°
2026-09-11 16:59:45,999 INFO 开始实验模块：experiment.compare_layout
2026-09-11 16:59:46,004 DEBUG 层 0：检查 40000 格，内部 0，边界 6
2026-09-11 16:59:46,004 DEBUG 层 1：检查 24 格，内部 2，边界 13
2026-09-11 16:59:46,004 DEBUG 层 2：检查 52 格，内部 4，边界 22
2026-09-11 16:59:46,004 DEBUG 层 3：检查 88 格，内部 23，边界 48
2026-09-11 16:59:46,004 DEBUG 层 4：检查 192 格，内部 30，边界 98
2026-09-11 16:59:46,005 DEBUG 层 5：检查 392 格，内部 79，边界 194
2026-09-11 16:59:46,005 DEBUG 层 6：检查 776 格，内部 223，边界 389
2026-09-11 16:59:46,005 DEBUG 层 7：检查 1556 格，内部 379，边界 780
2026-09-11 16:59:46,006 DEBUG 层 8：检查 3120 格，内部 777，边界 1558
2026-09-11 16:59:46,048 DEBUG 求解结束：sampled；可行点 5339，叶格 3075，边界格边长 0.070312 m
2026-09-11 16:59:46,050 INFO layout_random_000_n4 | A=458.924 m²，D=36.487 m，e=12.290 m，γmin=15.0°
2026-09-11 16:59:46,055 DEBUG 层 0：检查 40000 格，内部 0，边界 3
2026-09-11 16:59:46,055 DEBUG 层 1：检查 12 格，内部 0，边界 7
2026-09-11 16:59:46,055 DEBUG 层 2：检查 28 格，内部 1，边界 16
2026-09-11 16:59:46,055 DEBUG 层 3：检查 64 格，内部 11，边界 33
2026-09-11 16:59:46,055 DEBUG 层 4：检查 132 格，内部 31，边界 65
2026-09-11 16:59:46,055 DEBUG 层 5：检查 260 格，内部 61，边界 131
2026-09-11 16:59:46,055 DEBUG 层 6：检查 524 格，内部 127，边界 261
2026-09-11 16:59:46,056 DEBUG 层 7：检查 1044 格，内部 260，边界 523
2026-09-11 16:59:46,056 DEBUG 层 8：检查 2092 格，内部 517，边界 1047
2026-09-11 16:59:46,080 DEBUG 求解结束：sampled；可行点 3554，叶格 2055，边界格边长 0.070312 m
2026-09-11 16:59:46,082 INFO layout_uniform_000_n4 | A=157.337 m²，D=24.366 m，e=3.062 m，γmin=0.0°
2026-09-11 16:59:46,086 DEBUG 层 0：检查 40000 格，内部 0，边界 6
2026-09-11 16:59:46,087 DEBUG 层 1：检查 24 格，内部 0，边界 12
2026-09-11 16:59:46,087 DEBUG 层 2：检查 48 格，内部 8，边界 25
2026-09-11 16:59:46,087 DEBUG 层 3：检查 100 格，内部 22，边界 52
2026-09-11 16:59:46,087 DEBUG 层 4：检查 208 格，内部 45，边界 104
2026-09-11 16:59:46,087 DEBUG 层 5：检查 416 格，内部 95，边界 206
2026-09-11 16:59:46,088 DEBUG 层 6：检查 824 格，内部 195，边界 412
2026-09-11 16:59:46,088 DEBUG 层 7：检查 1648 格，内部 400，边界 826
2026-09-11 16:59:46,088 DEBUG 层 8：检查 3304 格，内部 814，边界 1653
2026-09-11 16:59:46,135 DEBUG 求解结束：sampled；可行点 5598，叶格 3232，边界格边长 0.070312 m
2026-09-11 16:59:46,136 INFO layout_optimized_000_n4 | A=395.859 m²，D=34.829 m，e=10.018 m，γmin=45.0°
2026-09-11 16:59:46,141 DEBUG 层 0：检查 40000 格，内部 0，边界 7
2026-09-11 16:59:46,141 DEBUG 层 1：检查 28 格，内部 3，边界 16
2026-09-11 16:59:46,141 DEBUG 层 2：检查 64 格，内部 12，边界 31
2026-09-11 16:59:46,141 DEBUG 层 3：检查 124 格，内部 27，边界 63
2026-09-11 16:59:46,141 DEBUG 层 4：检查 252 格，内部 61，边界 128
2026-09-11 16:59:46,142 DEBUG 层 5：检查 512 格，内部 131，边界 253
2026-09-11 16:59:46,143 DEBUG 层 6：检查 1012 格，内部 249，边界 506
2026-09-11 16:59:46,143 DEBUG 层 7：检查 2024 格，内部 503，边界 1013
2026-09-11 16:59:46,144 DEBUG 层 8：检查 4052 格，内部 1007，边界 2028
2026-09-11 16:59:46,210 DEBUG 求解结束：sampled；可行点 6988，叶格 4021，边界格边长 0.070312 m
2026-09-11 16:59:46,214 INFO layout_dop_baseline_000_n4 | A=785.869 m²，D=37.955 m，e=14.978 m，γmin=45.0°
2026-09-11 16:59:46,219 DEBUG 层 0：检查 40000 格，内部 0，边界 8
2026-09-11 16:59:46,219 DEBUG 层 1：检查 32 格，内部 1，边界 18
2026-09-11 16:59:46,219 DEBUG 层 2：检查 72 格，内部 9，边界 33
2026-09-11 16:59:46,219 DEBUG 层 3：检查 132 格，内部 22，边界 65
2026-09-11 16:59:46,220 DEBUG 层 4：检查 260 格，内部 69，边界 132
2026-09-11 16:59:46,220 DEBUG 层 5：检查 528 格，内部 97，边界 263
2026-09-11 16:59:46,221 DEBUG 层 6：检查 1052 格，内部 214，边界 524
2026-09-11 16:59:46,221 DEBUG 层 7：检查 2096 格，内部 428，边界 1048
2026-09-11 16:59:46,222 DEBUG 层 8：检查 4192 格，内部 983，边界 2094
2026-09-11 16:59:46,274 DEBUG 求解结束：sampled；可行点 6736，叶格 3917，边界格边长 0.070312 m
2026-09-11 16:59:46,276 INFO layout_random_001_n4 | A=532.865 m²，D=45.706 m，e=7.871 m，γmin=15.0°
2026-09-11 16:59:46,281 DEBUG 层 0：检查 40000 格，内部 1，边界 8
2026-09-11 16:59:46,282 DEBUG 层 1：检查 32 格，内部 0，边界 16
2026-09-11 16:59:46,282 DEBUG 层 2：检查 64 格，内部 10，边界 32
2026-09-11 16:59:46,282 DEBUG 层 3：检查 128 格，内部 28，边界 63
2026-09-11 16:59:46,282 DEBUG 层 4：检查 252 格，内部 59，边界 125
2026-09-11 16:59:46,282 DEBUG 层 5：检查 500 格，内部 117，边界 249
2026-09-11 16:59:46,283 DEBUG 层 6：检查 996 格，内部 244，边界 499
2026-09-11 16:59:46,283 DEBUG 层 7：检查 1996 格，内部 494，边界 997
2026-09-11 16:59:46,284 DEBUG 层 8：检查 3988 格，内部 997，边界 1995
2026-09-11 16:59:46,338 DEBUG 求解结束：sampled；可行点 6857，叶格 3945，边界格边长 0.070312 m
2026-09-11 16:59:46,340 INFO layout_uniform_001_n4 | A=823.719 m²，D=40.984 m，e=13.506 m，γmin=0.0°
2026-09-11 16:59:46,345 DEBUG 层 0：检查 40000 格，内部 0，边界 5
2026-09-11 16:59:46,345 DEBUG 层 1：检查 20 格，内部 0，边界 12
2026-09-11 16:59:46,345 DEBUG 层 2：检查 48 格，内部 7，边界 26
2026-09-11 16:59:46,345 DEBUG 层 3：检查 104 格，内部 21，边界 49
2026-09-11 16:59:46,345 DEBUG 层 4：检查 196 格，内部 42，边界 100
2026-09-11 16:59:46,346 DEBUG 层 5：检查 400 格，内部 90，边界 200
2026-09-11 16:59:46,346 DEBUG 层 6：检查 800 格，内部 202，边界 398
2026-09-11 16:59:46,346 DEBUG 层 7：检查 1592 格，内部 393，边界 796
2026-09-11 16:59:46,347 DEBUG 层 8：检查 3184 格，内部 785，边界 1591
2026-09-11 16:59:46,391 DEBUG 求解结束：sampled；可行点 5428，叶格 3131，边界格边长 0.070312 m
2026-09-11 16:59:46,393 INFO layout_optimized_001_n4 | A=365.107 m²，D=34.694 m，e=8.294 m，γmin=45.0°
2026-09-11 16:59:46,398 DEBUG 层 0：检查 40000 格，内部 0，边界 4
2026-09-11 16:59:46,399 DEBUG 层 1：检查 16 格，内部 0，边界 11
2026-09-11 16:59:46,399 DEBUG 层 2：检查 44 格，内部 9，边界 25
2026-09-11 16:59:46,399 DEBUG 层 3：检查 100 格，内部 16，边界 50
2026-09-11 16:59:46,399 DEBUG 层 4：检查 200 格，内部 45，边界 101
2026-09-11 16:59:46,399 DEBUG 层 5：检查 404 格，内部 88，边界 201
2026-09-11 16:59:46,400 DEBUG 层 6：检查 804 格，内部 206，边界 402
2026-09-11 16:59:46,400 DEBUG 层 7：检查 1608 格，内部 394，边界 806
2026-09-11 16:59:46,400 DEBUG 层 8：检查 3224 格，内部 802，边界 1612
2026-09-11 16:59:46,444 DEBUG 求解结束：sampled；可行点 5498，叶格 3172，边界格边长 0.070312 m
2026-09-11 16:59:46,447 INFO layout_dop_baseline_001_n4 | A=383.987 m²，D=34.763 m，e=8.501 m，γmin=45.0°
2026-09-11 16:59:46,452 DEBUG 层 0：检查 40000 格，内部 0，边界 7
2026-09-11 16:59:46,452 DEBUG 层 1：检查 28 格，内部 5，边界 15
2026-09-11 16:59:46,452 DEBUG 层 2：检查 60 格，内部 13，边界 34
2026-09-11 16:59:46,452 DEBUG 层 3：检查 136 格，内部 31，边界 68
2026-09-11 16:59:46,453 DEBUG 层 4：检查 272 格，内部 64，边界 136
2026-09-11 16:59:46,455 DEBUG 层 5：检查 544 格，内部 121，边界 274
2026-09-11 16:59:46,455 DEBUG 层 6：检查 1096 格，内部 283，边界 546
2026-09-11 16:59:46,456 DEBUG 层 7：检查 2184 格，内部 564，边界 1091
2026-09-11 16:59:46,456 DEBUG 层 8：检查 4364 格，内部 1064，边界 2184
2026-09-11 16:59:46,521 DEBUG 求解结束：sampled；可行点 7533，叶格 4329，边界格边长 0.070312 m
2026-09-11 16:59:46,524 INFO layout_random_002_n4 | A=993.838 m²，D=43.667 m，e=8.144 m，γmin=15.0°
2026-09-11 16:59:46,527 DEBUG 层 0：检查 40000 格，内部 0，边界 10
2026-09-11 16:59:46,527 DEBUG 层 1：检查 40 格，内部 5，边界 19
2026-09-11 16:59:46,527 DEBUG 层 2：检查 76 格，内部 14，边界 40
2026-09-11 16:59:46,527 DEBUG 层 3：检查 160 格，内部 35，边界 78
2026-09-11 16:59:46,527 DEBUG 层 4：检查 312 格，内部 65，边界 157
2026-09-11 16:59:46,528 DEBUG 层 5：检查 628 格，内部 154，边界 315
2026-09-11 16:59:46,528 DEBUG 层 6：检查 1260 格，内部 325，边界 629
2026-09-11 16:59:46,528 DEBUG 层 7：检查 2516 格，内部 637，边界 1257
2026-09-11 16:59:46,530 DEBUG 层 8：检查 5028 格，内部 1240，边界 2516
2026-09-11 16:59:46,604 DEBUG 求解结束：sampled；可行点 8681，叶格 4991，边界格边长 0.070312 m
2026-09-11 16:59:46,606 INFO layout_uniform_002_n4 | A=1053.416 m²，D=46.461 m，e=7.513 m，γmin=0.0°
2026-09-11 16:59:46,610 DEBUG 层 0：检查 40000 格，内部 0，边界 8
2026-09-11 16:59:46,611 DEBUG 层 1：检查 32 格，内部 3，边界 15
2026-09-11 16:59:46,611 DEBUG 层 2：检查 60 格，内部 9，边界 32
2026-09-11 16:59:46,611 DEBUG 层 3：检查 128 格，内部 30，边界 61
2026-09-11 16:59:46,611 DEBUG 层 4：检查 244 格，内部 48，边界 126
2026-09-11 16:59:46,611 DEBUG 层 5：检查 504 格，内部 134，边界 248
2026-09-11 16:59:46,611 DEBUG 层 6：检查 992 格，内部 257，边界 498
2026-09-11 16:59:46,612 DEBUG 层 7：检查 1992 格，内部 514，边界 995
2026-09-11 16:59:46,612 DEBUG 层 8：检查 3980 格，内部 957，边界 1988
2026-09-11 16:59:46,669 DEBUG 求解结束：sampled；可行点 6850，叶格 3940，边界格边长 0.070312 m
2026-09-11 16:59:46,671 INFO layout_optimized_002_n4 | A=725.195 m²，D=37.287 m，e=4.356 m，γmin=45.0°
2026-09-11 16:59:46,675 DEBUG 层 0：检查 40000 格，内部 0，边界 6
2026-09-11 16:59:46,676 DEBUG 层 1：检查 24 格，内部 2，边界 15
2026-09-11 16:59:46,676 DEBUG 层 2：检查 60 格，内部 9，边界 31
2026-09-11 16:59:46,676 DEBUG 层 3：检查 124 格，内部 31，边界 60
2026-09-11 16:59:46,676 DEBUG 层 4：检查 240 格，内部 54，边界 121
2026-09-11 16:59:46,676 DEBUG 层 5：检查 484 格，内部 119，边界 238
2026-09-11 16:59:46,676 DEBUG 层 6：检查 952 格，内部 230，边界 478
2026-09-11 16:59:46,677 DEBUG 层 7：检查 1912 格，内部 491，边界 958
2026-09-11 16:59:46,678 DEBUG 层 8：检查 3832 格，内部 922，边界 1914
2026-09-11 16:59:46,727 DEBUG 求解结束：sampled；可行点 6564，叶格 3772，边界格边长 0.070312 m
2026-09-11 16:59:46,729 INFO layout_dop_baseline_002_n4 | A=648.931 m²，D=37.605 m，e=1.915 m，γmin=45.0°
2026-09-11 16:59:46,733 DEBUG 层 0：检查 40000 格，内部 1，边界 14
2026-09-11 16:59:46,734 DEBUG 层 1：检查 56 格，内部 4，边界 26
2026-09-11 16:59:46,734 DEBUG 层 2：检查 104 格，内部 22，边界 52
2026-09-11 16:59:46,734 DEBUG 层 3：检查 208 格，内部 41，边界 104
2026-09-11 16:59:46,734 DEBUG 层 4：检查 416 格，内部 80，边界 204
2026-09-11 16:59:46,735 DEBUG 层 5：检查 816 格，内部 206，边界 412
2026-09-11 16:59:46,735 DEBUG 层 6：检查 1648 格，内部 345，边界 820
2026-09-11 16:59:46,736 DEBUG 层 7：检查 3280 格，内部 895，边界 1644
2026-09-11 16:59:46,736 DEBUG 层 8：检查 6576 格，内部 1613，边界 3292
2026-09-11 16:59:46,826 DEBUG 求解结束：sampled；可行点 11292，叶格 6499，边界格边长 0.070312 m
2026-09-11 16:59:46,828 INFO layout_random_003_n4 | A=1536.304 m²，D=87.775 m，e=21.757 m，γmin=0.0°
2026-09-11 16:59:46,835 DEBUG 层 0：检查 40000 格，内部 0，边界 10
2026-09-11 16:59:46,835 DEBUG 层 1：检查 40 格，内部 3，边界 20
2026-09-11 16:59:46,835 DEBUG 层 2：检查 80 格，内部 16，边界 37
2026-09-11 16:59:46,835 DEBUG 层 3：检查 148 格，内部 34，边界 74
2026-09-11 16:59:46,836 DEBUG 层 4：检查 296 格，内部 64，边界 149
2026-09-11 16:59:46,836 DEBUG 层 5：检查 596 格，内部 144，边界 297
2026-09-11 16:59:46,836 DEBUG 层 6：检查 1188 格，内部 289，边界 592
2026-09-11 16:59:46,836 DEBUG 层 7：检查 2368 格，内部 587，边界 1187
2026-09-11 16:59:46,837 DEBUG 层 8：检查 4748 格，内部 1167，边界 2372
2026-09-11 16:59:46,902 DEBUG 求解结束：sampled；可行点 8121，叶格 4676，边界格边长 0.070312 m
2026-09-11 16:59:46,903 INFO layout_uniform_003_n4 | A=917.566 m²，D=43.342 m，e=16.205 m，γmin=0.0°
2026-09-11 16:59:46,908 DEBUG 层 0：检查 40000 格，内部 0，边界 3
2026-09-11 16:59:46,909 DEBUG 层 1：检查 12 格，内部 0，边界 7
2026-09-11 16:59:46,909 DEBUG 层 2：检查 28 格，内部 0，边界 13
2026-09-11 16:59:46,909 DEBUG 层 3：检查 52 格，内部 6，边界 26
2026-09-11 16:59:46,909 DEBUG 层 4：检查 104 格，内部 20，边界 51
2026-09-11 16:59:46,909 DEBUG 层 5：检查 204 格，内部 44，边界 101
2026-09-11 16:59:46,909 DEBUG 层 6：检查 404 格，内部 99，边界 204
2026-09-11 16:59:46,910 DEBUG 层 7：检查 816 格，内部 199，边界 406
2026-09-11 16:59:46,910 DEBUG 层 8：检查 1624 格，内部 396，边界 813
2026-09-11 16:59:46,932 DEBUG 求解结束：sampled；可行点 2698，叶格 1577，边界格边长 0.070312 m
2026-09-11 16:59:46,934 INFO layout_optimized_003_n4 | A=87.297 m²，D=18.441 m，e=4.255 m，γmin=45.0°
2026-09-11 16:59:46,938 DEBUG 层 0：检查 40000 格，内部 0，边界 4
2026-09-11 16:59:46,939 DEBUG 层 1：检查 16 格，内部 0，边界 7
2026-09-11 16:59:46,939 DEBUG 层 2：检查 28 格，内部 1，边界 12
2026-09-11 16:59:46,939 DEBUG 层 3：检查 48 格，内部 3，边界 25
2026-09-11 16:59:46,939 DEBUG 层 4：检查 100 格，内部 18，边界 49
2026-09-11 16:59:46,939 DEBUG 层 5：检查 196 格，内部 34，边界 101
2026-09-11 16:59:46,939 DEBUG 层 6：检查 404 格，内部 92，边界 201
2026-09-11 16:59:46,939 DEBUG 层 7：检查 804 格，内部 193，边界 404
2026-09-11 16:59:46,940 DEBUG 层 8：检查 1616 格，内部 396，边界 805
2026-09-11 16:59:46,958 DEBUG 求解结束：sampled；可行点 2635，叶格 1542，边界格边长 0.070312 m
2026-09-11 16:59:46,959 INFO layout_dop_baseline_003_n4 | A=85.948 m²，D=18.140 m，e=4.156 m，γmin=45.0°
2026-09-11 16:59:46,963 DEBUG 层 0：检查 40000 格，内部 0，边界 6
2026-09-11 16:59:46,963 DEBUG 层 1：检查 24 格，内部 0，边界 14
2026-09-11 16:59:46,964 DEBUG 层 2：检查 56 格，内部 14，边界 28
2026-09-11 16:59:46,964 DEBUG 层 3：检查 112 格，内部 19，边界 58
2026-09-11 16:59:46,964 DEBUG 层 4：检查 232 格，内部 47，边界 113
2026-09-11 16:59:46,964 DEBUG 层 5：检查 452 格，内部 123，边界 225
2026-09-11 16:59:46,964 DEBUG 层 6：检查 900 格，内部 216，边界 453
2026-09-11 16:59:46,965 DEBUG 层 7：检查 1812 格，内部 447，边界 906
2026-09-11 16:59:46,965 DEBUG 层 8：检查 3624 格，内部 895，边界 1812
2026-09-11 16:59:47,013 DEBUG 求解结束：sampled；可行点 6198，叶格 3573，边界格边长 0.070312 m
2026-09-11 16:59:47,014 INFO layout_random_004_n4 | A=517.306 m²，D=39.532 m，e=8.642 m，γmin=0.0°
2026-09-11 16:59:47,019 DEBUG 层 0：检查 40000 格，内部 0，边界 8
2026-09-11 16:59:47,019 DEBUG 层 1：检查 32 格，内部 2，边界 16
2026-09-11 16:59:47,019 DEBUG 层 2：检查 64 格，内部 7，边界 30
2026-09-11 16:59:47,019 DEBUG 层 3：检查 120 格，内部 37，边界 64
2026-09-11 16:59:47,019 DEBUG 层 4：检查 256 格，内部 52，边界 128
2026-09-11 16:59:47,020 DEBUG 层 5：检查 512 格，内部 134，边界 254
2026-09-11 16:59:47,020 DEBUG 层 6：检查 1016 格，内部 263，边界 509
2026-09-11 16:59:47,020 DEBUG 层 7：检查 2036 格，内部 432，边界 1017
2026-09-11 16:59:47,021 DEBUG 层 8：检查 4068 格，内部 1076，边界 2033
2026-09-11 16:59:47,071 DEBUG 求解结束：sampled；可行点 7007，叶格 4036，边界格边长 0.070312 m
2026-09-11 16:59:47,072 INFO layout_uniform_004_n4 | A=643.206 m²，D=36.131 m，e=11.717 m，γmin=0.0°
2026-09-11 16:59:47,076 DEBUG 层 0：检查 40000 格，内部 0，边界 4
2026-09-11 16:59:47,076 DEBUG 层 1：检查 16 格，内部 0，边界 8
2026-09-11 16:59:47,076 DEBUG 层 2：检查 32 格，内部 2，边界 17
2026-09-11 16:59:47,076 DEBUG 层 3：检查 68 格，内部 17，边界 38
2026-09-11 16:59:47,076 DEBUG 层 4：检查 152 格，内部 56，边界 81
2026-09-11 16:59:47,076 DEBUG 层 5：检查 324 格，内部 102，边界 164
2026-09-11 16:59:47,076 DEBUG 层 6：检查 656 格，内部 126，边界 326
2026-09-11 16:59:47,077 DEBUG 层 7：检查 1304 格，内部 212，边界 651
2026-09-11 16:59:47,077 DEBUG 层 8：检查 2604 格，内部 834，边界 1301
2026-09-11 16:59:47,117 DEBUG 求解结束：sampled；可行点 4567，叶格 2650，边界格边长 0.070312 m
2026-09-11 16:59:47,118 INFO layout_optimized_004_n4 | A=253.616 m²，D=29.807 m，e=3.610 m，γmin=45.0°
2026-09-11 16:59:47,122 DEBUG 层 0：检查 40000 格，内部 0，边界 6
2026-09-11 16:59:47,123 DEBUG 层 1：检查 24 格，内部 1，边界 14
2026-09-11 16:59:47,123 DEBUG 层 2：检查 56 格，内部 10，边界 28
2026-09-11 16:59:47,123 DEBUG 层 3：检查 112 格，内部 27，边界 55
2026-09-11 16:59:47,123 DEBUG 层 4：检查 220 格，内部 76，边界 111
2026-09-11 16:59:47,123 DEBUG 层 5：检查 444 格，内部 127，边界 222
2026-09-11 16:59:47,124 DEBUG 层 6：检查 888 格，内部 186，边界 442
2026-09-11 16:59:47,124 DEBUG 层 7：检查 1768 格，内部 304，边界 884
2026-09-11 16:59:47,124 DEBUG 层 8：检查 3536 格，内部 1010，边界 1767
2026-09-11 16:59:47,182 DEBUG 求解结束：sampled；可行点 6052，叶格 3508，边界格边长 0.070312 m
2026-09-11 16:59:47,183 INFO layout_dop_baseline_004_n4 | A=590.185 m²，D=37.467 m，e=10.731 m，γmin=45.0°
2026-09-11 16:59:47,187 DEBUG 层 0：检查 40000 格，内部 0，边界 8
2026-09-11 16:59:47,188 DEBUG 层 1：检查 32 格，内部 0，边界 17
2026-09-11 16:59:47,188 DEBUG 层 2：检查 68 格，内部 9，边界 35
2026-09-11 16:59:47,188 DEBUG 层 3：检查 140 格，内部 31，边界 66
2026-09-11 16:59:47,188 DEBUG 层 4：检查 264 格，内部 62，边界 134
2026-09-11 16:59:47,188 DEBUG 层 5：检查 536 格，内部 125，边界 268
2026-09-11 16:59:47,189 DEBUG 层 6：检查 1072 格，内部 260，边界 534
2026-09-11 16:59:47,189 DEBUG 层 7：检查 2136 格，内部 529，边界 1069
2026-09-11 16:59:47,190 DEBUG 层 8：检查 4276 格，内部 1063，边界 2139
2026-09-11 16:59:47,248 DEBUG 求解结束：sampled；可行点 7310，叶格 4218，边界格边长 0.070312 m
2026-09-11 16:59:47,249 INFO layout_random_005_n4 | A=503.958 m²，D=51.638 m，e=17.131 m，γmin=15.0°
2026-09-11 16:59:47,253 DEBUG 层 0：检查 40000 格，内部 0，边界 4
2026-09-11 16:59:47,253 DEBUG 层 1：检查 16 格，内部 0，边界 10
2026-09-11 16:59:47,254 DEBUG 层 2：检查 40 格，内部 0，边界 22
2026-09-11 16:59:47,254 DEBUG 层 3：检查 88 格，内部 17，边界 46
2026-09-11 16:59:47,254 DEBUG 层 4：检查 184 格，内部 40，边界 92
2026-09-11 16:59:47,254 DEBUG 层 5：检查 368 格，内部 116，边界 185
2026-09-11 16:59:47,254 DEBUG 层 6：检查 740 格，内部 192，边界 370
2026-09-11 16:59:47,255 DEBUG 层 7：检查 1480 格，内部 430，边界 741
2026-09-11 16:59:47,255 DEBUG 层 8：检查 2964 格，内部 612，边界 1483
2026-09-11 16:59:47,300 DEBUG 求解结束：sampled；可行点 4987，叶格 2890，边界格边长 0.070312 m
2026-09-11 16:59:47,302 INFO layout_uniform_005_n4 | A=207.153 m²，D=30.901 m，e=5.655 m，γmin=0.0°
2026-09-11 16:59:47,306 DEBUG 层 0：检查 40000 格，内部 0，边界 3
2026-09-11 16:59:47,306 DEBUG 层 1：检查 12 格，内部 0，边界 6
2026-09-11 16:59:47,306 DEBUG 层 2：检查 24 格，内部 1，边界 14
2026-09-11 16:59:47,306 DEBUG 层 3：检查 56 格，内部 17，边界 34
2026-09-11 16:59:47,306 DEBUG 层 4：检查 136 格，内部 21，边界 65
2026-09-11 16:59:47,307 DEBUG 层 5：检查 260 格，内部 76，边界 133
2026-09-11 16:59:47,307 DEBUG 层 6：检查 532 格，内部 96，边界 265
2026-09-11 16:59:47,307 DEBUG 层 7：检查 1060 格，内部 268，边界 534
2026-09-11 16:59:47,307 DEBUG 层 8：检查 2136 格，内部 590，边界 1067
2026-09-11 16:59:47,339 DEBUG 求解结束：sampled；可行点 3539，叶格 2136，边界格边长 0.070312 m
2026-09-11 16:59:47,340 INFO layout_optimized_005_n4 | A=177.129 m²，D=26.252 m，e=5.999 m，γmin=45.0°
2026-09-11 16:59:47,345 DEBUG 层 0：检查 40000 格，内部 0，边界 8
2026-09-11 16:59:47,345 DEBUG 层 1：检查 32 格，内部 7，边界 16
2026-09-11 16:59:47,345 DEBUG 层 2：检查 64 格，内部 4，边界 32
2026-09-11 16:59:47,345 DEBUG 层 3：检查 128 格，内部 33，边界 64
2026-09-11 16:59:47,345 DEBUG 层 4：检查 256 格，内部 47，边界 126
2026-09-11 16:59:47,346 DEBUG 层 5：检查 504 格，内部 136，边界 252
2026-09-11 16:59:47,346 DEBUG 层 6：检查 1008 格，内部 157，边界 502
2026-09-11 16:59:47,346 DEBUG 层 7：检查 2008 格，内部 524，边界 1005
2026-09-11 16:59:47,347 DEBUG 层 8：检查 4020 格，内部 1045，边界 2011
2026-09-11 16:59:47,403 DEBUG 求解结束：sampled；可行点 6876，叶格 3964，边界格边长 0.070312 m
2026-09-11 16:59:47,406 INFO layout_dop_baseline_005_n4 | A=954.650 m²，D=38.242 m，e=15.059 m，γmin=45.0°
2026-09-11 16:59:47,410 DEBUG 层 0：检查 40000 格，内部 0，边界 5
2026-09-11 16:59:47,410 DEBUG 层 1：检查 20 格，内部 1，边界 11
2026-09-11 16:59:47,410 DEBUG 层 2：检查 44 格，内部 1，边界 23
2026-09-11 16:59:47,411 DEBUG 层 3：检查 92 格，内部 24，边界 45
2026-09-11 16:59:47,411 DEBUG 层 4：检查 180 格，内部 44，边界 90
2026-09-11 16:59:47,411 DEBUG 层 5：检查 360 格，内部 77，边界 180
2026-09-11 16:59:47,411 DEBUG 层 6：检查 720 格，内部 166，边界 358
2026-09-11 16:59:47,411 DEBUG 层 7：检查 1432 格，内部 334，边界 718
2026-09-11 16:59:47,412 DEBUG 层 8：检查 2872 格，内部 738，边界 1436
2026-09-11 16:59:47,448 DEBUG 求解结束：sampled；可行点 4885，叶格 2821，边界格边长 0.070312 m
2026-09-11 16:59:47,450 INFO layout_random_006_n4 | A=333.163 m²，D=32.236 m，e=6.320 m，γmin=30.0°
2026-09-11 16:59:47,454 DEBUG 层 0：检查 40000 格，内部 0，边界 5
2026-09-11 16:59:47,455 DEBUG 层 1：检查 20 格，内部 1，边界 11
2026-09-11 16:59:47,455 DEBUG 层 2：检查 44 格，内部 7，边界 22
2026-09-11 16:59:47,455 DEBUG 层 3：检查 88 格，内部 19，边界 48
2026-09-11 16:59:47,455 DEBUG 层 4：检查 192 格，内部 46，边界 93
2026-09-11 16:59:47,455 DEBUG 层 5：检查 372 格，内部 86，边界 185
2026-09-11 16:59:47,456 DEBUG 层 6：检查 740 格，内部 172，边界 371
2026-09-11 16:59:47,456 DEBUG 层 7：检查 1484 格，内部 363，边界 740
2026-09-11 16:59:47,456 DEBUG 层 8：检查 2960 格，内部 761，边界 1479
2026-09-11 16:59:47,505 DEBUG 求解结束：sampled；可行点 5089，叶格 2934，边界格边长 0.070312 m
2026-09-11 16:59:47,507 INFO layout_uniform_006_n4 | A=436.052 m²，D=30.311 m，e=8.144 m，γmin=0.0°
2026-09-11 16:59:47,511 DEBUG 层 0：检查 40000 格，内部 0，边界 8
2026-09-11 16:59:47,511 DEBUG 层 1：检查 32 格，内部 3，边界 15
2026-09-11 16:59:47,511 DEBUG 层 2：检查 60 格，内部 10，边界 31
2026-09-11 16:59:47,511 DEBUG 层 3：检查 124 格，内部 27，边界 63
2026-09-11 16:59:47,512 DEBUG 层 4：检查 252 格，内部 58，边界 125
2026-09-11 16:59:47,512 DEBUG 层 5：检查 500 格，内部 118，边界 247
2026-09-11 16:59:47,512 DEBUG 层 6：检查 988 格，内部 237，边界 498
2026-09-11 16:59:47,512 DEBUG 层 7：检查 1992 格，内部 478，边界 995
2026-09-11 16:59:47,513 DEBUG 层 8：检查 3980 格，内部 1011，边界 1993
2026-09-11 16:59:47,576 DEBUG 求解结束：sampled；可行点 6840，叶格 3935，边界格边长 0.070312 m
2026-09-11 16:59:47,578 INFO layout_optimized_006_n4 | A=735.794 m²，D=37.519 m，e=11.016 m，γmin=45.0°
2026-09-11 16:59:47,582 DEBUG 层 0：检查 40000 格，内部 0，边界 9
2026-09-11 16:59:47,582 DEBUG 层 1：检查 36 格，内部 3，边界 16
2026-09-11 16:59:47,583 DEBUG 层 2：检查 64 格，内部 12，边界 32
2026-09-11 16:59:47,583 DEBUG 层 3：检查 128 格，内部 34，边界 62
2026-09-11 16:59:47,583 DEBUG 层 4：检查 248 格，内部 61，边界 128
2026-09-11 16:59:47,583 DEBUG 层 5：检查 512 格，内部 125，边界 259
2026-09-11 16:59:47,583 DEBUG 层 6：检查 1036 格，内部 266，边界 517
2026-09-11 16:59:47,583 DEBUG 层 7：检查 2068 格，内部 505，边界 1034
2026-09-11 16:59:47,584 DEBUG 层 8：检查 4136 格，内部 1037，边界 2065
2026-09-11 16:59:47,639 DEBUG 求解结束：sampled；可行点 7145，叶格 4108，边界格边长 0.070312 m
2026-09-11 16:59:47,640 INFO layout_dop_baseline_006_n4 | A=821.059 m²，D=37.955 m，e=11.706 m，γmin=45.0°
2026-09-11 16:59:47,644 DEBUG 层 0：检查 40000 格，内部 0，边界 6
2026-09-11 16:59:47,645 DEBUG 层 1：检查 24 格，内部 0，边界 15
2026-09-11 16:59:47,645 DEBUG 层 2：检查 60 格，内部 10，边界 27
2026-09-11 16:59:47,645 DEBUG 层 3：检查 108 格，内部 16，边界 56
2026-09-11 16:59:47,645 DEBUG 层 4：检查 224 格，内部 50，边界 110
2026-09-11 16:59:47,645 DEBUG 层 5：检查 440 格，内部 108，边界 217
2026-09-11 16:59:47,646 DEBUG 层 6：检查 868 格，内部 208，边界 433
2026-09-11 16:59:47,646 DEBUG 层 7：检查 1732 格，内部 428，边界 865
2026-09-11 16:59:47,646 DEBUG 层 8：检查 3460 格，内部 879，边界 1732
2026-09-11 16:59:47,698 DEBUG 求解结束：sampled；可行点 5951，叶格 3431，边界格边长 0.070312 m
2026-09-11 16:59:47,700 INFO layout_random_007_n4 | A=418.625 m²，D=34.443 m，e=10.574 m，γmin=30.0°
2026-09-11 16:59:47,706 DEBUG 层 0：检查 40000 格，内部 1，边界 8
2026-09-11 16:59:47,707 DEBUG 层 1：检查 32 格，内部 0，边界 12
2026-09-11 16:59:47,707 DEBUG 层 2：检查 48 格，内部 9，边界 26
2026-09-11 16:59:47,707 DEBUG 层 3：检查 104 格，内部 15，边界 50
2026-09-11 16:59:47,707 DEBUG 层 4：检查 200 格，内部 80，边界 100
2026-09-11 16:59:47,707 DEBUG 层 5：检查 400 格，内部 120，边界 198
2026-09-11 16:59:47,708 DEBUG 层 6：检查 792 格，内部 112，边界 394
2026-09-11 16:59:47,708 DEBUG 层 7：检查 1576 格，内部 312，边界 786
2026-09-11 16:59:47,708 DEBUG 层 8：检查 3144 格，内部 977，边界 1574
2026-09-11 16:59:47,752 DEBUG 求解结束：sampled；可行点 5810，叶格 3200，边界格边长 0.070312 m
2026-09-11 16:59:47,754 INFO layout_uniform_007_n4 | A=748.321 m²，D=39.100 m，e=14.188 m，γmin=0.0°
2026-09-11 16:59:47,758 DEBUG 层 0：检查 40000 格，内部 0，边界 5
2026-09-11 16:59:47,759 DEBUG 层 1：检查 20 格，内部 1，边界 12
2026-09-11 16:59:47,759 DEBUG 层 2：检查 48 格，内部 6，边界 24
2026-09-11 16:59:47,759 DEBUG 层 3：检查 96 格，内部 14，边界 47
2026-09-11 16:59:47,759 DEBUG 层 4：检查 188 格，内部 51，边界 95
2026-09-11 16:59:47,760 DEBUG 层 5：检查 380 格，内部 139，边界 192
2026-09-11 16:59:47,760 DEBUG 层 6：检查 768 格，内部 128，边界 384
2026-09-11 16:59:47,761 DEBUG 层 7：检查 1536 格，内部 275，边界 768
2026-09-11 16:59:47,761 DEBUG 层 8：检查 3072 格，内部 948，边界 1537
2026-09-11 16:59:47,808 DEBUG 求解结束：sampled；可行点 5583，叶格 3099，边界格边长 0.070312 m
2026-09-11 16:59:47,810 INFO layout_optimized_007_n4 | A=408.987 m²，D=35.442 m，e=11.017 m，γmin=45.0°
2026-09-11 16:59:47,816 DEBUG 层 0：检查 40000 格，内部 0，边界 5
2026-09-11 16:59:47,816 DEBUG 层 1：检查 20 格，内部 1，边界 12
2026-09-11 16:59:47,817 DEBUG 层 2：检查 48 格，内部 6，边界 24
2026-09-11 16:59:47,817 DEBUG 层 3：检查 96 格，内部 14，边界 47
2026-09-11 16:59:47,817 DEBUG 层 4：检查 188 格，内部 51，边界 95
2026-09-11 16:59:47,817 DEBUG 层 5：检查 380 格，内部 92，边界 192
2026-09-11 16:59:47,817 DEBUG 层 6：检查 768 格，内部 127，边界 380
2026-09-11 16:59:47,818 DEBUG 层 7：检查 1520 格，内部 267，边界 758
2026-09-11 16:59:47,818 DEBUG 层 8：检查 3032 格，内部 935，边界 1514
2026-09-11 16:59:47,864 DEBUG 求解结束：sampled；可行点 5404，叶格 3007，边界格边长 0.070312 m
2026-09-11 16:59:47,865 INFO layout_dop_baseline_007_n4 | A=393.795 m²，D=35.026 m，e=10.952 m，γmin=45.0°
2026-09-11 16:59:47,869 DEBUG 层 0：检查 40000 格，内部 0，边界 7
2026-09-11 16:59:47,869 DEBUG 层 1：检查 28 格，内部 2，边界 16
2026-09-11 16:59:47,870 DEBUG 层 2：检查 64 格，内部 11，边界 33
2026-09-11 16:59:47,870 DEBUG 层 3：检查 132 格，内部 25，边界 68
2026-09-11 16:59:47,870 DEBUG 层 4：检查 272 格，内部 63，边界 136
2026-09-11 16:59:47,870 DEBUG 层 5：检查 544 格，内部 132，边界 271
2026-09-11 16:59:47,870 DEBUG 层 6：检查 1084 格，内部 264，边界 542
2026-09-11 16:59:47,871 DEBUG 层 7：检查 2168 格，内部 542，边界 1084
2026-09-11 16:59:47,871 DEBUG 层 8：检查 4336 格，内部 1080，边界 2169
2026-09-11 16:59:47,939 DEBUG 求解结束：sampled；可行点 7445，叶格 4288，边界格边长 0.070312 m
2026-09-11 16:59:47,943 INFO layout_random_008_n4 | A=680.391 m²，D=43.149 m，e=4.076 m，γmin=15.0°
2026-09-11 16:59:47,948 DEBUG 层 0：检查 40000 格，内部 0，边界 6
2026-09-11 16:59:47,948 DEBUG 层 1：检查 24 格，内部 4，边界 12
2026-09-11 16:59:47,948 DEBUG 层 2：检查 48 格，内部 14，边界 28
2026-09-11 16:59:47,948 DEBUG 层 3：检查 112 格，内部 29，边界 56
2026-09-11 16:59:47,949 DEBUG 层 4：检查 224 格，内部 66，边界 110
2026-09-11 16:59:47,949 DEBUG 层 5：检查 440 格，内部 91，边界 218
2026-09-11 16:59:47,949 DEBUG 层 6：检查 872 格，内部 223，边界 436
2026-09-11 16:59:47,949 DEBUG 层 7：检查 1744 格，内部 422，边界 868
2026-09-11 16:59:47,950 DEBUG 层 8：检查 3472 格，内部 869，边界 1734
2026-09-11 16:59:48,003 DEBUG 求解结束：sampled；可行点 5994，叶格 3452，边界格边长 0.070312 m
2026-09-11 16:59:48,004 INFO layout_uniform_008_n4 | A=905.168 m²，D=43.027 m，e=7.665 m，γmin=0.0°
2026-09-11 16:59:48,009 DEBUG 层 0：检查 40000 格，内部 0，边界 7
2026-09-11 16:59:48,009 DEBUG 层 1：检查 28 格，内部 4，边界 16
2026-09-11 16:59:48,010 DEBUG 层 2：检查 64 格，内部 12，边界 32
2026-09-11 16:59:48,010 DEBUG 层 3：检查 128 格，内部 30，边界 62
2026-09-11 16:59:48,010 DEBUG 层 4：检查 248 格，内部 68，边界 126
2026-09-11 16:59:48,010 DEBUG 层 5：检查 504 格，内部 149，边界 250
2026-09-11 16:59:48,010 DEBUG 层 6：检查 1000 格，内部 271，边界 500
2026-09-11 16:59:48,010 DEBUG 层 7：检查 2000 格，内部 525，边界 996
2026-09-11 16:59:48,010 DEBUG 层 8：检查 3984 格，内部 993，边界 1990
2026-09-11 16:59:48,067 DEBUG 求解结束：sampled；可行点 7083，叶格 4042，边界格边长 0.070312 m
2026-09-11 16:59:48,069 INFO layout_optimized_008_n4 | A=898.296 m²，D=37.881 m，e=7.525 m，γmin=45.0°
2026-09-11 16:59:48,074 DEBUG 层 0：检查 40000 格，内部 0，边界 7
2026-09-11 16:59:48,074 DEBUG 层 1：检查 28 格，内部 2，边界 14
2026-09-11 16:59:48,074 DEBUG 层 2：检查 56 格，内部 11，边界 29
2026-09-11 16:59:48,074 DEBUG 层 3：检查 116 格，内部 26，边界 58
2026-09-11 16:59:48,075 DEBUG 层 4：检查 232 格，内部 87，边界 118
2026-09-11 16:59:48,075 DEBUG 层 5：检查 472 格，内部 125，边界 232
2026-09-11 16:59:48,075 DEBUG 层 6：检查 928 格，内部 202，边界 464
2026-09-11 16:59:48,075 DEBUG 层 7：检查 1856 格，内部 477，边界 928
2026-09-11 16:59:48,077 DEBUG 层 8：检查 3712 格，内部 914，边界 1856
2026-09-11 16:59:48,134 DEBUG 求解结束：sampled；可行点 6463，叶格 3700，边界格边长 0.070312 m
2026-09-11 16:59:48,136 INFO layout_dop_baseline_008_n4 | A=704.840 m²，D=37.597 m，e=5.169 m，γmin=45.0°
2026-09-11 16:59:48,142 DEBUG 层 0：检查 40000 格，内部 0，边界 10
2026-09-11 16:59:48,142 DEBUG 层 1：检查 40 格，内部 2，边界 23
2026-09-11 16:59:48,142 DEBUG 层 2：检查 92 格，内部 18，边界 47
2026-09-11 16:59:48,142 DEBUG 层 3：检查 188 格，内部 34，边界 92
2026-09-11 16:59:48,142 DEBUG 层 4：检查 368 格，内部 90，边界 186
2026-09-11 16:59:48,142 DEBUG 层 5：检查 744 格，内部 189，边界 373
2026-09-11 16:59:48,143 DEBUG 层 6：检查 1492 格，内部 369，边界 747
2026-09-11 16:59:48,143 DEBUG 层 7：检查 2988 格，内部 734，边界 1490
2026-09-11 16:59:48,144 DEBUG 层 8：检查 5960 格，内部 1491，边界 2982
2026-09-11 16:59:48,220 DEBUG 求解结束：sampled；可行点 10254，叶格 5909，边界格边长 0.070312 m
2026-09-11 16:59:48,221 INFO layout_random_009_n4 | A=938.016 m²，D=79.447 m，e=29.162 m，γmin=15.0°
2026-09-11 16:59:48,226 DEBUG 层 0：检查 40000 格，内部 0，边界 5
2026-09-11 16:59:48,226 DEBUG 层 1：检查 20 格，内部 0，边界 8
2026-09-11 16:59:48,226 DEBUG 层 2：检查 32 格，内部 3，边界 18
2026-09-11 16:59:48,226 DEBUG 层 3：检查 72 格，内部 9，边界 38
2026-09-11 16:59:48,226 DEBUG 层 4：检查 152 格，内部 32，边界 76
2026-09-11 16:59:48,226 DEBUG 层 5：检查 304 格，内部 75，边界 150
2026-09-11 16:59:48,227 DEBUG 层 6：检查 600 格，内部 146，边界 301
2026-09-11 16:59:48,227 DEBUG 层 7：检查 1204 格，内部 293，边界 601
2026-09-11 16:59:48,227 DEBUG 层 8：检查 2404 格，内部 593，边界 1201
2026-09-11 16:59:48,254 DEBUG 求解结束：sampled；可行点 4061，叶格 2352，边界格边长 0.070312 m
2026-09-11 16:59:48,255 INFO layout_uniform_009_n4 | A=196.670 m²，D=28.164 m，e=4.477 m，γmin=0.0°
2026-09-11 16:59:48,259 DEBUG 层 0：检查 40000 格，内部 0，边界 5
2026-09-11 16:59:48,259 DEBUG 层 1：检查 20 格，内部 1，边界 11
2026-09-11 16:59:48,259 DEBUG 层 2：检查 44 格，内部 2，边界 22
2026-09-11 16:59:48,259 DEBUG 层 3：检查 88 格，内部 17，边界 48
2026-09-11 16:59:48,259 DEBUG 层 4：检查 192 格，内部 44，边界 96
2026-09-11 16:59:48,260 DEBUG 层 5：检查 384 格，内部 87，边界 190
2026-09-11 16:59:48,260 DEBUG 层 6：检查 760 格，内部 177，边界 386
2026-09-11 16:59:48,260 DEBUG 层 7：检查 1544 格，内部 401，边界 770
2026-09-11 16:59:48,261 DEBUG 层 8：检查 3080 格，内部 770，边界 1542
2026-09-11 16:59:48,295 DEBUG 求解结束：sampled；可行点 5274，叶格 3041，边界格边长 0.070312 m
2026-09-11 16:59:48,297 INFO layout_optimized_009_n4 | A=324.012 m²，D=34.340 m，e=9.696 m，γmin=45.0°
2026-09-11 16:59:48,301 DEBUG 层 0：检查 40000 格，内部 0，边界 7
2026-09-11 16:59:48,301 DEBUG 层 1：检查 28 格，内部 2，边界 14
2026-09-11 16:59:48,301 DEBUG 层 2：检查 56 格，内部 7，边界 27
2026-09-11 16:59:48,302 DEBUG 层 3：检查 108 格，内部 25，边界 56
2026-09-11 16:59:48,302 DEBUG 层 4：检查 224 格，内部 58，边界 116
2026-09-11 16:59:48,302 DEBUG 层 5：检查 464 格，内部 105，边界 232
2026-09-11 16:59:48,302 DEBUG 层 6：检查 928 格，内部 214，边界 465
2026-09-11 16:59:48,302 DEBUG 层 7：检查 1860 格，内部 476，边界 926
2026-09-11 16:59:48,303 DEBUG 层 8：检查 3704 格，内部 936，边界 1854
2026-09-11 16:59:48,347 DEBUG 求解结束：sampled；可行点 6400，叶格 3677，边界格边长 0.070312 m
2026-09-11 16:59:48,349 INFO layout_dop_baseline_009_n4 | A=576.928 m²，D=37.167 m，e=12.302 m，γmin=45.0°
2026-09-11 16:59:48,354 DEBUG 层 0：检查 40000 格，内部 0，边界 11
2026-09-11 16:59:48,354 DEBUG 层 1：检查 44 格，内部 6，边界 22
2026-09-11 16:59:48,354 DEBUG 层 2：检查 88 格，内部 15，边界 45
2026-09-11 16:59:48,354 DEBUG 层 3：检查 180 格，内部 40，边界 91
2026-09-11 16:59:48,354 DEBUG 层 4：检查 364 格，内部 79，边界 179
2026-09-11 16:59:48,354 DEBUG 层 5：检查 716 格，内部 171，边界 360
2026-09-11 16:59:48,355 DEBUG 层 6：检查 1440 格，内部 351，边界 719
2026-09-11 16:59:48,355 DEBUG 层 7：检查 2876 格，内部 710，边界 1438
2026-09-11 16:59:48,356 DEBUG 层 8：检查 5752 格，内部 1431，边界 2874
2026-09-11 16:59:48,426 DEBUG 求解结束：sampled；可行点 9860，叶格 5677，边界格边长 0.070312 m
2026-09-11 16:59:48,427 INFO layout_random_010_n4 | A=1209.284 m²，D=69.962 m，e=9.542 m，γmin=15.0°
2026-09-11 16:59:48,432 DEBUG 层 0：检查 40000 格，内部 0，边界 6
2026-09-11 16:59:48,433 DEBUG 层 1：检查 24 格，内部 0，边界 13
2026-09-11 16:59:48,433 DEBUG 层 2：检查 52 格，内部 6，边界 23
2026-09-11 16:59:48,433 DEBUG 层 3：检查 92 格，内部 20，边界 45
2026-09-11 16:59:48,433 DEBUG 层 4：检查 180 格，内部 41，边界 90
2026-09-11 16:59:48,433 DEBUG 层 5：检查 360 格，内部 90，边界 178
2026-09-11 16:59:48,433 DEBUG 层 6：检查 712 格，内部 177，边界 358
2026-09-11 16:59:48,434 DEBUG 层 7：检查 1432 格，内部 355，边界 716
2026-09-11 16:59:48,434 DEBUG 层 8：检查 2864 格，内部 706，边界 1431
2026-09-11 16:59:48,470 DEBUG 求解结束：sampled；可行点 4890，叶格 2826，边界格边长 0.070312 m
2026-09-11 16:59:48,471 INFO layout_uniform_010_n4 | A=334.630 m²，D=26.501 m，e=4.836 m，γmin=0.0°
2026-09-11 16:59:48,475 DEBUG 层 0：检查 40000 格，内部 0，边界 6
2026-09-11 16:59:48,475 DEBUG 层 1：检查 24 格，内部 0，边界 14
2026-09-11 16:59:48,476 DEBUG 层 2：检查 56 格，内部 9，边界 25
2026-09-11 16:59:48,476 DEBUG 层 3：检查 100 格，内部 22，边界 53
2026-09-11 16:59:48,476 DEBUG 层 4：检查 212 格，内部 40，边界 105
2026-09-11 16:59:48,476 DEBUG 层 5：检查 420 格，内部 108，边界 209
2026-09-11 16:59:48,476 DEBUG 层 6：检查 836 格，内部 210，边界 419
2026-09-11 16:59:48,476 DEBUG 层 7：检查 1676 格，内部 412，边界 839
2026-09-11 16:59:48,477 DEBUG 层 8：检查 3356 格，内部 831，边界 1677
2026-09-11 16:59:48,515 DEBUG 求解结束：sampled；可行点 5740，叶格 3309，边界格边长 0.070312 m
2026-09-11 16:59:48,516 INFO layout_optimized_010_n4 | A=415.514 m²，D=35.350 m，e=6.509 m，γmin=45.0°
2026-09-11 16:59:48,521 DEBUG 层 0：检查 40000 格，内部 0，边界 7
2026-09-11 16:59:48,521 DEBUG 层 1：检查 28 格，内部 2，边界 16
2026-09-11 16:59:48,521 DEBUG 层 2：检查 64 格，内部 10，边界 29
2026-09-11 16:59:48,521 DEBUG 层 3：检查 116 格，内部 26，边界 60
2026-09-11 16:59:48,521 DEBUG 层 4：检查 240 格，内部 52，边界 119
2026-09-11 16:59:48,521 DEBUG 层 5：检查 476 格，内部 122，边界 237
2026-09-11 16:59:48,521 DEBUG 层 6：检查 948 格，内部 233，边界 475
2026-09-11 16:59:48,522 DEBUG 层 7：检查 1900 格，内部 476，边界 948
2026-09-11 16:59:48,522 DEBUG 层 8：检查 3792 格，内部 939，边界 1897
2026-09-11 16:59:48,564 DEBUG 求解结束：sampled；可行点 6531，叶格 3757，边界格边长 0.070312 m
2026-09-11 16:59:48,567 INFO layout_dop_baseline_010_n4 | A=642.313 m²，D=36.296 m，e=10.259 m，γmin=45.0°
2026-09-11 16:59:48,571 DEBUG 层 0：检查 40000 格，内部 0，边界 6
2026-09-11 16:59:48,571 DEBUG 层 1：检查 24 格，内部 0，边界 14
2026-09-11 16:59:48,571 DEBUG 层 2：检查 56 格，内部 5，边界 29
2026-09-11 16:59:48,571 DEBUG 层 3：检查 116 格，内部 22，边界 57
2026-09-11 16:59:48,571 DEBUG 层 4：检查 228 格，内部 56，边界 116
2026-09-11 16:59:48,571 DEBUG 层 5：检查 464 格，内部 104，边界 231
2026-09-11 16:59:48,572 DEBUG 层 6：检查 924 格，内部 209，边界 462
2026-09-11 16:59:48,572 DEBUG 层 7：检查 1848 格，内部 438，边界 924
2026-09-11 16:59:48,572 DEBUG 层 8：检查 3696 格，内部 920，边界 1847
2026-09-11 16:59:48,612 DEBUG 求解结束：sampled；可行点 6221，叶格 3601，边界格边长 0.070312 m
2026-09-11 16:59:48,613 INFO layout_random_011_n4 | A=355.160 m²，D=40.012 m，e=12.784 m，γmin=15.0°
2026-09-11 16:59:48,617 DEBUG 层 0：检查 40000 格，内部 0，边界 4
2026-09-11 16:59:48,617 DEBUG 层 1：检查 16 格，内部 1，边界 8
2026-09-11 16:59:48,618 DEBUG 层 2：检查 32 格，内部 2，边界 14
2026-09-11 16:59:48,618 DEBUG 层 3：检查 56 格，内部 0，边界 24
2026-09-11 16:59:48,618 DEBUG 层 4：检查 96 格，内部 21，边界 48
2026-09-11 16:59:48,618 DEBUG 层 5：检查 192 格，内部 64，边界 98
2026-09-11 16:59:48,618 DEBUG 层 6：检查 392 格，内部 48，边界 196
2026-09-11 16:59:48,618 DEBUG 层 7：检查 784 格，内部 115，边界 390
2026-09-11 16:59:48,618 DEBUG 层 8：检查 1560 格，内部 564，边界 782
2026-09-11 16:59:48,636 DEBUG 求解结束：sampled；可行点 2648，叶格 1597，边界格边长 0.070312 m
2026-09-11 16:59:48,637 INFO layout_uniform_011_n4 | A=180.170 m²，D=19.725 m，e=9.039 m，γmin=0.0°
2026-09-11 16:59:48,641 DEBUG 层 0：检查 40000 格，内部 0，边界 4
2026-09-11 16:59:48,641 DEBUG 层 1：检查 16 格，内部 0，边界 6
2026-09-11 16:59:48,641 DEBUG 层 2：检查 24 格，内部 0，边界 12
2026-09-11 16:59:48,642 DEBUG 层 3：检查 48 格，内部 4，边界 21
2026-09-11 16:59:48,642 DEBUG 层 4：检查 84 格，内部 20，边界 45
2026-09-11 16:59:48,642 DEBUG 层 5：检查 180 格，内部 38，边界 90
2026-09-11 16:59:48,642 DEBUG 层 6：检查 360 格，内部 28，边界 174
2026-09-11 16:59:48,642 DEBUG 层 7：检查 696 格，内部 155，边界 346
2026-09-11 16:59:48,642 DEBUG 层 8：检查 1384 格，内部 403，边界 695
2026-09-11 16:59:48,665 DEBUG 求解结束：sampled；可行点 2411，叶格 1343，边界格边长 0.070312 m
2026-09-11 16:59:48,666 INFO layout_optimized_011_n4 | A=67.625 m²，D=16.172 m，e=6.782 m，γmin=45.0°
2026-09-11 16:59:48,671 DEBUG 层 0：检查 40000 格，内部 1，边界 8
2026-09-11 16:59:48,672 DEBUG 层 1：检查 32 格，内部 0，边界 16
2026-09-11 16:59:48,672 DEBUG 层 2：检查 64 格，内部 16，边界 32
2026-09-11 16:59:48,673 DEBUG 层 3：检查 128 格，内部 27，边界 62
2026-09-11 16:59:48,673 DEBUG 层 4：检查 248 格，内部 81，边界 126
2026-09-11 16:59:48,673 DEBUG 层 5：检查 504 格，内部 155，边界 252
2026-09-11 16:59:48,674 DEBUG 层 6：检查 1008 格，内部 202，边界 506
2026-09-11 16:59:48,674 DEBUG 层 7：检查 2024 格，内部 519，边界 1014
2026-09-11 16:59:48,675 DEBUG 层 8：检查 4056 格，内部 951，边界 2026
2026-09-11 16:59:48,735 DEBUG 求解结束：sampled；可行点 7007，叶格 3978，边界格边长 0.070312 m
2026-09-11 16:59:48,738 INFO layout_dop_baseline_011_n4 | A=976.187 m²，D=38.336 m，e=17.626 m，γmin=45.0°
2026-09-11 16:59:48,742 DEBUG 层 0：检查 40000 格，内部 0，边界 4
2026-09-11 16:59:48,742 DEBUG 层 1：检查 16 格，内部 0，边界 7
2026-09-11 16:59:48,742 DEBUG 层 2：检查 28 格，内部 1，边界 13
2026-09-11 16:59:48,743 DEBUG 层 3：检查 52 格，内部 11，边界 31
2026-09-11 16:59:48,743 DEBUG 层 4：检查 124 格，内部 28，边界 64
2026-09-11 16:59:48,743 DEBUG 层 5：检查 256 格，内部 67，边界 127
2026-09-11 16:59:48,743 DEBUG 层 6：检查 508 格，内部 61，边界 251
2026-09-11 16:59:48,743 DEBUG 层 7：检查 1004 格，内部 216，边界 501
2026-09-11 16:59:48,744 DEBUG 层 8：检查 2004 格，内部 532，边界 999
2026-09-11 16:59:48,770 DEBUG 求解结束：sampled；可行点 3290，叶格 1915，边界格边长 0.070312 m
2026-09-11 16:59:48,771 INFO layout_random_012_n4 | A=148.869 m²，D=21.376 m，e=2.315 m，γmin=0.0°
2026-09-11 16:59:48,775 DEBUG 层 0：检查 40000 格，内部 0，边界 5
2026-09-11 16:59:48,775 DEBUG 层 1：检查 20 格，内部 0，边界 9
2026-09-11 16:59:48,775 DEBUG 层 2：检查 36 格，内部 4，边界 18
2026-09-11 16:59:48,776 DEBUG 层 3：检查 72 格，内部 13，边界 35
2026-09-11 16:59:48,776 DEBUG 层 4：检查 140 格，内部 34，边界 71
2026-09-11 16:59:48,776 DEBUG 层 5：检查 284 格，内部 69，边界 141
2026-09-11 16:59:48,776 DEBUG 层 6：检查 564 格，内部 138，边界 283
2026-09-11 16:59:48,776 DEBUG 层 7：检查 1132 格，内部 269，边界 567
2026-09-11 16:59:48,777 DEBUG 层 8：检查 2268 格，内部 575，边界 1134
2026-09-11 16:59:48,808 DEBUG 求解结束：sampled；可行点 3853，叶格 2236，边界格边长 0.070312 m
2026-09-11 16:59:48,813 INFO layout_uniform_012_n4 | A=236.219 m²，D=24.501 m，e=6.522 m，γmin=0.0°
2026-09-11 16:59:48,817 DEBUG 层 0：检查 40000 格，内部 0，边界 9
2026-09-11 16:59:48,817 DEBUG 层 1：检查 36 格，内部 5，边界 17
2026-09-11 16:59:48,817 DEBUG 层 2：检查 68 格，内部 12，边界 34
2026-09-11 16:59:48,818 DEBUG 层 3：检查 136 格，内部 32，边界 68
2026-09-11 16:59:48,818 DEBUG 层 4：检查 272 格，内部 69，边界 132
2026-09-11 16:59:48,818 DEBUG 层 5：检查 528 格，内部 121，边界 266
2026-09-11 16:59:48,818 DEBUG 层 6：检查 1064 格，内部 262，边界 531
2026-09-11 16:59:48,819 DEBUG 层 7：检查 2124 格，内部 512，边界 1062
2026-09-11 16:59:48,819 DEBUG 层 8：检查 4248 格，内部 1044，边界 2124
2026-09-11 16:59:48,879 DEBUG 求解结束：sampled；可行点 7271，叶格 4181，边界格边长 0.070312 m
2026-09-11 16:59:48,881 INFO layout_optimized_012_n4 | A=981.934 m²，D=37.760 m，e=15.078 m，γmin=45.0°
2026-09-11 16:59:48,886 DEBUG 层 0：检查 40000 格，内部 0，边界 6
2026-09-11 16:59:48,886 DEBUG 层 1：检查 24 格，内部 0，边界 12
2026-09-11 16:59:48,886 DEBUG 层 2：检查 48 格，内部 8，边界 25
2026-09-11 16:59:48,886 DEBUG 层 3：检查 100 格，内部 19，边界 53
2026-09-11 16:59:48,886 DEBUG 层 4：检查 212 格，内部 53，边界 103
2026-09-11 16:59:48,887 DEBUG 层 5：检查 412 格，内部 101，边界 207
2026-09-11 16:59:48,887 DEBUG 层 6：检查 828 格，内部 210，边界 411
2026-09-11 16:59:48,887 DEBUG 层 7：检查 1644 格，内部 398，边界 825
2026-09-11 16:59:48,888 DEBUG 层 8：检查 3300 格，内部 825，边界 1651
2026-09-11 16:59:48,935 DEBUG 求解结束：sampled；可行点 5663，叶格 3265，边界格边长 0.070312 m
2026-09-11 16:59:48,938 INFO layout_dop_baseline_012_n4 | A=393.844 m²，D=35.192 m，e=10.295 m，γmin=45.0°
2026-09-11 16:59:48,942 DEBUG 层 0：检查 40000 格，内部 0，边界 7
2026-09-11 16:59:48,942 DEBUG 层 1：检查 28 格，内部 1，边界 11
2026-09-11 16:59:48,942 DEBUG 层 2：检查 44 格，内部 9，边界 21
2026-09-11 16:59:48,942 DEBUG 层 3：检查 84 格，内部 28，边界 45
2026-09-11 16:59:48,942 DEBUG 层 4：检查 180 格，内部 41，边界 92
2026-09-11 16:59:48,943 DEBUG 层 5：检查 368 格，内部 111，边界 184
2026-09-11 16:59:48,943 DEBUG 层 6：检查 736 格，内部 135，边界 367
2026-09-11 16:59:48,943 DEBUG 层 7：检查 1468 格，内部 269，边界 735
2026-09-11 16:59:48,944 DEBUG 层 8：检查 2940 格，内部 720，边界 1470
2026-09-11 16:59:48,984 DEBUG 求解结束：sampled；可行点 4795，叶格 2784，边界格边长 0.070312 m
2026-09-11 16:59:48,986 INFO layout_random_013_n4 | A=518.475 m²，D=36.394 m，e=12.483 m，γmin=15.0°
2026-09-11 16:59:48,990 DEBUG 层 0：检查 40000 格，内部 0，边界 6
2026-09-11 16:59:48,990 DEBUG 层 1：检查 24 格，内部 2，边界 10
2026-09-11 16:59:48,990 DEBUG 层 2：检查 40 格，内部 8，边界 22
2026-09-11 16:59:48,991 DEBUG 层 3：检查 88 格，内部 38，边界 46
2026-09-11 16:59:48,991 DEBUG 层 4：检查 184 格，内部 37，边界 90
2026-09-11 16:59:48,991 DEBUG 层 5：检查 360 格，内部 94，边界 180
2026-09-11 16:59:48,991 DEBUG 层 6：检查 720 格，内部 99，边界 356
2026-09-11 16:59:48,991 DEBUG 层 7：检查 1424 格，内部 272，边界 712
2026-09-11 16:59:48,992 DEBUG 层 8：检查 2848 格，内部 688，边界 1426
2026-09-11 16:59:49,033 DEBUG 求解结束：sampled；可行点 4586，叶格 2664，边界格边长 0.070312 m
2026-09-11 16:59:49,035 INFO layout_uniform_013_n4 | A=615.912 m²，D=35.019 m，e=12.469 m，γmin=0.0°
2026-09-11 16:59:49,039 DEBUG 层 0：检查 40000 格，内部 0，边界 5
2026-09-11 16:59:49,039 DEBUG 层 1：检查 20 格，内部 0，边界 10
2026-09-11 16:59:49,039 DEBUG 层 2：检查 40 格，内部 6，边界 21
2026-09-11 16:59:49,039 DEBUG 层 3：检查 84 格，内部 30，边界 47
2026-09-11 16:59:49,039 DEBUG 层 4：检查 188 格，内部 31，边界 92
2026-09-11 16:59:49,040 DEBUG 层 5：检查 368 格，内部 98，边界 185
2026-09-11 16:59:49,040 DEBUG 层 6：检查 740 格，内部 107，边界 369
2026-09-11 16:59:49,040 DEBUG 层 7：检查 1476 格，内部 301，边界 742
2026-09-11 16:59:49,041 DEBUG 层 8：检查 2968 格，内部 712，边界 1483
2026-09-11 16:59:49,082 DEBUG 求解结束：sampled；可行点 4729，叶格 2768，边界格边长 0.070312 m
2026-09-11 16:59:49,083 INFO layout_optimized_013_n4 | A=368.401 m²，D=34.954 m，e=7.967 m，γmin=45.0°
2026-09-11 16:59:49,087 DEBUG 层 0：检查 40000 格，内部 0，边界 5
2026-09-11 16:59:49,088 DEBUG 层 1：检查 20 格，内部 0，边界 10
2026-09-11 16:59:49,088 DEBUG 层 2：检查 40 格，内部 6，边界 21
2026-09-11 16:59:49,088 DEBUG 层 3：检查 84 格，内部 30，边界 47
2026-09-11 16:59:49,088 DEBUG 层 4：检查 188 格，内部 13，边界 90
2026-09-11 16:59:49,088 DEBUG 层 5：检查 360 格，内部 89，边界 182
2026-09-11 16:59:49,089 DEBUG 层 6：检查 728 格，内部 89，边界 361
2026-09-11 16:59:49,089 DEBUG 层 7：检查 1444 格，内部 273，边界 720
2026-09-11 16:59:49,089 DEBUG 层 8：检查 2880 格，内部 693，边界 1441
2026-09-11 16:59:49,127 DEBUG 求解结束：sampled；可行点 4499，叶格 2634，边界格边长 0.070312 m
2026-09-11 16:59:49,129 INFO layout_dop_baseline_013_n4 | A=340.190 m²，D=34.662 m，e=7.393 m，γmin=45.0°
2026-09-11 16:59:49,133 DEBUG 层 0：检查 40000 格，内部 0，边界 6
2026-09-11 16:59:49,133 DEBUG 层 1：检查 24 格，内部 1，边界 11
2026-09-11 16:59:49,133 DEBUG 层 2：检查 44 格，内部 5，边界 22
2026-09-11 16:59:49,133 DEBUG 层 3：检查 88 格，内部 18，边界 45
2026-09-11 16:59:49,133 DEBUG 层 4：检查 180 格，内部 39，边界 90
2026-09-11 16:59:49,133 DEBUG 层 5：检查 360 格，内部 78，边界 181
2026-09-11 16:59:49,134 DEBUG 层 6：检查 724 格，内部 175，边界 361
2026-09-11 16:59:49,134 DEBUG 层 7：检查 1444 格，内部 364，边界 723
2026-09-11 16:59:49,134 DEBUG 层 8：检查 2892 格，内部 698，边界 1445
2026-09-11 16:59:49,178 DEBUG 求解结束：sampled；可行点 4891，叶格 2823，边界格边长 0.070312 m
2026-09-11 16:59:49,179 INFO layout_random_014_n4 | A=378.949 m²，D=32.523 m，e=12.777 m，γmin=15.0°
2026-09-11 16:59:49,183 DEBUG 层 0：检查 40000 格，内部 0，边界 4
2026-09-11 16:59:49,184 DEBUG 层 1：检查 16 格，内部 0，边界 8
2026-09-11 16:59:49,184 DEBUG 层 2：检查 32 格，内部 2，边界 16
2026-09-11 16:59:49,184 DEBUG 层 3：检查 64 格，内部 10，边界 33
2026-09-11 16:59:49,184 DEBUG 层 4：检查 132 格，内部 25，边界 65
2026-09-11 16:59:49,184 DEBUG 层 5：检查 260 格，内部 59，边界 128
2026-09-11 16:59:49,184 DEBUG 层 6：检查 512 格，内部 125，边界 257
2026-09-11 16:59:49,185 DEBUG 层 7：检查 1028 格，内部 245，边界 516
2026-09-11 16:59:49,185 DEBUG 层 8：检查 2064 格，内部 506，边界 1034
2026-09-11 16:59:49,212 DEBUG 求解结束：sampled；可行点 3453，叶格 2006，边界格边长 0.070312 m
2026-09-11 16:59:49,214 INFO layout_uniform_014_n4 | A=163.695 m²，D=19.519 m，e=6.613 m，γmin=0.0°
2026-09-11 16:59:49,219 DEBUG 层 0：检查 40000 格，内部 0，边界 7
2026-09-11 16:59:49,219 DEBUG 层 1：检查 28 格，内部 2，边界 14
2026-09-11 16:59:49,220 DEBUG 层 2：检查 56 格，内部 6，边界 29
2026-09-11 16:59:49,220 DEBUG 层 3：检查 116 格，内部 23，边界 57
2026-09-11 16:59:49,220 DEBUG 层 4：检查 228 格，内部 51，边界 113
2026-09-11 16:59:49,220 DEBUG 层 5：检查 452 格，内部 106，边界 225
2026-09-11 16:59:49,220 DEBUG 层 6：检查 900 格，内部 218，边界 448
2026-09-11 16:59:49,221 DEBUG 层 7：检查 1792 格，内部 458，边界 895
2026-09-11 16:59:49,221 DEBUG 层 8：检查 3580 格，内部 888，边界 1794
2026-09-11 16:59:49,271 DEBUG 求解结束：sampled；可行点 6153，叶格 3546，边界格边长 0.070312 m
2026-09-11 16:59:49,273 INFO layout_optimized_014_n4 | A=537.446 m²，D=35.917 m，e=14.303 m，γmin=45.0°
2026-09-11 16:59:49,278 DEBUG 层 0：检查 40000 格，内部 0，边界 5
2026-09-11 16:59:49,279 DEBUG 层 1：检查 20 格，内部 0，边界 12
2026-09-11 16:59:49,279 DEBUG 层 2：检查 48 格，内部 6，边界 24
2026-09-11 16:59:49,279 DEBUG 层 3：检查 96 格，内部 19，边界 47
2026-09-11 16:59:49,279 DEBUG 层 4：检查 188 格，内部 43，边界 95
2026-09-11 16:59:49,279 DEBUG 层 5：检查 380 格，内部 89，边界 189
2026-09-11 16:59:49,280 DEBUG 层 6：检查 756 格，内部 181，边界 377
2026-09-11 16:59:49,280 DEBUG 层 7：检查 1508 格，内部 376，边界 755
2026-09-11 16:59:49,280 DEBUG 层 8：检查 3020 格，内部 750，边界 1511
2026-09-11 16:59:49,325 DEBUG 求解结束：sampled；可行点 5145，叶格 2975，边界格边长 0.070312 m
2026-09-11 16:59:49,326 INFO layout_dop_baseline_014_n4 | A=333.121 m²，D=31.906 m，e=13.596 m，γmin=45.0°
2026-09-11 16:59:49,330 DEBUG 层 0：检查 40000 格，内部 0，边界 8
2026-09-11 16:59:49,331 DEBUG 层 1：检查 32 格，内部 1，边界 15
2026-09-11 16:59:49,331 DEBUG 层 2：检查 60 格，内部 8，边界 29
2026-09-11 16:59:49,331 DEBUG 层 3：检查 116 格，内部 27，边界 59
2026-09-11 16:59:49,331 DEBUG 层 4：检查 236 格，内部 50，边界 118
2026-09-11 16:59:49,331 DEBUG 层 5：检查 472 格，内部 109，边界 237
2026-09-11 16:59:49,331 DEBUG 层 6：检查 948 格，内部 226，边界 473
2026-09-11 16:59:49,332 DEBUG 层 7：检查 1892 格，内部 465，边界 948
2026-09-11 16:59:49,332 DEBUG 层 8：检查 3792 格，内部 950，边界 1893
2026-09-11 16:59:49,391 DEBUG 求解结束：sampled；可行点 6469，叶格 3729，边界格边长 0.070312 m
2026-09-11 16:59:49,392 INFO layout_random_015_n4 | A=518.500 m²，D=40.326 m，e=2.910 m，γmin=15.0°
2026-09-11 16:59:49,396 DEBUG 层 0：检查 40000 格，内部 1，边界 9
2026-09-11 16:59:49,397 DEBUG 层 1：检查 36 格，内部 2，边界 21
2026-09-11 16:59:49,397 DEBUG 层 2：检查 84 格，内部 12，边界 41
2026-09-11 16:59:49,397 DEBUG 层 3：检查 164 格，内部 36，边界 82
2026-09-11 16:59:49,397 DEBUG 层 4：检查 328 格，内部 74，边界 161
2026-09-11 16:59:49,398 DEBUG 层 5：检查 644 格，内部 160，边界 323
2026-09-11 16:59:49,398 DEBUG 层 6：检查 1292 格，内部 323，边界 646
2026-09-11 16:59:49,398 DEBUG 层 7：检查 2584 格，内部 640，边界 1292
2026-09-11 16:59:49,399 DEBUG 层 8：检查 5168 格，内部 1278，边界 2584
2026-09-11 16:59:49,477 DEBUG 求解结束：sampled；可行点 8879，叶格 5110，边界格边长 0.070312 m
2026-09-11 16:59:49,478 INFO layout_uniform_015_n4 | A=1112.724 m²，D=47.749 m，e=10.229 m，γmin=0.0°
2026-09-11 16:59:49,484 DEBUG 层 0：检查 40000 格，内部 0，边界 7
2026-09-11 16:59:49,485 DEBUG 层 1：检查 28 格，内部 2，边界 15
2026-09-11 16:59:49,485 DEBUG 层 2：检查 60 格，内部 9，边界 30
2026-09-11 16:59:49,485 DEBUG 层 3：检查 120 格，内部 24，边界 60
2026-09-11 16:59:49,485 DEBUG 层 4：检查 240 格，内部 55，边界 118
2026-09-11 16:59:49,486 DEBUG 层 5：检查 472 格，内部 109，边界 239
2026-09-11 16:59:49,486 DEBUG 层 6：检查 956 格，内部 243，边界 475
2026-09-11 16:59:49,486 DEBUG 层 7：检查 1900 格，内部 466，边界 949
2026-09-11 16:59:49,487 DEBUG 层 8：检查 3796 格，内部 940，边界 1900
2026-09-11 16:59:49,545 DEBUG 求解结束：sampled；可行点 6508，叶格 3748，边界格边长 0.070312 m
2026-09-11 16:59:49,547 INFO layout_optimized_015_n4 | A=612.215 m²，D=37.691 m，e=6.183 m，γmin=45.0°
2026-09-11 16:59:49,551 DEBUG 层 0：检查 40000 格，内部 0，边界 7
2026-09-11 16:59:49,551 DEBUG 层 1：检查 28 格，内部 2，边界 14
2026-09-11 16:59:49,552 DEBUG 层 2：检查 56 格，内部 8，边界 30
2026-09-11 16:59:49,552 DEBUG 层 3：检查 120 格，内部 20，边界 57
2026-09-11 16:59:49,552 DEBUG 层 4：检查 228 格，内部 51，边界 114
2026-09-11 16:59:49,552 DEBUG 层 5：检查 456 格，内部 109，边界 231
2026-09-11 16:59:49,552 DEBUG 层 6：检查 924 格，内部 234，边界 460
2026-09-11 16:59:49,553 DEBUG 层 7：检查 1840 格，内部 455，边界 920
2026-09-11 16:59:49,553 DEBUG 层 8：检查 3680 格，内部 917，边界 1841
2026-09-11 16:59:49,604 DEBUG 求解结束：sampled；可行点 6315，叶格 3637，边界格边长 0.070312 m
2026-09-11 16:59:49,608 INFO layout_dop_baseline_015_n4 | A=565.330 m²，D=36.550 m，e=5.063 m，γmin=45.0°
2026-09-11 16:59:49,613 DEBUG 层 0：检查 40000 格，内部 0，边界 6
2026-09-11 16:59:49,613 DEBUG 层 1：检查 24 格，内部 0，边界 13
2026-09-11 16:59:49,613 DEBUG 层 2：检查 52 格，内部 8，边界 26
2026-09-11 16:59:49,613 DEBUG 层 3：检查 104 格，内部 21，边界 52
2026-09-11 16:59:49,614 DEBUG 层 4：检查 208 格，内部 46，边界 102
2026-09-11 16:59:49,614 DEBUG 层 5：检查 408 格，内部 98，边界 203
2026-09-11 16:59:49,614 DEBUG 层 6：检查 812 格，内部 197，边界 407
2026-09-11 16:59:49,614 DEBUG 层 7：检查 1628 格，内部 398，边界 815
2026-09-11 16:59:49,615 DEBUG 层 8：检查 3260 格，内部 809，边界 1630
2026-09-11 16:59:49,664 DEBUG 求解结束：sampled；可行点 5546，叶格 3207，边界格边长 0.070312 m
2026-09-11 16:59:49,666 INFO layout_random_016_n4 | A=392.940 m²，D=34.891 m，e=9.051 m，γmin=15.0°
2026-09-11 16:59:49,670 DEBUG 层 0：检查 40000 格，内部 0，边界 5
2026-09-11 16:59:49,670 DEBUG 层 1：检查 20 格，内部 0，边界 12
2026-09-11 16:59:49,670 DEBUG 层 2：检查 48 格，内部 10，边界 22
2026-09-11 16:59:49,670 DEBUG 层 3：检查 88 格，内部 19，边界 44
2026-09-11 16:59:49,671 DEBUG 层 4：检查 176 格，内部 39，边界 88
2026-09-11 16:59:49,671 DEBUG 层 5：检查 352 格，内部 87，边界 176
2026-09-11 16:59:49,671 DEBUG 层 6：检查 704 格，内部 169，边界 352
2026-09-11 16:59:49,671 DEBUG 层 7：检查 1408 格，内部 350，边界 706
2026-09-11 16:59:49,671 DEBUG 层 8：检查 2824 格，内部 696，边界 1412
2026-09-11 16:59:49,705 DEBUG 求解结束：sampled；可行点 4823，叶格 2782，边界格边长 0.070312 m
2026-09-11 16:59:49,706 INFO layout_uniform_016_n4 | A=406.204 m²，D=29.124 m，e=10.207 m，γmin=0.0°
2026-09-11 16:59:49,710 DEBUG 层 0：检查 40000 格，内部 0，边界 5
2026-09-11 16:59:49,710 DEBUG 层 1：检查 20 格，内部 0，边界 9
2026-09-11 16:59:49,710 DEBUG 层 2：检查 36 格，内部 4，边界 18
2026-09-11 16:59:49,710 DEBUG 层 3：检查 72 格，内部 11，边界 38
2026-09-11 16:59:49,710 DEBUG 层 4：检查 152 格，内部 32，边界 76
2026-09-11 16:59:49,710 DEBUG 层 5：检查 304 格，内部 72，边界 150
2026-09-11 16:59:49,711 DEBUG 层 6：检查 600 格，内部 142，边界 302
2026-09-11 16:59:49,711 DEBUG 层 7：检查 1208 格，内部 296，边界 605
2026-09-11 16:59:49,711 DEBUG 层 8：检查 2420 格，内部 598，边界 1209
2026-09-11 16:59:49,740 DEBUG 求解结束：sampled；可行点 4079，叶格 2364，边界格边长 0.070312 m
2026-09-11 16:59:49,742 INFO layout_optimized_016_n4 | A=225.920 m²，D=25.044 m，e=4.907 m，γmin=45.0°
2026-09-11 16:59:49,746 DEBUG 层 0：检查 40000 格，内部 0，边界 8
2026-09-11 16:59:49,747 DEBUG 层 1：检查 32 格，内部 3，边界 15
2026-09-11 16:59:49,747 DEBUG 层 2：检查 60 格，内部 8，边界 32
2026-09-11 16:59:49,747 DEBUG 层 3：检查 128 格，内部 29，边界 63
2026-09-11 16:59:49,748 DEBUG 层 4：检查 252 格，内部 65，边界 125
2026-09-11 16:59:49,748 DEBUG 层 5：检查 500 格，内部 123，边界 249
2026-09-11 16:59:49,749 DEBUG 层 6：检查 996 格，内部 247，边界 499
2026-09-11 16:59:49,749 DEBUG 层 7：检查 1996 格，内部 491，边界 999
2026-09-11 16:59:49,749 DEBUG 层 8：检查 3996 格，内部 1003，边界 1997
2026-09-11 16:59:49,810 DEBUG 求解结束：sampled；可行点 6891，叶格 3966，边界格边长 0.070312 m
2026-09-11 16:59:49,812 INFO layout_dop_baseline_016_n4 | A=716.980 m²，D=36.751 m，e=13.072 m，γmin=45.0°
2026-09-11 16:59:49,817 DEBUG 层 0：检查 40000 格，内部 0，边界 8
2026-09-11 16:59:49,817 DEBUG 层 1：检查 32 格，内部 2，边界 16
2026-09-11 16:59:49,817 DEBUG 层 2：检查 64 格，内部 7，边界 33
2026-09-11 16:59:49,817 DEBUG 层 3：检查 132 格，内部 17，边界 65
2026-09-11 16:59:49,817 DEBUG 层 4：检查 260 格，内部 82，边界 132
2026-09-11 16:59:49,818 DEBUG 层 5：检查 528 格，内部 88，边界 260
2026-09-11 16:59:49,818 DEBUG 层 6：检查 1040 格，内部 175，边界 520
2026-09-11 16:59:49,818 DEBUG 层 7：检查 2080 格，内部 366，边界 1037
2026-09-11 16:59:49,819 DEBUG 层 8：检查 4148 格，内部 886，边界 2074
2026-09-11 16:59:49,874 DEBUG 求解结束：sampled；可行点 6315，叶格 3697，边界格边长 0.070312 m
2026-09-11 16:59:49,876 INFO layout_random_017_n4 | A=556.721 m²，D=56.765 m，e=22.917 m，γmin=0.0°
2026-09-11 16:59:49,880 DEBUG 层 0：检查 40000 格，内部 0，边界 2
2026-09-11 16:59:49,880 DEBUG 层 1：检查 8 格，内部 0，边界 5
2026-09-11 16:59:49,880 DEBUG 层 2：检查 20 格，内部 0，边界 9
2026-09-11 16:59:49,880 DEBUG 层 3：检查 36 格，内部 1，边界 19
2026-09-11 16:59:49,880 DEBUG 层 4：检查 76 格，内部 18，边界 37
2026-09-11 16:59:49,880 DEBUG 层 5：检查 148 格，内部 37，边界 73
2026-09-11 16:59:49,881 DEBUG 层 6：检查 292 格，内部 69，边界 148
2026-09-11 16:59:49,881 DEBUG 层 7：检查 592 格，内部 145，边界 295
2026-09-11 16:59:49,881 DEBUG 层 8：检查 1180 格，内部 290，边界 590
2026-09-11 16:59:49,895 DEBUG 求解结束：sampled；可行点 1970，叶格 1150，边界格边长 0.070312 m
2026-09-11 16:59:49,896 INFO layout_uniform_017_n4 | A=52.165 m²，D=13.566 m，e=1.281 m，γmin=0.0°
2026-09-11 16:59:49,900 DEBUG 层 0：检查 40000 格，内部 0，边界 3
2026-09-11 16:59:49,900 DEBUG 层 1：检查 12 格，内部 0，边界 5
2026-09-11 16:59:49,900 DEBUG 层 2：检查 20 格，内部 0，边界 9
2026-09-11 16:59:49,900 DEBUG 层 3：检查 36 格，内部 2，边界 19
2026-09-11 16:59:49,900 DEBUG 层 4：检查 76 格，内部 14，边界 37
2026-09-11 16:59:49,900 DEBUG 层 5：检查 148 格，内部 31，边界 72
2026-09-11 16:59:49,901 DEBUG 层 6：检查 288 格，内部 69，边界 146
2026-09-11 16:59:49,901 DEBUG 层 7：检查 584 格，内部 137，边界 290
2026-09-11 16:59:49,901 DEBUG 层 8：检查 1160 格，内部 286，边界 581
2026-09-11 16:59:49,920 DEBUG 求解结束：sampled；可行点 1907，叶格 1120，边界格边长 0.070312 m
2026-09-11 16:59:49,922 INFO layout_optimized_017_n4 | A=50.038 m²，D=12.537 m，e=2.282 m，γmin=45.0°
2026-09-11 16:59:49,926 DEBUG 层 0：检查 40000 格，内部 0，边界 7
2026-09-11 16:59:49,926 DEBUG 层 1：检查 28 格，内部 2，边界 14
2026-09-11 16:59:49,926 DEBUG 层 2：检查 56 格，内部 8，边界 29
2026-09-11 16:59:49,927 DEBUG 层 3：检查 116 格，内部 26，边界 59
2026-09-11 16:59:49,927 DEBUG 层 4：检查 236 格，内部 60，边界 115
2026-09-11 16:59:49,927 DEBUG 层 5：检查 460 格，内部 113，边界 232
2026-09-11 16:59:49,927 DEBUG 层 6：检查 928 格，内部 227，边界 463
2026-09-11 16:59:49,928 DEBUG 层 7：检查 1852 格，内部 462，边界 928
2026-09-11 16:59:49,928 DEBUG 层 8：检查 3712 格，内部 915，边界 1857
2026-09-11 16:59:49,985 DEBUG 求解结束：sampled；可行点 6370，叶格 3670，边界格边长 0.070312 m
2026-09-11 16:59:49,989 INFO layout_dop_baseline_017_n4 | A=608.005 m²，D=36.741 m，e=17.311 m，γmin=45.0°
2026-09-11 16:59:49,993 DEBUG 层 0：检查 40000 格，内部 0，边界 10
2026-09-11 16:59:49,993 DEBUG 层 1：检查 40 格，内部 1，边界 20
2026-09-11 16:59:49,993 DEBUG 层 2：检查 80 格，内部 9，边界 39
2026-09-11 16:59:49,993 DEBUG 层 3：检查 156 格，内部 34，边界 78
2026-09-11 16:59:49,994 DEBUG 层 4：检查 312 格，内部 72，边界 160
2026-09-11 16:59:49,994 DEBUG 层 5：检查 640 格，内部 163，边界 318
2026-09-11 16:59:49,994 DEBUG 层 6：检查 1272 格，内部 287，边界 636
2026-09-11 16:59:49,994 DEBUG 层 7：检查 2544 格，内部 631，边界 1269
2026-09-11 16:59:49,995 DEBUG 层 8：检查 5076 格，内部 1269，边界 2537
2026-09-11 16:59:50,058 DEBUG 求解结束：sampled；可行点 8671，叶格 5003，边界格边长 0.070312 m
2026-09-11 16:59:50,060 INFO layout_random_018_n4 | A=631.927 m²，D=64.569 m，e=11.930 m，γmin=15.0°
2026-09-11 16:59:50,064 DEBUG 层 0：检查 40000 格，内部 0，边界 6
2026-09-11 16:59:50,064 DEBUG 层 1：检查 24 格，内部 0，边界 12
2026-09-11 16:59:50,064 DEBUG 层 2：检查 48 格，内部 8，边界 24
2026-09-11 16:59:50,064 DEBUG 层 3：检查 96 格，内部 21，边界 50
2026-09-11 16:59:50,065 DEBUG 层 4：检查 200 格，内部 47，边界 101
2026-09-11 16:59:50,065 DEBUG 层 5：检查 404 格，内部 88，边界 201
2026-09-11 16:59:50,065 DEBUG 层 6：检查 804 格，内部 200，边界 401
2026-09-11 16:59:50,065 DEBUG 层 7：检查 1604 格，内部 401，边界 799
2026-09-11 16:59:50,066 DEBUG 层 8：检查 3196 格，内部 797，边界 1600
2026-09-11 16:59:50,108 DEBUG 求解结束：sampled；可行点 5484，叶格 3162，边界格边长 0.070312 m
2026-09-11 16:59:50,109 INFO layout_uniform_018_n4 | A=391.148 m²，D=36.388 m，e=5.301 m，γmin=0.0°
2026-09-11 16:59:50,113 DEBUG 层 0：检查 40000 格，内部 0，边界 8
2026-09-11 16:59:50,113 DEBUG 层 1：检查 32 格，内部 4，边界 16
2026-09-11 16:59:50,113 DEBUG 层 2：检查 64 格，内部 10，边界 32
2026-09-11 16:59:50,113 DEBUG 层 3：检查 128 格，内部 26，边界 65
2026-09-11 16:59:50,114 DEBUG 层 4：检查 260 格，内部 60，边界 131
2026-09-11 16:59:50,114 DEBUG 层 5：检查 524 格，内部 118，边界 260
2026-09-11 16:59:50,114 DEBUG 层 6：检查 1040 格，内部 261，边界 521
2026-09-11 16:59:50,114 DEBUG 层 7：检查 2084 格，内部 518，边界 1042
2026-09-11 16:59:50,115 DEBUG 层 8：检查 4168 格，内部 1045，边界 2085
2026-09-11 16:59:50,170 DEBUG 求解结束：sampled；可行点 7177，叶格 4127，边界格边长 0.070312 m
2026-09-11 16:59:50,172 INFO layout_optimized_018_n4 | A=817.633 m²，D=37.329 m，e=12.063 m，γmin=45.0°
2026-09-11 16:59:50,178 DEBUG 层 0：检查 40000 格，内部 1，边界 8
2026-09-11 16:59:50,179 DEBUG 层 1：检查 32 格，内部 0，边界 17
2026-09-11 16:59:50,179 DEBUG 层 2：检查 68 格，内部 11，边界 35
2026-09-11 16:59:50,179 DEBUG 层 3：检查 140 格，内部 33，边界 68
2026-09-11 16:59:50,179 DEBUG 层 4：检查 272 格，内部 69，边界 132
2026-09-11 16:59:50,180 DEBUG 层 5：检查 528 格，内部 122，边界 264
2026-09-11 16:59:50,180 DEBUG 层 6：检查 1056 格，内部 258，边界 529
2026-09-11 16:59:50,181 DEBUG 层 7：检查 2116 格，内部 521，边界 1059
2026-09-11 16:59:50,181 DEBUG 层 8：检查 4236 格，内部 1054，边界 2118
2026-09-11 16:59:50,244 DEBUG 求解结束：sampled；可行点 7283，叶格 4187，边界格边长 0.070312 m
2026-09-11 16:59:50,249 INFO layout_dop_baseline_018_n4 | A=886.014 m²，D=37.794 m，e=12.226 m，γmin=45.0°
2026-09-11 16:59:50,255 DEBUG 层 0：检查 40000 格，内部 1，边界 13
2026-09-11 16:59:50,255 DEBUG 层 1：检查 52 格，内部 2，边界 27
2026-09-11 16:59:50,255 DEBUG 层 2：检查 108 格，内部 15，边界 52
2026-09-11 16:59:50,255 DEBUG 层 3：检查 208 格，内部 59，边界 103
2026-09-11 16:59:50,256 DEBUG 层 4：检查 412 格，内部 67，边界 205
2026-09-11 16:59:50,256 DEBUG 层 5：检查 820 格，内部 139，边界 409
2026-09-11 16:59:50,256 DEBUG 层 6：检查 1636 格，内部 400，边界 819
2026-09-11 16:59:50,257 DEBUG 层 7：检查 3276 格，内部 810，边界 1640
2026-09-11 16:59:50,257 DEBUG 层 8：检查 6560 格，内部 1629，边界 3279
2026-09-11 16:59:50,353 DEBUG 求解结束：sampled；可行点 11095，叶格 6401，边界格边长 0.070312 m
2026-09-11 16:59:50,356 INFO layout_random_019_n4 | A=1288.925 m²，D=90.563 m，e=6.087 m，γmin=0.0°
2026-09-11 16:59:50,361 DEBUG 层 0：检查 40000 格，内部 1，边界 8
2026-09-11 16:59:50,361 DEBUG 层 1：检查 32 格，内部 0，边界 16
2026-09-11 16:59:50,361 DEBUG 层 2：检查 64 格，内部 10，边界 31
2026-09-11 16:59:50,362 DEBUG 层 3：检查 124 格，内部 28，边界 64
2026-09-11 16:59:50,362 DEBUG 层 4：检查 256 格，内部 59，边界 129
2026-09-11 16:59:50,362 DEBUG 层 5：检查 516 格，内部 122，边界 254
2026-09-11 16:59:50,362 DEBUG 层 6：检查 1016 格，内部 249，边界 510
2026-09-11 16:59:50,363 DEBUG 层 7：检查 2040 格，内部 514，边界 1018
2026-09-11 16:59:50,363 DEBUG 层 8：检查 4072 格，内部 1014，边界 2035
2026-09-11 16:59:50,424 DEBUG 求解结束：sampled；可行点 7012，叶格 4032，边界格边长 0.070312 m
2026-09-11 16:59:50,425 INFO layout_uniform_019_n4 | A=826.313 m²，D=41.456 m，e=7.758 m，γmin=0.0°
2026-09-11 16:59:50,430 DEBUG 层 0：检查 40000 格，内部 0，边界 7
2026-09-11 16:59:50,430 DEBUG 层 1：检查 28 格，内部 3，边界 15
2026-09-11 16:59:50,430 DEBUG 层 2：检查 60 格，内部 12，边界 32
2026-09-11 16:59:50,431 DEBUG 层 3：检查 128 格，内部 24，边界 62
2026-09-11 16:59:50,431 DEBUG 层 4：检查 248 格，内部 57，边界 125
2026-09-11 16:59:50,431 DEBUG 层 5：检查 500 格，内部 106，边界 250
2026-09-11 16:59:50,431 DEBUG 层 6：检查 1000 格，内部 252，边界 501
2026-09-11 16:59:50,432 DEBUG 层 7：检查 2004 格，内部 481，边界 1004
2026-09-11 16:59:50,432 DEBUG 层 8：检查 4016 格，内部 990，边界 2006
2026-09-11 16:59:50,490 DEBUG 求解结束：sampled；可行点 6812，叶格 3931，边界格边长 0.070312 m
2026-09-11 16:59:50,492 INFO layout_optimized_019_n4 | A=757.109 m²，D=37.550 m，e=6.985 m，γmin=45.0°
2026-09-11 16:59:50,498 DEBUG 层 0：检查 40000 格，内部 0，边界 8
2026-09-11 16:59:50,498 DEBUG 层 1：检查 32 格，内部 2，边界 15
2026-09-11 16:59:50,498 DEBUG 层 2：检查 60 格，内部 11，边界 29
2026-09-11 16:59:50,498 DEBUG 层 3：检查 116 格，内部 24，边界 60
2026-09-11 16:59:50,498 DEBUG 层 4：检查 240 格，内部 59，边界 119
2026-09-11 16:59:50,499 DEBUG 层 5：检查 476 格，内部 99，边界 240
2026-09-11 16:59:50,499 DEBUG 层 6：检查 960 格，内部 243，边界 477
2026-09-11 16:59:50,499 DEBUG 层 7：检查 1908 格，内部 441，边界 956
2026-09-11 16:59:50,500 DEBUG 层 8：检查 3824 格，内部 989，边界 1912
2026-09-11 16:59:50,557 DEBUG 求解结束：sampled；可行点 6548，叶格 3780，边界格边长 0.070312 m
2026-09-11 16:59:50,560 INFO layout_dop_baseline_019_n4 | A=654.282 m²，D=36.251 m，e=5.634 m，γmin=45.0°
2026-09-11 16:59:50,564 DEBUG 层 0：检查 40000 格，内部 0，边界 6
2026-09-11 16:59:50,564 DEBUG 层 1：检查 24 格，内部 0，边界 12
2026-09-11 16:59:50,565 DEBUG 层 2：检查 48 格，内部 5，边界 29
2026-09-11 16:59:50,565 DEBUG 层 3：检查 116 格，内部 22，边界 56
2026-09-11 16:59:50,565 DEBUG 层 4：检查 224 格，内部 55，边界 114
2026-09-11 16:59:50,565 DEBUG 层 5：检查 456 格，内部 96，边界 224
2026-09-11 16:59:50,565 DEBUG 层 6：检查 896 格，内部 228，边界 450
2026-09-11 16:59:50,566 DEBUG 层 7：检查 1800 格，内部 487，边界 899
2026-09-11 16:59:50,566 DEBUG 层 8：检查 3596 格，内部 883，边界 1798
2026-09-11 16:59:50,622 DEBUG 求解结束：sampled；可行点 6195，叶格 3574，边界格边长 0.070312 m
2026-09-11 16:59:50,625 INFO layout_random_020_n4 | A=353.279 m²，D=42.279 m，e=11.770 m，γmin=15.0°
2026-09-11 16:59:50,631 DEBUG 层 0：检查 40000 格，内部 0，边界 4
2026-09-11 16:59:50,631 DEBUG 层 1：检查 16 格，内部 0，边界 9
2026-09-11 16:59:50,631 DEBUG 层 2：检查 36 格，内部 0，边界 18
2026-09-11 16:59:50,631 DEBUG 层 3：检查 72 格，内部 9，边界 40
2026-09-11 16:59:50,632 DEBUG 层 4：检查 160 格，内部 34，边界 80
2026-09-11 16:59:50,632 DEBUG 层 5：检查 320 格，内部 74，边界 159
2026-09-11 16:59:50,632 DEBUG 层 6：检查 636 格，内部 147，边界 318
2026-09-11 16:59:50,632 DEBUG 层 7：检查 1272 格，内部 315，边界 637
2026-09-11 16:59:50,633 DEBUG 层 8：检查 2548 格，内部 625，边界 1272
2026-09-11 16:59:50,668 DEBUG 求解结束：sampled；可行点 4270，叶格 2476，边界格边长 0.070312 m
2026-09-11 16:59:50,669 INFO layout_uniform_020_n4 | A=139.171 m²，D=28.304 m，e=10.479 m，γmin=0.0°
2026-09-11 16:59:50,675 DEBUG 层 0：检查 40000 格，内部 0，边界 5
2026-09-11 16:59:50,676 DEBUG 层 1：检查 20 格，内部 1，边界 12
2026-09-11 16:59:50,676 DEBUG 层 2：检查 48 格，内部 8，边界 27
2026-09-11 16:59:50,676 DEBUG 层 3：检查 108 格，内部 20，边界 52
2026-09-11 16:59:50,676 DEBUG 层 4：检查 208 格，内部 49，边界 106
2026-09-11 16:59:50,677 DEBUG 层 5：检查 424 格，内部 99，边界 214
2026-09-11 16:59:50,677 DEBUG 层 6：检查 856 格，内部 202，边界 430
2026-09-11 16:59:50,677 DEBUG 层 7：检查 1720 格，内部 422，边界 864
2026-09-11 16:59:50,678 DEBUG 层 8：检查 3456 格，内部 859，边界 1727
2026-09-11 16:59:50,731 DEBUG 求解结束：sampled；可行点 5872，叶格 3387，边界格边长 0.070312 m
2026-09-11 16:59:50,734 INFO layout_optimized_020_n4 | A=474.591 m²，D=35.244 m，e=15.797 m，γmin=45.0°
2026-09-11 16:59:50,739 DEBUG 层 0：检查 40000 格，内部 1，边界 8
2026-09-11 16:59:50,739 DEBUG 层 1：检查 32 格，内部 0，边界 16
2026-09-11 16:59:50,739 DEBUG 层 2：检查 64 格，内部 13，边界 34
2026-09-11 16:59:50,739 DEBUG 层 3：检查 136 格，内部 26，边界 68
2026-09-11 16:59:50,740 DEBUG 层 4：检查 272 格，内部 67，边界 135
2026-09-11 16:59:50,740 DEBUG 层 5：检查 540 格，内部 127，边界 269
2026-09-11 16:59:50,740 DEBUG 层 6：检查 1076 格，内部 258，边界 534
2026-09-11 16:59:50,740 DEBUG 层 7：检查 2136 格，内部 518，边界 1072
2026-09-11 16:59:50,741 DEBUG 层 8：检查 4288 格，内部 1066，边界 2146
2026-09-11 16:59:50,805 DEBUG 求解结束：sampled；可行点 7343，叶格 4222，边界格边长 0.070312 m
2026-09-11 16:59:50,809 INFO layout_dop_baseline_020_n4 | A=890.282 m²，D=38.055 m，e=18.067 m，γmin=45.0°
2026-09-11 16:59:50,813 DEBUG 层 0：检查 40000 格，内部 0，边界 10
2026-09-11 16:59:50,813 DEBUG 层 1：检查 40 格，内部 5，边界 19
2026-09-11 16:59:50,814 DEBUG 层 2：检查 76 格，内部 15，边界 37
2026-09-11 16:59:50,814 DEBUG 层 3：检查 148 格，内部 32，边界 75
2026-09-11 16:59:50,814 DEBUG 层 4：检查 300 格，内部 65，边界 150
2026-09-11 16:59:50,814 DEBUG 层 5：检查 600 格，内部 150，边界 300
2026-09-11 16:59:50,814 DEBUG 层 6：检查 1200 格，内部 302，边界 599
2026-09-11 16:59:50,815 DEBUG 层 7：检查 2396 格，内部 577，边界 1197
2026-09-11 16:59:50,815 DEBUG 层 8：检查 4788 格，内部 1201，边界 2394
2026-09-11 16:59:50,891 DEBUG 求解结束：sampled；可行点 8250，叶格 4741，边界格边长 0.070312 m
2026-09-11 16:59:50,893 INFO layout_random_021_n4 | A=1053.222 m²，D=52.801 m，e=22.665 m，γmin=0.0°
2026-09-11 16:59:50,897 DEBUG 层 0：检查 40000 格，内部 0，边界 10
2026-09-11 16:59:50,898 DEBUG 层 1：检查 40 格，内部 3，边界 18
2026-09-11 16:59:50,898 DEBUG 层 2：检查 72 格，内部 16，边界 38
2026-09-11 16:59:50,898 DEBUG 层 3：检查 152 格，内部 40，边界 79
2026-09-11 16:59:50,898 DEBUG 层 4：检查 316 格，内部 90，边界 157
2026-09-11 16:59:50,898 DEBUG 层 5：检查 628 格，内部 189，边界 317
2026-09-11 16:59:50,899 DEBUG 层 6：检查 1268 格，内部 286，边界 634
2026-09-11 16:59:50,899 DEBUG 层 7：检查 2536 格，内部 697，边界 1269
2026-09-11 16:59:50,900 DEBUG 层 8：检查 5076 格，内部 1442，边界 2539
2026-09-11 16:59:50,978 DEBUG 求解结束：sampled；可行点 9286，叶格 5302，边界格边长 0.070312 m
2026-09-11 16:59:50,980 INFO layout_uniform_021_n4 | A=998.202 m²，D=45.331 m，e=19.416 m，γmin=0.0°
2026-09-11 16:59:50,985 DEBUG 层 0：检查 40000 格，内部 0，边界 3
2026-09-11 16:59:50,985 DEBUG 层 1：检查 12 格，内部 0，边界 3
2026-09-11 16:59:50,985 DEBUG 层 2：检查 12 格，内部 0，边界 6
2026-09-11 16:59:50,985 DEBUG 层 3：检查 24 格，内部 3，边界 18
2026-09-11 16:59:50,985 DEBUG 层 4：检查 72 格，内部 9，边界 34
2026-09-11 16:59:50,986 DEBUG 层 5：检查 136 格，内部 52，边界 74
2026-09-11 16:59:50,986 DEBUG 层 6：检查 296 格，内部 17，边界 145
2026-09-11 16:59:50,986 DEBUG 层 7：检查 580 格，内部 174，边界 290
2026-09-11 16:59:50,986 DEBUG 层 8：检查 1160 格，内部 489，边界 580
2026-09-11 16:59:51,003 DEBUG 求解结束：sampled；可行点 2378，叶格 1324，边界格边长 0.070312 m
2026-09-11 16:59:51,004 INFO layout_optimized_021_n4 | A=52.790 m²，D=14.171 m，e=2.552 m，γmin=45.0°
2026-09-11 16:59:51,009 DEBUG 层 0：检查 40000 格，内部 0，边界 3
2026-09-11 16:59:51,010 DEBUG 层 1：检查 12 格，内部 0，边界 3
2026-09-11 16:59:51,010 DEBUG 层 2：检查 12 格，内部 0，边界 6
2026-09-11 16:59:51,011 DEBUG 层 3：检查 24 格，内部 1，边界 14
2026-09-11 16:59:51,011 DEBUG 层 4：检查 56 格，内部 17，边界 33
2026-09-11 16:59:51,011 DEBUG 层 5：检查 132 格，内部 34，边界 66
2026-09-11 16:59:51,012 DEBUG 层 6：检查 264 格，内部 73，边界 133
2026-09-11 16:59:51,012 DEBUG 层 7：检查 532 格，内部 215，边界 270
2026-09-11 16:59:51,013 DEBUG 层 8：检查 1080 格，内部 201，边界 540
2026-09-11 16:59:51,025 DEBUG 求解结束：sampled；可行点 1924，叶格 1081，边界格边长 0.070312 m
2026-09-11 16:59:51,026 INFO layout_dop_baseline_021_n4 | A=50.486 m²，D=12.448 m，e=2.546 m，γmin=45.0°
2026-09-11 16:59:51,032 DEBUG 层 0：检查 40000 格，内部 0，边界 8
2026-09-11 16:59:51,032 DEBUG 层 1：检查 32 格，内部 3，边界 18
2026-09-11 16:59:51,033 DEBUG 层 2：检查 72 格，内部 10，边界 36
2026-09-11 16:59:51,033 DEBUG 层 3：检查 144 格，内部 38，边界 68
2026-09-11 16:59:51,033 DEBUG 层 4：检查 272 格，内部 50，边界 135
2026-09-11 16:59:51,033 DEBUG 层 5：检查 540 格，内部 112，边界 270
2026-09-11 16:59:51,033 DEBUG 层 6：检查 1080 格，内部 273，边界 541
2026-09-11 16:59:51,034 DEBUG 层 7：检查 2164 格，内部 548，边界 1081
2026-09-11 16:59:51,034 DEBUG 层 8：检查 4324 格，内部 1070，边界 2162
2026-09-11 16:59:51,097 DEBUG 求解结束：sampled；可行点 7419，叶格 4266，边界格边长 0.070312 m
2026-09-11 16:59:51,098 INFO layout_random_022_n4 | A=784.891 m²，D=49.271 m，e=13.425 m，γmin=15.0°
2026-09-11 16:59:51,103 DEBUG 层 0：检查 40000 格，内部 0，边界 5
2026-09-11 16:59:51,103 DEBUG 层 1：检查 20 格，内部 0，边界 11
2026-09-11 16:59:51,103 DEBUG 层 2：检查 44 格，内部 9，边界 20
2026-09-11 16:59:51,103 DEBUG 层 3：检查 80 格，内部 16，边界 42
2026-09-11 16:59:51,103 DEBUG 层 4：检查 168 格，内部 32，边界 84
2026-09-11 16:59:51,104 DEBUG 层 5：检查 336 格，内部 78，边界 169
2026-09-11 16:59:51,104 DEBUG 层 6：检查 676 格，内部 164，边界 337
2026-09-11 16:59:51,104 DEBUG 层 7：检查 1348 格，内部 323，边界 673
2026-09-11 16:59:51,105 DEBUG 层 8：检查 2692 格，内部 674，边界 1349
2026-09-11 16:59:51,143 DEBUG 求解结束：sampled；可行点 4578，叶格 2645，边界格边长 0.070312 m
2026-09-11 16:59:51,145 INFO layout_uniform_022_n4 | A=357.705 m²，D=28.269 m，e=1.384 m，γmin=0.0°
2026-09-11 16:59:51,149 DEBUG 层 0：检查 40000 格，内部 0，边界 6
2026-09-11 16:59:51,149 DEBUG 层 1：检查 24 格，内部 1，边界 14
2026-09-11 16:59:51,150 DEBUG 层 2：检查 56 格，内部 11，边界 28
2026-09-11 16:59:51,150 DEBUG 层 3：检查 112 格，内部 21，边界 56
2026-09-11 16:59:51,150 DEBUG 层 4：检查 224 格，内部 48，边界 115
2026-09-11 16:59:51,150 DEBUG 层 5：检查 460 格，内部 109，边界 233
2026-09-11 16:59:51,150 DEBUG 层 6：检查 932 格，内部 231，边界 463
2026-09-11 16:59:51,150 DEBUG 层 7：检查 1852 格，内部 446，边界 923
2026-09-11 16:59:51,151 DEBUG 层 8：检查 3692 格，内部 917，边界 1849
2026-09-11 16:59:51,207 DEBUG 求解结束：sampled；可行点 6302，叶格 3633，边界格边长 0.070312 m
2026-09-11 16:59:51,209 INFO layout_optimized_022_n4 | A=545.965 m²，D=37.698 m，e=6.982 m，γmin=45.0°
2026-09-11 16:59:51,213 DEBUG 层 0：检查 40000 格，内部 0，边界 9
2026-09-11 16:59:51,214 DEBUG 层 1：检查 36 格，内部 4，边界 16
2026-09-11 16:59:51,214 DEBUG 层 2：检查 64 格，内部 13，边界 32
2026-09-11 16:59:51,214 DEBUG 层 3：检查 128 格，内部 27，边界 66
2026-09-11 16:59:51,215 DEBUG 层 4：检查 264 格，内部 60，边界 131
2026-09-11 16:59:51,215 DEBUG 层 5：检查 524 格，内部 121，边界 264
2026-09-11 16:59:51,216 DEBUG 层 6：检查 1056 格，内部 263，边界 529
2026-09-11 16:59:51,216 DEBUG 层 7：检查 2116 格，内部 521，边界 1056
2026-09-11 16:59:51,217 DEBUG 层 8：检查 4224 格，内部 1056，边界 2112
2026-09-11 16:59:51,282 DEBUG 求解结束：sampled；可行点 7263，叶格 4177，边界格边长 0.070312 m
2026-09-11 16:59:51,284 INFO layout_dop_baseline_022_n4 | A=884.823 m²，D=37.997 m，e=10.597 m，γmin=45.0°
2026-09-11 16:59:51,288 DEBUG 层 0：检查 40000 格，内部 0，边界 9
2026-09-11 16:59:51,289 DEBUG 层 1：检查 36 格，内部 5，边界 18
2026-09-11 16:59:51,289 DEBUG 层 2：检查 72 格，内部 15，边界 36
2026-09-11 16:59:51,289 DEBUG 层 3：检查 144 格，内部 19，边界 70
2026-09-11 16:59:51,289 DEBUG 层 4：检查 280 格，内部 90，边界 142
2026-09-11 16:59:51,289 DEBUG 层 5：检查 568 格，内部 159，边界 285
2026-09-11 16:59:51,290 DEBUG 层 6：检查 1140 格，内部 294，边界 573
2026-09-11 16:59:51,290 DEBUG 层 7：检查 2292 格，内部 583，边界 1146
2026-09-11 16:59:51,291 DEBUG 层 8：检查 4584 格，内部 1141，边界 2290
2026-09-11 16:59:51,373 DEBUG 求解结束：sampled；可行点 8008，叶格 4596，边界格边长 0.070312 m
2026-09-11 16:59:51,375 INFO layout_random_023_n4 | A=1020.681 m²，D=56.945 m，e=8.969 m，γmin=0.0°
2026-09-11 16:59:51,398 DEBUG 层 0：检查 40000 格，内部 0，边界 8
2026-09-11 16:59:51,398 DEBUG 层 1：检查 32 格，内部 4，边界 16
2026-09-11 16:59:51,398 DEBUG 层 2：检查 64 格，内部 12，边界 32
2026-09-11 16:59:51,398 DEBUG 层 3：检查 128 格，内部 24，边界 64
2026-09-11 16:59:51,399 DEBUG 层 4：检查 256 格，内部 56，边界 127
2026-09-11 16:59:51,399 DEBUG 层 5：检查 508 格，内部 120，边界 253
2026-09-11 16:59:51,399 DEBUG 层 6：检查 1012 格，内部 246，边界 504
2026-09-11 16:59:51,399 DEBUG 层 7：检查 2016 格，内部 502，边界 1009
2026-09-11 16:59:51,401 DEBUG 层 8：检查 4036 格，内部 1005，边界 2018
2026-09-11 16:59:51,594 DEBUG 求解结束：sampled；可行点 6924，叶格 3987，边界格边长 0.070312 m
2026-09-11 16:59:51,596 INFO layout_uniform_023_n4 | A=841.557 m²，D=41.549 m，e=9.212 m，γmin=0.0°
2026-09-11 16:59:51,603 DEBUG 层 0：检查 40000 格，内部 0，边界 9
2026-09-11 16:59:51,604 DEBUG 层 1：检查 36 格，内部 3，边界 17
2026-09-11 16:59:51,605 DEBUG 层 2：检查 68 格，内部 13，边界 33
2026-09-11 16:59:51,605 DEBUG 层 3：检查 132 格，内部 31，边界 64
2026-09-11 16:59:51,605 DEBUG 层 4：检查 256 格，内部 61，边界 130
2026-09-11 16:59:51,605 DEBUG 层 5：检查 520 格，内部 125，边界 262
2026-09-11 16:59:51,606 DEBUG 层 6：检查 1048 格，内部 254，边界 522
2026-09-11 16:59:51,606 DEBUG 层 7：检查 2088 格，内部 515，边界 1046
2026-09-11 16:59:51,607 DEBUG 层 8：检查 4184 格，内部 1038，边界 2093
2026-09-11 16:59:51,666 DEBUG 求解结束：sampled；可行点 7186，叶格 4133，边界格边长 0.070312 m
2026-09-11 16:59:51,670 INFO layout_optimized_023_n4 | A=825.561 m²，D=37.442 m，e=8.946 m，γmin=45.0°
2026-09-11 16:59:51,677 DEBUG 层 0：检查 40000 格，内部 0，边界 7
2026-09-11 16:59:51,678 DEBUG 层 1：检查 28 格，内部 2，边界 13
2026-09-11 16:59:51,678 DEBUG 层 2：检查 52 格，内部 8，边界 28
2026-09-11 16:59:51,678 DEBUG 层 3：检查 112 格，内部 21，边界 58
2026-09-11 16:59:51,678 DEBUG 层 4：检查 232 格，内部 47，边界 115
2026-09-11 16:59:51,679 DEBUG 层 5：检查 460 格，内部 109，边界 231
2026-09-11 16:59:51,679 DEBUG 层 6：检查 924 格，内部 232，边界 464
2026-09-11 16:59:51,679 DEBUG 层 7：检查 1856 格，内部 456，边界 929
2026-09-11 16:59:51,680 DEBUG 层 8：检查 3716 格，内部 926，边界 1857
2026-09-11 16:59:51,732 DEBUG 求解结束：sampled；可行点 6348，叶格 3658，边界格边长 0.070312 m
2026-09-11 16:59:51,735 INFO layout_dop_baseline_023_n4 | A=565.318 m²，D=37.606 m，e=5.051 m，γmin=45.0°
2026-09-11 16:59:51,740 DEBUG 层 0：检查 40000 格，内部 0，边界 5
2026-09-11 16:59:51,741 DEBUG 层 1：检查 20 格，内部 1，边界 12
2026-09-11 16:59:51,741 DEBUG 层 2：检查 48 格，内部 9，边界 25
2026-09-11 16:59:51,741 DEBUG 层 3：检查 100 格，内部 10，边界 47
2026-09-11 16:59:51,741 DEBUG 层 4：检查 188 格，内部 56，边界 99
2026-09-11 16:59:51,742 DEBUG 层 5：检查 396 格，内部 82，边界 199
2026-09-11 16:59:51,742 DEBUG 层 6：检查 796 格，内部 183，边界 396
2026-09-11 16:59:51,742 DEBUG 层 7：检查 1584 格，内部 303，边界 787
2026-09-11 16:59:51,743 DEBUG 层 8：检查 3148 格，内部 700，边界 1574
2026-09-11 16:59:51,784 DEBUG 求解结束：sampled；可行点 5031，叶格 2918，边界格边长 0.070312 m
2026-09-11 16:59:51,786 INFO layout_random_024_n4 | A=441.817 m²，D=34.890 m，e=9.535 m，γmin=45.0°
2026-09-11 16:59:51,791 DEBUG 层 0：检查 40000 格，内部 0，边界 7
2026-09-11 16:59:51,791 DEBUG 层 1：检查 28 格，内部 6，边界 15
2026-09-11 16:59:51,791 DEBUG 层 2：检查 60 格，内部 12，边界 29
2026-09-11 16:59:51,792 DEBUG 层 3：检查 116 格，内部 12，边界 54
2026-09-11 16:59:51,792 DEBUG 层 4：检查 216 格，内部 76，边界 110
2026-09-11 16:59:51,792 DEBUG 层 5：检查 440 格，内部 88，边界 224
2026-09-11 16:59:51,792 DEBUG 层 6：检查 896 格，内部 295，边界 448
2026-09-11 16:59:51,793 DEBUG 层 7：检查 1792 格，内部 522，边界 896
2026-09-11 16:59:51,793 DEBUG 层 8：检查 3584 格，内部 1025，边界 1790
2026-09-11 16:59:51,847 DEBUG 求解结束：sampled；可行点 6737，叶格 3826，边界格边长 0.070312 m
2026-09-11 16:59:51,849 INFO layout_uniform_024_n4 | A=961.055 m²，D=43.861 m，e=14.182 m，γmin=0.0°
2026-09-11 16:59:51,855 DEBUG 层 0：检查 40000 格，内部 0，边界 8
2026-09-11 16:59:51,855 DEBUG 层 1：检查 32 格，内部 3，边界 15
2026-09-11 16:59:51,856 DEBUG 层 2：检查 60 格，内部 5，边界 28
2026-09-11 16:59:51,856 DEBUG 层 3：检查 112 格，内部 21，边界 54
2026-09-11 16:59:51,856 DEBUG 层 4：检查 216 格，内部 79，边界 111
2026-09-11 16:59:51,856 DEBUG 层 5：检查 444 格，内部 68，边界 224
2026-09-11 16:59:51,857 DEBUG 层 6：检查 896 格，内部 278，边界 447
2026-09-11 16:59:51,857 DEBUG 层 7：检查 1788 格，内部 482，边界 891
2026-09-11 16:59:51,857 DEBUG 层 8：检查 3564 格，内部 904，边界 1782
2026-09-11 16:59:51,913 DEBUG 求解结束：sampled；可行点 6368，叶格 3622，边界格边长 0.070312 m
2026-09-11 16:59:51,915 INFO layout_optimized_024_n4 | A=616.513 m²，D=38.196 m，e=12.309 m，γmin=45.0°
2026-09-11 16:59:51,920 DEBUG 层 0：检查 40000 格，内部 0，边界 5
2026-09-11 16:59:51,920 DEBUG 层 1：检查 20 格，内部 0，边界 9
2026-09-11 16:59:51,920 DEBUG 层 2：检查 36 格，内部 3，边界 17
2026-09-11 16:59:51,921 DEBUG 层 3：检查 68 格，内部 9，边界 33
2026-09-11 16:59:51,921 DEBUG 层 4：检查 132 格，内部 50，边界 70
2026-09-11 16:59:51,921 DEBUG 层 5：检查 280 格，内部 55，边界 140
2026-09-11 16:59:51,921 DEBUG 层 6：检查 560 格，内部 179，边界 280
2026-09-11 16:59:51,922 DEBUG 层 7：检查 1120 格，内部 255，边界 560
2026-09-11 16:59:51,922 DEBUG 层 8：检查 2240 格，内部 672，边界 1122
2026-09-11 16:59:51,955 DEBUG 求解结束：sampled；可行点 4153，叶格 2345，边界格边长 0.070312 m
2026-09-11 16:59:51,956 INFO layout_dop_baseline_024_n4 | A=214.586 m²，D=26.179 m，e=6.189 m，γmin=45.0°
2026-09-11 16:59:51,961 DEBUG 层 0：检查 40000 格，内部 0，边界 9
2026-09-11 16:59:51,961 DEBUG 层 1：检查 36 格，内部 1，边界 17
2026-09-11 16:59:51,962 DEBUG 层 2：检查 68 格，内部 13，边界 36
2026-09-11 16:59:51,962 DEBUG 层 3：检查 144 格，内部 33，边界 70
2026-09-11 16:59:51,962 DEBUG 层 4：检查 280 格，内部 70，边界 134
2026-09-11 16:59:51,962 DEBUG 层 5：检查 536 格，内部 132，边界 269
2026-09-11 16:59:51,963 DEBUG 层 6：检查 1076 格，内部 258，边界 542
2026-09-11 16:59:51,963 DEBUG 层 7：检查 2168 格，内部 542，边界 1085
2026-09-11 16:59:51,964 DEBUG 层 8：检查 4340 格，内部 1072，边界 2167
2026-09-11 16:59:52,023 DEBUG 求解结束：sampled；可行点 7438，叶格 4288，边界格边长 0.070312 m
2026-09-11 16:59:52,025 INFO layout_random_025_n4 | A=688.652 m²，D=49.582 m，e=11.475 m，γmin=15.0°
2026-09-11 16:59:52,030 DEBUG 层 0：检查 40000 格，内部 0，边界 4
2026-09-11 16:59:52,031 DEBUG 层 1：检查 16 格，内部 0，边界 6
2026-09-11 16:59:52,031 DEBUG 层 2：检查 24 格，内部 0，边界 15
2026-09-11 16:59:52,031 DEBUG 层 3：检查 60 格，内部 7，边界 35
2026-09-11 16:59:52,032 DEBUG 层 4：检查 140 格，内部 40，边界 71
2026-09-11 16:59:52,032 DEBUG 层 5：检查 284 格，内部 92，边界 145
2026-09-11 16:59:52,032 DEBUG 层 6：检查 580 格，内部 134，边界 291
2026-09-11 16:59:52,032 DEBUG 层 7：检查 1164 格，内部 297，边界 584
2026-09-11 16:59:52,033 DEBUG 层 8：检查 2336 格，内部 554，边界 1168
2026-09-11 16:59:52,063 DEBUG 求解结束：sampled；可行点 3953，叶格 2292，边界格边长 0.070312 m
2026-09-11 16:59:52,064 INFO layout_uniform_025_n4 | A=139.483 m²，D=23.877 m，e=6.425 m，γmin=0.0°
2026-09-11 16:59:52,069 DEBUG 层 0：检查 40000 格，内部 0，边界 5
2026-09-11 16:59:52,069 DEBUG 层 1：检查 20 格，内部 1，边界 11
2026-09-11 16:59:52,069 DEBUG 层 2：检查 44 格，内部 4，边界 23
2026-09-11 16:59:52,069 DEBUG 层 3：检查 92 格，内部 19，边界 46
2026-09-11 16:59:52,070 DEBUG 层 4：检查 184 格，内部 43，边界 92
2026-09-11 16:59:52,070 DEBUG 层 5：检查 368 格，内部 142，边界 186
2026-09-11 16:59:52,070 DEBUG 层 6：检查 744 格，内部 165，边界 376
2026-09-11 16:59:52,070 DEBUG 层 7：检查 1504 格，内部 446，边界 752
2026-09-11 16:59:52,071 DEBUG 层 8：检查 3008 格，内部 689，边界 1501
2026-09-11 16:59:52,117 DEBUG 求解结束：sampled；可行点 5226，叶格 3010，边界格边长 0.070312 m
2026-09-11 16:59:52,119 INFO layout_optimized_025_n4 | A=389.685 m²，D=33.054 m，e=11.341 m，γmin=45.0°
2026-09-11 16:59:52,124 DEBUG 层 0：检查 40000 格，内部 0，边界 6
2026-09-11 16:59:52,125 DEBUG 层 1：检查 24 格，内部 0，边界 8
2026-09-11 16:59:52,125 DEBUG 层 2：检查 32 格，内部 6，边界 21
2026-09-11 16:59:52,125 DEBUG 层 3：检查 84 格，内部 26，边界 45
2026-09-11 16:59:52,125 DEBUG 层 4：检查 180 格，内部 44，边界 91
2026-09-11 16:59:52,126 DEBUG 层 5：检查 364 格，内部 85，边界 181
2026-09-11 16:59:52,126 DEBUG 层 6：检查 724 格，内部 162，边界 362
2026-09-11 16:59:52,126 DEBUG 层 7：检查 1448 格，内部 302，边界 722
2026-09-11 16:59:52,127 DEBUG 层 8：检查 2888 格，内部 804，边界 1449
2026-09-11 16:59:52,170 DEBUG 求解结束：sampled；可行点 4893，叶格 2878，边界格边长 0.070312 m
2026-09-11 16:59:52,174 INFO layout_dop_baseline_025_n4 | A=364.884 m²，D=31.829 m，e=10.824 m，γmin=45.0°
2026-09-11 16:59:52,179 DEBUG 层 0：检查 40000 格，内部 0，边界 6
2026-09-11 16:59:52,179 DEBUG 层 1：检查 24 格，内部 3，边界 15
2026-09-11 16:59:52,179 DEBUG 层 2：检查 60 格，内部 16，边界 29
2026-09-11 16:59:52,179 DEBUG 层 3：检查 116 格，内部 25，边界 61
2026-09-11 16:59:52,180 DEBUG 层 4：检查 244 格，内部 62，边界 124
2026-09-11 16:59:52,180 DEBUG 层 5：检查 496 格，内部 127，边界 246
2026-09-11 16:59:52,180 DEBUG 层 6：检查 984 格，内部 226，边界 492
2026-09-11 16:59:52,180 DEBUG 层 7：检查 1968 格，内部 422，边界 988
2026-09-11 16:59:52,181 DEBUG 层 8：检查 3952 格，内部 933，边界 1975
2026-09-11 16:59:52,233 DEBUG 求解结束：sampled；可行点 6533，叶格 3789，边界格边长 0.070312 m
2026-09-11 16:59:52,235 INFO layout_random_026_n4 | A=852.607 m²，D=42.996 m，e=8.197 m，γmin=0.0°
2026-09-11 16:59:52,239 DEBUG 层 0：检查 40000 格，内部 0，边界 10
2026-09-11 16:59:52,239 DEBUG 层 1：检查 40 格，内部 4，边界 19
2026-09-11 16:59:52,240 DEBUG 层 2：检查 76 格，内部 16，边界 39
2026-09-11 16:59:52,240 DEBUG 层 3：检查 156 格，内部 35，边界 76
2026-09-11 16:59:52,240 DEBUG 层 4：检查 304 格，内部 69，边界 155
2026-09-11 16:59:52,240 DEBUG 层 5：检查 620 格，内部 153，边界 310
2026-09-11 16:59:52,240 DEBUG 层 6：检查 1240 格，内部 309，边界 618
2026-09-11 16:59:52,241 DEBUG 层 7：检查 2472 格，内部 607，边界 1237
2026-09-11 16:59:52,241 DEBUG 层 8：检查 4948 格，内部 1229，边界 2474
2026-09-11 16:59:52,310 DEBUG 求解结束：sampled；可行点 8511，叶格 4896，边界格边长 0.070312 m
2026-09-11 16:59:52,311 INFO layout_uniform_026_n4 | A=1015.586 m²，D=45.760 m，e=8.753 m，γmin=0.0°
2026-09-11 16:59:52,317 DEBUG 层 0：检查 40000 格，内部 0，边界 9
2026-09-11 16:59:52,317 DEBUG 层 1：检查 36 格，内部 2，边界 17
2026-09-11 16:59:52,318 DEBUG 层 2：检查 68 格，内部 12，边界 32
2026-09-11 16:59:52,318 DEBUG 层 3：检查 128 格，内部 31，边界 62
2026-09-11 16:59:52,318 DEBUG 层 4：检查 248 格，内部 58，边界 124
2026-09-11 16:59:52,319 DEBUG 层 5：检查 496 格，内部 118，边界 250
2026-09-11 16:59:52,319 DEBUG 层 6：检查 1000 格，内部 236，边界 497
2026-09-11 16:59:52,320 DEBUG 层 7：检查 1988 格，内部 492，边界 991
2026-09-11 16:59:52,320 DEBUG 层 8：检查 3964 格，内部 991，边界 1984
2026-09-11 16:59:52,380 DEBUG 求解结束：sampled；可行点 6819，叶格 3924，边界格边长 0.070312 m
2026-09-11 16:59:52,382 INFO layout_optimized_026_n4 | A=715.660 m²，D=36.912 m，e=6.525 m，γmin=45.0°
2026-09-11 16:59:52,386 DEBUG 层 0：检查 40000 格，内部 0，边界 8
2026-09-11 16:59:52,386 DEBUG 层 1：检查 32 格，内部 3，边界 15
2026-09-11 16:59:52,386 DEBUG 层 2：检查 60 格，内部 8，边界 29
2026-09-11 16:59:52,387 DEBUG 层 3：检查 116 格，内部 20，边界 58
2026-09-11 16:59:52,387 DEBUG 层 4：检查 232 格，内部 54，边界 120
2026-09-11 16:59:52,387 DEBUG 层 5：检查 480 格，内部 114，边界 239
2026-09-11 16:59:52,387 DEBUG 层 6：检查 956 格，内部 232，边界 478
2026-09-11 16:59:52,388 DEBUG 层 7：检查 1912 格，内部 473，边界 958
2026-09-11 16:59:52,388 DEBUG 层 8：检查 3832 格，内部 949，边界 1918
2026-09-11 16:59:52,447 DEBUG 求解结束：sampled；可行点 6545，叶格 3771，边界格边长 0.070312 m
2026-09-11 16:59:52,449 INFO layout_dop_baseline_026_n4 | A=652.407 m²，D=36.682 m，e=5.542 m，γmin=45.0°
2026-09-11 16:59:52,456 DEBUG 层 0：检查 40000 格，内部 0，边界 5
2026-09-11 16:59:52,456 DEBUG 层 1：检查 20 格，内部 0，边界 7
2026-09-11 16:59:52,456 DEBUG 层 2：检查 28 格，内部 0，边界 12
2026-09-11 16:59:52,456 DEBUG 层 3：检查 48 格，内部 4，边界 23
2026-09-11 16:59:52,456 DEBUG 层 4：检查 92 格，内部 12，边界 49
2026-09-11 16:59:52,456 DEBUG 层 5：检查 196 格，内部 39，边界 98
2026-09-11 16:59:52,456 DEBUG 层 6：检查 392 格，内部 81，边界 196
2026-09-11 16:59:52,457 DEBUG 层 7：检查 784 格，内部 180，边界 391
2026-09-11 16:59:52,457 DEBUG 层 8：检查 1564 格，内部 380，边界 784
2026-09-11 16:59:52,479 DEBUG 求解结束：sampled；可行点 2517，叶格 1480，边界格边长 0.070312 m
2026-09-11 16:59:52,481 INFO layout_random_027_n4 | A=63.430 m²，D=19.345 m，e=4.934 m，γmin=0.0°
2026-09-11 16:59:52,485 DEBUG 层 0：检查 40000 格，内部 0，边界 3
2026-09-11 16:59:52,485 DEBUG 层 1：检查 12 格，内部 0，边界 4
2026-09-11 16:59:52,486 DEBUG 层 2：检查 16 格，内部 0，边界 7
2026-09-11 16:59:52,486 DEBUG 层 3：检查 28 格，内部 0，边界 15
2026-09-11 16:59:52,486 DEBUG 层 4：检查 60 格，内部 9，边界 28
2026-09-11 16:59:52,486 DEBUG 层 5：检查 112 格，内部 21，边界 55
2026-09-11 16:59:52,486 DEBUG 层 6：检查 220 格，内部 53，边界 109
2026-09-11 16:59:52,486 DEBUG 层 7：检查 436 格，内部 105，边界 219
2026-09-11 16:59:52,487 DEBUG 层 8：检查 876 格，内部 210，边界 436
2026-09-11 16:59:52,498 DEBUG 求解结束：sampled；可行点 1413，叶格 834，边界格边长 0.070312 m
2026-09-11 16:59:52,500 INFO layout_uniform_027_n4 | A=27.429 m²，D=8.542 m，e=1.410 m，γmin=0.0°
2026-09-11 16:59:52,506 DEBUG 层 0：检查 40000 格，内部 0，边界 6
2026-09-11 16:59:52,507 DEBUG 层 1：检查 24 格，内部 1，边界 13
2026-09-11 16:59:52,507 DEBUG 层 2：检查 52 格，内部 9，边界 27
2026-09-11 16:59:52,507 DEBUG 层 3：检查 108 格，内部 22，边界 55
2026-09-11 16:59:52,507 DEBUG 层 4：检查 220 格，内部 47，边界 111
2026-09-11 16:59:52,507 DEBUG 层 5：检查 444 格，内部 107，边界 226
2026-09-11 16:59:52,508 DEBUG 层 6：检查 904 格，内部 219，边界 452
2026-09-11 16:59:52,508 DEBUG 层 7：检查 1808 格，内部 449，边界 901
2026-09-11 16:59:52,508 DEBUG 层 8：检查 3604 格，内部 886，边界 1804
2026-09-11 16:59:52,565 DEBUG 求解结束：sampled；可行点 6145，叶格 3544，边界格边长 0.070312 m
2026-09-11 16:59:52,567 INFO layout_optimized_027_n4 | A=507.349 m²，D=37.099 m，e=19.024 m，γmin=45.0°
2026-09-11 16:59:52,573 DEBUG 层 0：检查 40000 格，内部 0，边界 6
2026-09-11 16:59:52,573 DEBUG 层 1：检查 24 格，内部 1，边界 13
2026-09-11 16:59:52,573 DEBUG 层 2：检查 52 格，内部 9，边界 28
2026-09-11 16:59:52,574 DEBUG 层 3：检查 112 格，内部 23，边界 58
2026-09-11 16:59:52,574 DEBUG 层 4：检查 232 格，内部 52，边界 113
2026-09-11 16:59:52,574 DEBUG 层 5：检查 452 格，内部 110，边界 226
2026-09-11 16:59:52,575 DEBUG 层 6：检查 904 格，内部 223，边界 454
2026-09-11 16:59:52,575 DEBUG 层 7：检查 1816 格，内部 454，边界 906
2026-09-11 16:59:52,576 DEBUG 层 8：检查 3624 格，内部 896，边界 1812
2026-09-11 16:59:52,627 DEBUG 求解结束：sampled；可行点 6215，叶格 3580，边界格边长 0.070312 m
2026-09-11 16:59:52,629 INFO layout_dop_baseline_027_n4 | A=520.179 m²，D=37.132 m，e=19.005 m，γmin=45.0°
2026-09-11 16:59:52,635 DEBUG 层 0：检查 40000 格，内部 0，边界 7
2026-09-11 16:59:52,635 DEBUG 层 1：检查 28 格，内部 1，边界 16
2026-09-11 16:59:52,635 DEBUG 层 2：检查 64 格，内部 13，边界 33
2026-09-11 16:59:52,635 DEBUG 层 3：检查 132 格，内部 30，边界 66
2026-09-11 16:59:52,635 DEBUG 层 4：检查 264 格，内部 55，边界 131
2026-09-11 16:59:52,636 DEBUG 层 5：检查 524 格，内部 135，边界 266
2026-09-11 16:59:52,636 DEBUG 层 6：检查 1064 格，内部 251，边界 530
2026-09-11 16:59:52,636 DEBUG 层 7：检查 2120 格，内部 544，边界 1061
2026-09-11 16:59:52,638 DEBUG 层 8：检查 4244 格，内部 1049，边界 2121
2026-09-11 16:59:52,700 DEBUG 求解结束：sampled；可行点 7295，叶格 4199，边界格边长 0.070312 m
2026-09-11 16:59:52,701 INFO layout_random_028_n4 | A=654.609 m²，D=45.476 m，e=5.344 m，γmin=30.0°
2026-09-11 16:59:52,706 DEBUG 层 0：检查 40000 格，内部 0，边界 8
2026-09-11 16:59:52,706 DEBUG 层 1：检查 32 格，内部 3，边界 16
2026-09-11 16:59:52,706 DEBUG 层 2：检查 64 格，内部 7，边界 31
2026-09-11 16:59:52,706 DEBUG 层 3：检查 124 格，内部 22，边界 62
2026-09-11 16:59:52,706 DEBUG 层 4：检查 248 格，内部 58，边界 125
2026-09-11 16:59:52,707 DEBUG 层 5：检查 500 格，内部 117，边界 251
2026-09-11 16:59:52,707 DEBUG 层 6：检查 1004 格，内部 238，边界 502
2026-09-11 16:59:52,707 DEBUG 层 7：检查 2008 格，内部 500，边界 1007
2026-09-11 16:59:52,708 DEBUG 层 8：检查 4028 格，内部 1008，边界 2013
2026-09-11 16:59:52,770 DEBUG 求解结束：sampled；可行点 6885，叶格 3966，边界格边长 0.070312 m
2026-09-11 16:59:52,771 INFO layout_uniform_028_n4 | A=650.135 m²，D=37.679 m，e=6.652 m，γmin=0.0°
2026-09-11 16:59:52,776 DEBUG 层 0：检查 40000 格，内部 0，边界 7
2026-09-11 16:59:52,776 DEBUG 层 1：检查 28 格，内部 2，边界 14
2026-09-11 16:59:52,777 DEBUG 层 2：检查 56 格，内部 5，边界 27
2026-09-11 16:59:52,777 DEBUG 层 3：检查 108 格，内部 22，边界 57
2026-09-11 16:59:52,777 DEBUG 层 4：检查 228 格，内部 53，边界 112
2026-09-11 16:59:52,777 DEBUG 层 5：检查 448 格，内部 106，边界 226
2026-09-11 16:59:52,778 DEBUG 层 6：检查 904 格，内部 229，边界 450
2026-09-11 16:59:52,779 DEBUG 层 7：检查 1800 格，内部 449，边界 901
2026-09-11 16:59:52,780 DEBUG 层 8：检查 3604 格，内部 893，边界 1805
2026-09-11 16:59:52,832 DEBUG 求解结束：sampled；可行点 6188，叶格 3564，边界格边长 0.070312 m
2026-09-11 16:59:52,834 INFO layout_optimized_028_n4 | A=515.490 m²，D=36.986 m，e=3.068 m，γmin=45.0°
2026-09-11 16:59:52,839 DEBUG 层 0：检查 40000 格，内部 0，边界 8
2026-09-11 16:59:52,839 DEBUG 层 1：检查 32 格，内部 2，边界 15
2026-09-11 16:59:52,839 DEBUG 层 2：检查 60 格，内部 7，边界 29
2026-09-11 16:59:52,839 DEBUG 层 3：检查 116 格，内部 26，边界 58
2026-09-11 16:59:52,839 DEBUG 层 4：检查 232 格，内部 51，边界 115
2026-09-11 16:59:52,840 DEBUG 层 5：检查 460 格，内部 108，边界 232
2026-09-11 16:59:52,840 DEBUG 层 6：检查 928 格，内部 230，边界 465
2026-09-11 16:59:52,840 DEBUG 层 7：检查 1860 格，内部 467，边界 929
2026-09-11 16:59:52,841 DEBUG 层 8：检查 3716 格，内部 924，边界 1860
2026-09-11 16:59:52,896 DEBUG 求解结束：sampled；可行点 6382，叶格 3675，边界格边长 0.070312 m
2026-09-11 16:59:52,898 INFO layout_dop_baseline_028_n4 | A=575.207 m²，D=37.065 m，e=4.979 m，γmin=45.0°
2026-09-11 16:59:52,902 DEBUG 层 0：检查 40000 格，内部 0，边界 7
2026-09-11 16:59:52,903 DEBUG 层 1：检查 28 格，内部 0，边界 15
2026-09-11 16:59:52,903 DEBUG 层 2：检查 60 格，内部 5，边界 31
2026-09-11 16:59:52,903 DEBUG 层 3：检查 124 格，内部 17，边界 63
2026-09-11 16:59:52,904 DEBUG 层 4：检查 252 格，内部 44，边界 126
2026-09-11 16:59:52,905 DEBUG 层 5：检查 504 格，内部 136，边界 253
2026-09-11 16:59:52,906 DEBUG 层 6：检查 1012 格，内部 235，边界 506
2026-09-11 16:59:52,906 DEBUG 层 7：检查 2024 格，内部 509，边界 1011
2026-09-11 16:59:52,907 DEBUG 层 8：检查 4044 格，内部 1036，边界 2026
2026-09-11 16:59:52,958 DEBUG 求解结束：sampled；可行点 6933，叶格 4008，边界格边长 0.070312 m
2026-09-11 16:59:52,959 INFO layout_random_029_n4 | A=329.481 m²，D=49.039 m，e=16.603 m，γmin=15.0°
2026-09-11 16:59:52,963 DEBUG 层 0：检查 40000 格，内部 0，边界 3
2026-09-11 16:59:52,963 DEBUG 层 1：检查 12 格，内部 0，边界 6
2026-09-11 16:59:52,963 DEBUG 层 2：检查 24 格，内部 0，边界 12
2026-09-11 16:59:52,964 DEBUG 层 3：检查 48 格，内部 3，边界 22
2026-09-11 16:59:52,964 DEBUG 层 4：检查 88 格，内部 18，边界 46
2026-09-11 16:59:52,964 DEBUG 层 5：检查 184 格，内部 40，边界 91
2026-09-11 16:59:52,964 DEBUG 层 6：检查 364 格，内部 119，边界 185
2026-09-11 16:59:52,964 DEBUG 层 7：检查 740 格，内部 155，边界 369
2026-09-11 16:59:52,964 DEBUG 层 8：检查 1476 格，内部 196，边界 736
2026-09-11 16:59:52,979 DEBUG 求解结束：sampled；可行点 2126，叶格 1267，边界格边长 0.070312 m
2026-09-11 16:59:52,979 INFO layout_uniform_029_n4 | A=67.101 m²，D=14.205 m，e=3.849 m，γmin=0.0°
2026-09-11 16:59:52,985 DEBUG 层 0：检查 40000 格，内部 0，边界 4
2026-09-11 16:59:52,986 DEBUG 层 1：检查 16 格，内部 0，边界 6
2026-09-11 16:59:52,986 DEBUG 层 2：检查 24 格，内部 0，边界 9
2026-09-11 16:59:52,986 DEBUG 层 3：检查 36 格，内部 2，边界 18
2026-09-11 16:59:52,987 DEBUG 层 4：检查 72 格，内部 8，边界 33
2026-09-11 16:59:52,987 DEBUG 层 5：检查 132 格，内部 17，边界 63
2026-09-11 16:59:52,987 DEBUG 层 6：检查 252 格，内部 96，边界 132
2026-09-11 16:59:52,987 DEBUG 层 7：检查 528 格，内部 126，边界 264
2026-09-11 16:59:52,988 DEBUG 层 8：检查 1056 格，内部 86，边界 522
2026-09-11 16:59:52,998 DEBUG 求解结束：sampled；可行点 1327，叶格 857，边界格边长 0.070312 m
2026-09-11 16:59:52,999 INFO layout_optimized_029_n4 | A=37.858 m²，D=12.094 m，e=0.070 m，γmin=45.0°
2026-09-11 16:59:53,007 DEBUG 层 0：检查 40000 格，内部 0，边界 5
2026-09-11 16:59:53,007 DEBUG 层 1：检查 20 格，内部 1，边界 12
2026-09-11 16:59:53,007 DEBUG 层 2：检查 48 格，内部 6，边界 24
2026-09-11 16:59:53,007 DEBUG 层 3：检查 96 格，内部 24，边界 49
2026-09-11 16:59:53,008 DEBUG 层 4：检查 196 格，内部 43，边界 99
2026-09-11 16:59:53,008 DEBUG 层 5：检查 396 格，内部 123，边界 199
2026-09-11 16:59:53,008 DEBUG 层 6：检查 796 格，内部 249，边界 397
2026-09-11 16:59:53,008 DEBUG 层 7：检查 1588 格，内部 351，边界 793
2026-09-11 16:59:53,009 DEBUG 层 8：检查 3172 格，内部 831，边界 1584
2026-09-11 16:59:53,056 DEBUG 求解结束：sampled；可行点 5651，叶格 3212，边界格边长 0.070312 m
2026-09-11 16:59:53,057 INFO layout_dop_baseline_029_n4 | A=455.419 m²，D=35.458 m，e=16.228 m，γmin=45.0°
2026-09-11 16:59:53,057 INFO 开始实验模块：experiment.point_number
2026-09-11 16:59:53,061 DEBUG 层 0：检查 40000 格，内部 0，边界 10
2026-09-11 16:59:53,062 DEBUG 层 1：检查 40 格，内部 8，边界 18
2026-09-11 16:59:53,062 DEBUG 层 2：检查 72 格，内部 12，边界 38
2026-09-11 16:59:53,062 DEBUG 层 3：检查 152 格，内部 31，边界 78
2026-09-11 16:59:53,062 DEBUG 层 4：检查 312 格，内部 75，边界 154
2026-09-11 16:59:53,062 DEBUG 层 5：检查 616 格，内部 151，边界 307
2026-09-11 16:59:53,062 DEBUG 层 6：检查 1228 格，内部 308，边界 613
2026-09-11 16:59:53,063 DEBUG 层 7：检查 2452 格，内部 615，边界 1229
2026-09-11 16:59:53,063 DEBUG 层 8：检查 4916 格，内部 1226，边界 2457
2026-09-11 16:59:53,133 DEBUG 求解结束：sampled；可行点 8496，叶格 4883，边界格边长 0.070312 m
2026-09-11 16:59:53,135 INFO number_optimized_000_n2 | A=1245.298 m²，D=50.134 m，e=12.554 m，γmin=90.0°
2026-09-11 16:59:53,143 DEBUG 层 0：检查 40000 格，内部 0，边界 7
2026-09-11 16:59:53,144 DEBUG 层 1：检查 28 格，内部 2，边界 15
2026-09-11 16:59:53,144 DEBUG 层 2：检查 60 格，内部 8，边界 32
2026-09-11 16:59:53,144 DEBUG 层 3：检查 128 格，内部 23，边界 67
2026-09-11 16:59:53,145 DEBUG 层 4：检查 268 格，内部 60，边界 134
2026-09-11 16:59:53,146 DEBUG 层 5：检查 536 格，内部 124，边界 269
2026-09-11 16:59:53,146 DEBUG 层 6：检查 1076 格，内部 253，边界 537
2026-09-11 16:59:53,147 DEBUG 层 7：检查 2148 格，内部 523，边界 1078
2026-09-11 16:59:53,148 DEBUG 层 8：检查 4312 格，内部 1076，边界 2157
2026-09-11 16:59:53,212 DEBUG 求解结束：sampled；可行点 7327，叶格 4226，边界格边长 0.070312 m
2026-09-11 16:59:53,213 INFO number_optimized_000_n3 | A=601.873 m²，D=49.084 m，e=5.090 m，γmin=45.0°
2026-09-11 16:59:53,217 DEBUG 层 0：检查 40000 格，内部 0，边界 6
2026-09-11 16:59:53,218 DEBUG 层 1：检查 24 格，内部 0，边界 12
2026-09-11 16:59:53,218 DEBUG 层 2：检查 48 格，内部 8，边界 25
2026-09-11 16:59:53,218 DEBUG 层 3：检查 100 格，内部 22，边界 52
2026-09-11 16:59:53,218 DEBUG 层 4：检查 208 格，内部 45，边界 104
2026-09-11 16:59:53,218 DEBUG 层 5：检查 416 格，内部 95，边界 206
2026-09-11 16:59:53,218 DEBUG 层 6：检查 824 格，内部 195，边界 412
2026-09-11 16:59:53,219 DEBUG 层 7：检查 1648 格，内部 400，边界 826
2026-09-11 16:59:53,219 DEBUG 层 8：检查 3304 格，内部 814，边界 1653
2026-09-11 16:59:53,258 DEBUG 求解结束：sampled；可行点 5598，叶格 3232，边界格边长 0.070312 m
2026-09-11 16:59:53,260 INFO number_optimized_000_n4 | A=395.859 m²，D=34.829 m，e=10.018 m，γmin=45.0°
2026-09-11 16:59:53,265 DEBUG 层 0：检查 40000 格，内部 0，边界 6
2026-09-11 16:59:53,266 DEBUG 层 1：检查 24 格，内部 0，边界 12
2026-09-11 16:59:53,266 DEBUG 层 2：检查 48 格，内部 8，边界 25
2026-09-11 16:59:53,266 DEBUG 层 3：检查 100 格，内部 22，边界 52
2026-09-11 16:59:53,266 DEBUG 层 4：检查 208 格，内部 45，边界 104
2026-09-11 16:59:53,267 DEBUG 层 5：检查 416 格，内部 95，边界 206
2026-09-11 16:59:53,267 DEBUG 层 6：检查 824 格，内部 195，边界 412
2026-09-11 16:59:53,267 DEBUG 层 7：检查 1648 格，内部 400，边界 826
2026-09-11 16:59:53,268 DEBUG 层 8：检查 3304 格，内部 814，边界 1653
2026-09-11 16:59:53,318 DEBUG 求解结束：sampled；可行点 5598，叶格 3232，边界格边长 0.070312 m
2026-09-11 16:59:53,320 INFO number_optimized_000_n5 | A=395.859 m²，D=34.829 m，e=10.018 m，γmin=15.0°
2026-09-11 16:59:53,324 DEBUG 层 0：检查 40000 格，内部 0，边界 5
2026-09-11 16:59:53,325 DEBUG 层 1：检查 20 格，内部 0，边界 10
2026-09-11 16:59:53,325 DEBUG 层 2：检查 40 格，内部 5，边界 19
2026-09-11 16:59:53,325 DEBUG 层 3：检查 76 格，内部 14，边界 41
2026-09-11 16:59:53,325 DEBUG 层 4：检查 164 格，内部 39，边界 80
2026-09-11 16:59:53,326 DEBUG 层 5：检查 320 格，内部 74，边界 158
2026-09-11 16:59:53,326 DEBUG 层 6：检查 632 格，内部 151，边界 317
2026-09-11 16:59:53,326 DEBUG 层 7：检查 1268 格，内部 312，边界 633
2026-09-11 16:59:53,327 DEBUG 层 8：检查 2532 格，内部 625，边界 1266
2026-09-11 16:59:53,366 DEBUG 求解结束：sampled；可行点 4305，叶格 2486，边界格边长 0.070312 m
2026-09-11 16:59:53,367 INFO number_optimized_000_n6 | A=272.280 m²，D=26.362 m，e=6.097 m，γmin=15.0°
2026-09-11 16:59:53,373 DEBUG 层 0：检查 40000 格，内部 1，边界 9
2026-09-11 16:59:53,374 DEBUG 层 1：检查 36 格，内部 3，边界 18
2026-09-11 16:59:53,374 DEBUG 层 2：检查 72 格，内部 14，边界 39
2026-09-11 16:59:53,374 DEBUG 层 3：检查 156 格，内部 34，边界 76
2026-09-11 16:59:53,374 DEBUG 层 4：检查 304 格，内部 70，边界 152
2026-09-11 16:59:53,374 DEBUG 层 5：检查 608 格，内部 143，边界 304
2026-09-11 16:59:53,375 DEBUG 层 6：检查 1216 格，内部 306，边界 608
2026-09-11 16:59:53,376 DEBUG 层 7：检查 2432 格，内部 599，边界 1215
2026-09-11 16:59:53,377 DEBUG 层 8：检查 4860 格，内部 1207，边界 2432
2026-09-11 16:59:53,447 DEBUG 求解结束：sampled；可行点 8365，叶格 4809，边界格边长 0.070312 m
2026-09-11 16:59:53,449 INFO number_optimized_001_n2 | A=1210.417 m²，D=49.281 m，e=15.914 m，γmin=90.0°
2026-09-11 16:59:53,453 DEBUG 层 0：检查 40000 格，内部 1，边界 8
2026-09-11 16:59:53,454 DEBUG 层 1：检查 32 格，内部 3，边界 17
2026-09-11 16:59:53,454 DEBUG 层 2：检查 68 格，内部 9，边界 38
2026-09-11 16:59:53,454 DEBUG 层 3：检查 152 格，内部 36，边界 72
2026-09-11 16:59:53,454 DEBUG 层 4：检查 288 格，内部 66，边界 142
2026-09-11 16:59:53,454 DEBUG 层 5：检查 568 格，内部 124，边界 286
2026-09-11 16:59:53,455 DEBUG 层 6：检查 1144 格，内部 290，边界 570
2026-09-11 16:59:53,455 DEBUG 层 7：检查 2280 格，内部 565，边界 1140
2026-09-11 16:59:53,455 DEBUG 层 8：检查 4560 格，内部 1133，边界 2281
2026-09-11 16:59:53,520 DEBUG 求解结束：sampled；可行点 7844，叶格 4508，边界格边长 0.070312 m
2026-09-11 16:59:53,523 INFO number_optimized_001_n3 | A=1105.126 m²，D=49.281 m，e=16.031 m，γmin=45.0°
2026-09-11 16:59:53,527 DEBUG 层 0：检查 40000 格，内部 0，边界 5
2026-09-11 16:59:53,527 DEBUG 层 1：检查 20 格，内部 0，边界 12
2026-09-11 16:59:53,527 DEBUG 层 2：检查 48 格，内部 7，边界 26
2026-09-11 16:59:53,527 DEBUG 层 3：检查 104 格，内部 21，边界 49
2026-09-11 16:59:53,528 DEBUG 层 4：检查 196 格，内部 42，边界 100
2026-09-11 16:59:53,528 DEBUG 层 5：检查 400 格，内部 90，边界 200
2026-09-11 16:59:53,528 DEBUG 层 6：检查 800 格，内部 202，边界 398
2026-09-11 16:59:53,528 DEBUG 层 7：检查 1592 格，内部 393，边界 796
2026-09-11 16:59:53,529 DEBUG 层 8：检查 3184 格，内部 785，边界 1591
2026-09-11 16:59:53,577 DEBUG 求解结束：sampled；可行点 5428，叶格 3131，边界格边长 0.070312 m
2026-09-11 16:59:53,580 INFO number_optimized_001_n4 | A=365.107 m²，D=34.694 m，e=8.294 m，γmin=45.0°
2026-09-11 16:59:53,587 DEBUG 层 0：检查 40000 格，内部 0，边界 5
2026-09-11 16:59:53,587 DEBUG 层 1：检查 20 格，内部 0，边界 12
2026-09-11 16:59:53,587 DEBUG 层 2：检查 48 格，内部 7，边界 23
2026-09-11 16:59:53,587 DEBUG 层 3：检查 92 格，内部 20，边界 46
2026-09-11 16:59:53,587 DEBUG 层 4：检查 184 格，内部 41，边界 94
2026-09-11 16:59:53,588 DEBUG 层 5：检查 376 格，内部 80，边界 188
2026-09-11 16:59:53,588 DEBUG 层 6：检查 752 格，内部 195，边界 375
2026-09-11 16:59:53,588 DEBUG 层 7：检查 1500 格，内部 377，边界 748
2026-09-11 16:59:53,589 DEBUG 层 8：检查 2992 格，内部 742，边界 1498
2026-09-11 16:59:53,627 DEBUG 求解结束：sampled；可行点 5134，叶格 2960，边界格边长 0.070312 m
2026-09-11 16:59:53,628 INFO number_optimized_001_n5 | A=354.069 m²，D=31.767 m，e=7.796 m，γmin=15.0°
2026-09-11 16:59:53,633 DEBUG 层 0：检查 40000 格，内部 0，边界 5
2026-09-11 16:59:53,634 DEBUG 层 1：检查 20 格，内部 0，边界 11
2026-09-11 16:59:53,634 DEBUG 层 2：检查 44 格，内部 6，边界 21
2026-09-11 16:59:53,634 DEBUG 层 3：检查 84 格，内部 17，边界 44
2026-09-11 16:59:53,635 DEBUG 层 4：检查 176 格，内部 39，边界 89
2026-09-11 16:59:53,636 DEBUG 层 5：检查 356 格，内部 79，边界 176
2026-09-11 16:59:53,636 DEBUG 层 6：检查 704 格，内部 183，边界 353
2026-09-11 16:59:53,637 DEBUG 层 7：检查 1412 格，内部 363，边界 705
2026-09-11 16:59:53,638 DEBUG 层 8：检查 2820 格，内部 701，边界 1411
2026-09-11 16:59:53,683 DEBUG 求解结束：sampled；可行点 4860，叶格 2799，边界格边长 0.070312 m
2026-09-11 16:59:53,684 INFO number_optimized_001_n6 | A=313.917 m²，D=31.767 m，e=8.142 m，γmin=15.0°
2026-09-11 16:59:53,688 DEBUG 层 0：检查 40000 格，内部 0，边界 11
2026-09-11 16:59:53,688 DEBUG 层 1：检查 44 格，内部 6，边界 22
2026-09-11 16:59:53,688 DEBUG 层 2：检查 88 格，内部 17，边界 44
2026-09-11 16:59:53,688 DEBUG 层 3：检查 176 格，内部 40，边界 84
2026-09-11 16:59:53,689 DEBUG 层 4：检查 336 格，内部 74，边界 171
2026-09-11 16:59:53,689 DEBUG 层 5：检查 684 格，内部 168，边界 341
2026-09-11 16:59:53,689 DEBUG 层 6：检查 1364 格，内部 337，边界 684
2026-09-11 16:59:53,689 DEBUG 层 7：检查 2736 格，内部 683，边界 1366
2026-09-11 16:59:53,691 DEBUG 层 8：检查 5464 格，内部 1350，边界 2730
2026-09-11 16:59:53,773 DEBUG 求解结束：sampled；可行点 9404，叶格 5405，边界格边长 0.070312 m
2026-09-11 16:59:53,774 INFO number_optimized_002_n2 | A=1239.785 m²，D=49.896 m，e=9.115 m，γmin=90.0°
2026-09-11 16:59:53,778 DEBUG 层 0：检查 40000 格，内部 0，边界 10
2026-09-11 16:59:53,779 DEBUG 层 1：检查 40 格，内部 5，边界 18
2026-09-11 16:59:53,779 DEBUG 层 2：检查 72 格，内部 12，边界 38
2026-09-11 16:59:53,779 DEBUG 层 3：检查 152 格，内部 32，边界 74
2026-09-11 16:59:53,779 DEBUG 层 4：检查 296 格，内部 61，边界 150
2026-09-11 16:59:53,779 DEBUG 层 5：检查 600 格，内部 153，边界 298
2026-09-11 16:59:53,780 DEBUG 层 6：检查 1192 格，内部 307，边界 599
2026-09-11 16:59:53,780 DEBUG 层 7：检查 2396 格，内部 616，边界 1197
2026-09-11 16:59:53,780 DEBUG 层 8：检查 4788 格，内部 1161，边界 2393
2026-09-11 16:59:53,851 DEBUG 求解结束：sampled；可行点 8249，叶格 4740，边界格边长 0.070312 m
2026-09-11 16:59:53,854 INFO number_optimized_002_n3 | A=989.525 m²，D=49.287 m，e=5.870 m，γmin=45.0°
2026-09-11 16:59:53,857 DEBUG 层 0：检查 40000 格，内部 0，边界 8
2026-09-11 16:59:53,858 DEBUG 层 1：检查 32 格，内部 3，边界 15
2026-09-11 16:59:53,858 DEBUG 层 2：检查 60 格，内部 9，边界 32
2026-09-11 16:59:53,858 DEBUG 层 3：检查 128 格，内部 30，边界 61
2026-09-11 16:59:53,858 DEBUG 层 4：检查 244 格，内部 48，边界 126
2026-09-11 16:59:53,858 DEBUG 层 5：检查 504 格，内部 134，边界 248
2026-09-11 16:59:53,859 DEBUG 层 6：检查 992 格，内部 257，边界 498
2026-09-11 16:59:53,859 DEBUG 层 7：检查 1992 格，内部 514，边界 995
2026-09-11 16:59:53,859 DEBUG 层 8：检查 3980 格，内部 957，边界 1988
2026-09-11 16:59:53,915 DEBUG 求解结束：sampled；可行点 6850，叶格 3940，边界格边长 0.070312 m
2026-09-11 16:59:53,916 INFO number_optimized_002_n4 | A=725.195 m²，D=37.287 m，e=4.356 m，γmin=45.0°
2026-09-11 16:59:53,921 DEBUG 层 0：检查 40000 格，内部 0，边界 7
2026-09-11 16:59:53,921 DEBUG 层 1：检查 28 格，内部 2，边界 12
2026-09-11 16:59:53,921 DEBUG 层 2：检查 48 格，内部 5，边界 27
2026-09-11 16:59:53,921 DEBUG 层 3：检查 108 格，内部 24，边界 50
2026-09-11 16:59:53,921 DEBUG 层 4：检查 200 格，内部 37，边界 103
2026-09-11 16:59:53,921 DEBUG 层 5：检查 412 格，内部 111，边界 204
2026-09-11 16:59:53,923 DEBUG 层 6：检查 816 格，内部 208，边界 412
2026-09-11 16:59:53,923 DEBUG 层 7：检查 1648 格，内部 430，边界 820
2026-09-11 16:59:53,923 DEBUG 层 8：检查 3280 格，内部 786，边界 1641
2026-09-11 16:59:53,966 DEBUG 求解结束：sampled；可行点 5633，叶格 3244，边界格边长 0.070312 m
2026-09-11 16:59:53,968 INFO number_optimized_002_n5 | A=503.542 m²，D=33.655 m，e=9.184 m，γmin=15.0°
2026-09-11 16:59:53,976 DEBUG 层 0：检查 40000 格，内部 0，边界 5
2026-09-11 16:59:53,976 DEBUG 层 1：检查 20 格，内部 1，边界 9
2026-09-11 16:59:53,977 DEBUG 层 2：检查 36 格，内部 5，边界 22
2026-09-11 16:59:53,977 DEBUG 层 3：检查 88 格，内部 24，边界 42
2026-09-11 16:59:53,977 DEBUG 层 4：检查 168 格，内部 27，边界 87
2026-09-11 16:59:53,977 DEBUG 层 5：检查 348 格，内部 104，边界 172
2026-09-11 16:59:53,978 DEBUG 层 6：检查 688 格，内部 193，边界 346
2026-09-11 16:59:53,978 DEBUG 层 7：检查 1384 格，内部 377，边界 688
2026-09-11 16:59:53,979 DEBUG 层 8：检查 2752 格，内部 655，边界 1377
2026-09-11 16:59:54,019 DEBUG 求解结束：sampled；可行点 4801，叶格 2763，边界格边长 0.070312 m
2026-09-11 16:59:54,021 INFO number_optimized_002_n6 | A=403.365 m²，D=29.922 m，e=8.254 m，γmin=15.0°
2026-09-11 16:59:54,025 DEBUG 层 0：检查 40000 格，内部 0，边界 11
2026-09-11 16:59:54,026 DEBUG 层 1：检查 44 格，内部 7，边界 22
2026-09-11 16:59:54,026 DEBUG 层 2：检查 88 格，内部 14，边界 43
2026-09-11 16:59:54,026 DEBUG 层 3：检查 172 格，内部 35，边界 87
2026-09-11 16:59:54,026 DEBUG 层 4：检查 348 格，内部 81，边界 171
2026-09-11 16:59:54,026 DEBUG 层 5：检查 684 格，内部 168，边界 342
2026-09-11 16:59:54,026 DEBUG 层 6：检查 1368 格，内部 327，边界 685
2026-09-11 16:59:54,027 DEBUG 层 7：检查 2740 格，内部 696，边界 1371
2026-09-11 16:59:54,027 DEBUG 层 8：检查 5484 格，内部 1335，边界 2739
2026-09-11 16:59:54,103 DEBUG 求解结束：sampled；可行点 9386，叶格 5402，边界格边长 0.070312 m
2026-09-11 16:59:54,104 INFO number_optimized_003_n2 | A=1242.935 m²，D=50.007 m，e=15.347 m，γmin=90.0°
2026-09-11 16:59:54,108 DEBUG 层 0：检查 40000 格，内部 0，边界 7
2026-09-11 16:59:54,108 DEBUG 层 1：检查 28 格，内部 0，边界 16
2026-09-11 16:59:54,108 DEBUG 层 2：检查 64 格，内部 11，边界 32
2026-09-11 16:59:54,109 DEBUG 层 3：检查 128 格，内部 26，边界 65
2026-09-11 16:59:54,109 DEBUG 层 4：检查 260 格，内部 61，边界 126
2026-09-11 16:59:54,109 DEBUG 层 5：检查 504 格，内部 114，边界 254
2026-09-11 16:59:54,109 DEBUG 层 6：检查 1016 格，内部 247，边界 508
2026-09-11 16:59:54,110 DEBUG 层 7：检查 2032 格，内部 505，边界 1014
2026-09-11 16:59:54,111 DEBUG 层 8：检查 4056 格，内部 996，边界 2029
2026-09-11 16:59:54,169 DEBUG 求解结束：sampled；可行点 6905，叶格 3989，边界格边长 0.070312 m
2026-09-11 16:59:54,170 INFO number_optimized_003_n3 | A=512.071 m²，D=45.440 m，e=11.574 m，γmin=45.0°
2026-09-11 16:59:54,174 DEBUG 层 0：检查 40000 格，内部 0，边界 3
2026-09-11 16:59:54,175 DEBUG 层 1：检查 12 格，内部 0，边界 7
2026-09-11 16:59:54,175 DEBUG 层 2：检查 28 格，内部 0，边界 13
2026-09-11 16:59:54,175 DEBUG 层 3：检查 52 格，内部 6，边界 26
2026-09-11 16:59:54,175 DEBUG 层 4：检查 104 格，内部 20，边界 51
2026-09-11 16:59:54,175 DEBUG 层 5：检查 204 格，内部 44，边界 101
2026-09-11 16:59:54,175 DEBUG 层 6：检查 404 格，内部 99，边界 204
2026-09-11 16:59:54,176 DEBUG 层 7：检查 816 格，内部 199，边界 406
2026-09-11 16:59:54,177 DEBUG 层 8：检查 1624 格，内部 396，边界 813
2026-09-11 16:59:54,201 DEBUG 求解结束：sampled；可行点 2698，叶格 1577，边界格边长 0.070312 m
2026-09-11 16:59:54,202 INFO number_optimized_003_n4 | A=87.297 m²，D=18.441 m，e=4.255 m，γmin=45.0°
2026-09-11 16:59:54,207 DEBUG 层 0：检查 40000 格，内部 0，边界 3
2026-09-11 16:59:54,208 DEBUG 层 1：检查 12 格，内部 0，边界 6
2026-09-11 16:59:54,208 DEBUG 层 2：检查 24 格，内部 0，边界 11
2026-09-11 16:59:54,209 DEBUG 层 3：检查 44 格，内部 5，边界 22
2026-09-11 16:59:54,209 DEBUG 层 4：检查 88 格，内部 13，边界 45
2026-09-11 16:59:54,210 DEBUG 层 5：检查 180 格，内部 39，边界 89
2026-09-11 16:59:54,210 DEBUG 层 6：检查 356 格，内部 87，边界 180
2026-09-11 16:59:54,211 DEBUG 层 7：检查 720 格，内部 172，边界 359
2026-09-11 16:59:54,211 DEBUG 层 8：检查 1436 格，内部 353，边界 718
2026-09-11 16:59:54,231 DEBUG 求解结束：sampled；可行点 2370，叶格 1387，边界格边长 0.070312 m
2026-09-11 16:59:54,232 INFO number_optimized_003_n5 | A=69.626 m²，D=14.582 m，e=3.023 m，γmin=15.0°
2026-09-11 16:59:54,237 DEBUG 层 0：检查 40000 格，内部 0，边界 3
2026-09-11 16:59:54,237 DEBUG 层 1：检查 12 格，内部 0，边界 6
2026-09-11 16:59:54,237 DEBUG 层 2：检查 24 格，内部 0，边界 11
2026-09-11 16:59:54,237 DEBUG 层 3：检查 44 格，内部 5，边界 22
2026-09-11 16:59:54,238 DEBUG 层 4：检查 88 格，内部 13，边界 45
2026-09-11 16:59:54,238 DEBUG 层 5：检查 180 格，内部 39，边界 89
2026-09-11 16:59:54,238 DEBUG 层 6：检查 356 格，内部 87，边界 180
2026-09-11 16:59:54,238 DEBUG 层 7：检查 720 格，内部 172，边界 359
2026-09-11 16:59:54,239 DEBUG 层 8：检查 1436 格，内部 353，边界 718
2026-09-11 16:59:54,261 DEBUG 求解结束：sampled；可行点 2370，叶格 1387，边界格边长 0.070312 m
2026-09-11 16:59:54,262 INFO number_optimized_003_n6 | A=69.626 m²，D=14.582 m，e=3.023 m，γmin=15.0°
2026-09-11 16:59:54,266 DEBUG 层 0：检查 40000 格，内部 1，边界 12
2026-09-11 16:59:54,266 DEBUG 层 1：检查 48 格，内部 3，边界 23
2026-09-11 16:59:54,266 DEBUG 层 2：检查 92 格，内部 10，边界 43
2026-09-11 16:59:54,267 DEBUG 层 3：检查 172 格，内部 42，边界 87
2026-09-11 16:59:54,267 DEBUG 层 4：检查 348 格，内部 100，边界 176
2026-09-11 16:59:54,267 DEBUG 层 5：检查 704 格，内部 181，边界 350
2026-09-11 16:59:54,267 DEBUG 层 6：检查 1400 格，内部 343，边界 702
2026-09-11 16:59:54,268 DEBUG 层 7：检查 2808 格，内部 661，边界 1405
2026-09-11 16:59:54,268 DEBUG 层 8：检查 5620 格，内部 1401，边界 2809
2026-09-11 16:59:54,346 DEBUG 求解结束：sampled；可行点 9652，叶格 5551，边界格边长 0.070312 m
2026-09-11 16:59:54,347 INFO number_optimized_004_n2 | A=1226.790 m²，D=49.359 m，e=10.632 m，γmin=90.0°
2026-09-11 16:59:54,352 DEBUG 层 0：检查 40000 格，内部 1，边界 10
2026-09-11 16:59:54,352 DEBUG 层 1：检查 40 格，内部 1，边界 18
2026-09-11 16:59:54,353 DEBUG 层 2：检查 72 格，内部 12，边界 36
2026-09-11 16:59:54,353 DEBUG 层 3：检查 144 格，内部 44，边界 75
2026-09-11 16:59:54,353 DEBUG 层 4：检查 300 格，内部 98，边界 152
2026-09-11 16:59:54,353 DEBUG 层 5：检查 608 格，内部 155，边界 303
2026-09-11 16:59:54,353 DEBUG 层 6：检查 1212 格，内部 346，边界 605
2026-09-11 16:59:54,354 DEBUG 层 7：检查 2420 格，内部 604，边界 1208
2026-09-11 16:59:54,354 DEBUG 层 8：检查 4832 格，内部 1207，边界 2413
2026-09-11 16:59:54,424 DEBUG 求解结束：sampled；可行点 8516，叶格 4881，边界格边长 0.070312 m
2026-09-11 16:59:54,426 INFO number_optimized_004_n3 | A=1100.776 m²，D=49.259 m，e=10.641 m，γmin=45.0°
2026-09-11 16:59:54,433 DEBUG 层 0：检查 40000 格，内部 0，边界 4
2026-09-11 16:59:54,433 DEBUG 层 1：检查 16 格，内部 0，边界 8
2026-09-11 16:59:54,433 DEBUG 层 2：检查 32 格，内部 2，边界 17
2026-09-11 16:59:54,434 DEBUG 层 3：检查 68 格，内部 17，边界 38
2026-09-11 16:59:54,434 DEBUG 层 4：检查 152 格，内部 56，边界 81
2026-09-11 16:59:54,434 DEBUG 层 5：检查 324 格，内部 102，边界 164
2026-09-11 16:59:54,434 DEBUG 层 6：检查 656 格，内部 126，边界 326
2026-09-11 16:59:54,434 DEBUG 层 7：检查 1304 格，内部 212，边界 651
2026-09-11 16:59:54,435 DEBUG 层 8：检查 2604 格，内部 834，边界 1301
2026-09-11 16:59:54,467 DEBUG 求解结束：sampled；可行点 4567，叶格 2650，边界格边长 0.070312 m
2026-09-11 16:59:54,468 INFO number_optimized_004_n4 | A=253.616 m²，D=29.807 m，e=3.610 m，γmin=45.0°
2026-09-11 16:59:54,474 DEBUG 层 0：检查 40000 格，内部 0，边界 4
2026-09-11 16:59:54,474 DEBUG 层 1：检查 16 格，内部 0，边界 8
2026-09-11 16:59:54,475 DEBUG 层 2：检查 32 格，内部 2，边界 15
2026-09-11 16:59:54,475 DEBUG 层 3：检查 60 格，内部 13，边界 32
2026-09-11 16:59:54,475 DEBUG 层 4：检查 128 格，内部 44，边界 69
2026-09-11 16:59:54,476 DEBUG 层 5：检查 276 格，内部 89，边界 141
2026-09-11 16:59:54,476 DEBUG 层 6：检查 564 格，内部 104，边界 279
2026-09-11 16:59:54,477 DEBUG 层 7：检查 1116 格，内部 198，边界 558
2026-09-11 16:59:54,477 DEBUG 层 8：检查 2232 格，内部 695，边界 1116
2026-09-11 16:59:54,509 DEBUG 求解结束：sampled；可行点 3828，叶格 2261，边界格边长 0.070312 m
2026-09-11 16:59:54,513 INFO number_optimized_004_n5 | A=210.629 m²，D=24.687 m，e=4.195 m，γmin=15.0°
2026-09-11 16:59:54,520 DEBUG 层 0：检查 40000 格，内部 0，边界 4
2026-09-11 16:59:54,520 DEBUG 层 1：检查 16 格，内部 0，边界 8
2026-09-11 16:59:54,521 DEBUG 层 2：检查 32 格，内部 2，边界 15
2026-09-11 16:59:54,521 DEBUG 层 3：检查 60 格，内部 13，边界 32
2026-09-11 16:59:54,521 DEBUG 层 4：检查 128 格，内部 44，边界 69
2026-09-11 16:59:54,521 DEBUG 层 5：检查 276 格，内部 89，边界 141
2026-09-11 16:59:54,522 DEBUG 层 6：检查 564 格，内部 104，边界 279
2026-09-11 16:59:54,522 DEBUG 层 7：检查 1116 格，内部 198，边界 558
2026-09-11 16:59:54,522 DEBUG 层 8：检查 2232 格，内部 695，边界 1116
2026-09-11 16:59:54,555 DEBUG 求解结束：sampled；可行点 3828，叶格 2261，边界格边长 0.070312 m
2026-09-11 16:59:54,556 INFO number_optimized_004_n6 | A=210.629 m²，D=24.687 m，e=4.195 m，γmin=15.0°
2026-09-11 16:59:54,560 DEBUG 层 0：检查 40000 格，内部 0，边界 12
2026-09-11 16:59:54,560 DEBUG 层 1：检查 48 格，内部 8，边界 24
2026-09-11 16:59:54,560 DEBUG 层 2：检查 96 格，内部 8，边界 44
2026-09-11 16:59:54,560 DEBUG 层 3：检查 176 格，内部 40，边界 88
2026-09-11 16:59:54,560 DEBUG 层 4：检查 352 格，内部 75，边界 176
2026-09-11 16:59:54,561 DEBUG 层 5：检查 704 格，内部 199，边界 352
2026-09-11 16:59:54,561 DEBUG 层 6：检查 1408 格，内部 401，边界 704
2026-09-11 16:59:54,561 DEBUG 层 7：检查 2816 格，内部 696，边界 1409
2026-09-11 16:59:54,562 DEBUG 层 8：检查 5636 格，内部 1390，边界 2820
2026-09-11 16:59:54,641 DEBUG 求解结束：sampled；可行点 9816，叶格 5637，边界格边长 0.070312 m
2026-09-11 16:59:54,643 INFO number_optimized_005_n2 | A=1236.385 m²，D=49.746 m，e=12.306 m，γmin=90.0°
2026-09-11 16:59:54,649 DEBUG 层 0：检查 40000 格，内部 0，边界 6
2026-09-11 16:59:54,649 DEBUG 层 1：检查 24 格，内部 0，边界 12
2026-09-11 16:59:54,650 DEBUG 层 2：检查 48 格，内部 6，边界 24
2026-09-11 16:59:54,650 DEBUG 层 3：检查 96 格，内部 32，边界 54
2026-09-11 16:59:54,650 DEBUG 层 4：检查 216 格，内部 16，边界 104
2026-09-11 16:59:54,650 DEBUG 层 5：检查 416 格，内部 157，边界 211
2026-09-11 16:59:54,651 DEBUG 层 6：检查 844 格，内部 174，边界 419
2026-09-11 16:59:54,651 DEBUG 层 7：检查 1676 格，内部 538，边界 841
2026-09-11 16:59:54,651 DEBUG 层 8：检查 3364 格，内部 1072，边界 1687
2026-09-11 16:59:54,708 DEBUG 求解结束：sampled；可行点 6462，叶格 3682，边界格边长 0.070312 m
2026-09-11 16:59:54,708 INFO number_optimized_005_n3 | A=390.456 m²，D=39.762 m，e=11.895 m，γmin=45.0°
2026-09-11 16:59:54,713 DEBUG 层 0：检查 40000 格，内部 0，边界 3
2026-09-11 16:59:54,713 DEBUG 层 1：检查 12 格，内部 0，边界 6
2026-09-11 16:59:54,713 DEBUG 层 2：检查 24 格，内部 1，边界 14
2026-09-11 16:59:54,713 DEBUG 层 3：检查 56 格，内部 17，边界 34
2026-09-11 16:59:54,713 DEBUG 层 4：检查 136 格，内部 21，边界 65
2026-09-11 16:59:54,714 DEBUG 层 5：检查 260 格，内部 76，边界 133
2026-09-11 16:59:54,714 DEBUG 层 6：检查 532 格，内部 96，边界 265
2026-09-11 16:59:54,714 DEBUG 层 7：检查 1060 格，内部 268，边界 534
2026-09-11 16:59:54,714 DEBUG 层 8：检查 2136 格，内部 590，边界 1067
2026-09-11 16:59:54,748 DEBUG 求解结束：sampled；可行点 3539，叶格 2136，边界格边长 0.070312 m
2026-09-11 16:59:54,750 INFO number_optimized_005_n4 | A=177.129 m²，D=26.252 m，e=5.999 m，γmin=45.0°
2026-09-11 16:59:54,755 DEBUG 层 0：检查 40000 格，内部 0，边界 3
2026-09-11 16:59:54,755 DEBUG 层 1：检查 12 格，内部 0，边界 6
2026-09-11 16:59:54,755 DEBUG 层 2：检查 24 格，内部 1，边界 14
2026-09-11 16:59:54,755 DEBUG 层 3：检查 56 格，内部 17，边界 33
2026-09-11 16:59:54,756 DEBUG 层 4：检查 132 格，内部 21，边界 64
2026-09-11 16:59:54,756 DEBUG 层 5：检查 256 格，内部 75，边界 129
2026-09-11 16:59:54,756 DEBUG 层 6：检查 516 格，内部 89，边界 257
2026-09-11 16:59:54,756 DEBUG 层 7：检查 1028 格，内部 271，边界 517
2026-09-11 16:59:54,756 DEBUG 层 8：检查 2068 格，内部 592，边界 1035
2026-09-11 16:59:54,785 DEBUG 求解结束：sampled；可行点 3496，叶格 2101，边界格边长 0.070312 m
2026-09-11 16:59:54,786 INFO number_optimized_005_n5 | A=176.168 m²，D=25.472 m，e=5.937 m，γmin=15.0°
2026-09-11 16:59:54,790 DEBUG 层 0：检查 40000 格，内部 0，边界 3
2026-09-11 16:59:54,791 DEBUG 层 1：检查 12 格，内部 0，边界 5
2026-09-11 16:59:54,791 DEBUG 层 2：检查 20 格，内部 1，边界 13
2026-09-11 16:59:54,791 DEBUG 层 3：检查 52 格，内部 17，边界 30
2026-09-11 16:59:54,791 DEBUG 层 4：检查 120 格，内部 20，边界 60
2026-09-11 16:59:54,791 DEBUG 层 5：检查 240 格，内部 67，边界 119
2026-09-11 16:59:54,791 DEBUG 层 6：检查 476 格，内部 77，边界 236
2026-09-11 16:59:54,792 DEBUG 层 7：检查 944 格，内部 227，边界 474
2026-09-11 16:59:54,792 DEBUG 层 8：检查 1896 格，内部 557，边界 949
2026-09-11 16:59:54,821 DEBUG 求解结束：sampled；可行点 3199，叶格 1915，边界格边长 0.070312 m
2026-09-11 16:59:54,822 INFO number_optimized_005_n6 | A=170.078 m²，D=23.401 m，e=6.273 m，γmin=15.0°
2026-09-11 16:59:54,826 DEBUG 层 0：检查 40000 格，内部 0，边界 10
2026-09-11 16:59:54,826 DEBUG 层 1：检查 40 格，内部 7，边界 18
2026-09-11 16:59:54,826 DEBUG 层 2：检查 72 格，内部 14，边界 37
2026-09-11 16:59:54,826 DEBUG 层 3：检查 148 格，内部 36，边界 76
2026-09-11 16:59:54,826 DEBUG 层 4：检查 304 格，内部 66，边界 151
2026-09-11 16:59:54,826 DEBUG 层 5：检查 604 格，内部 146，边界 303
2026-09-11 16:59:54,827 DEBUG 层 6：检查 1212 格，内部 304，边界 605
2026-09-11 16:59:54,827 DEBUG 层 7：检查 2420 格，内部 592，边界 1209
2026-09-11 16:59:54,827 DEBUG 层 8：检查 4836 格，内部 1232，边界 2417
2026-09-11 16:59:54,898 DEBUG 求解结束：sampled；可行点 8380，叶格 4814，边界格边长 0.070312 m
2026-09-11 16:59:54,899 INFO number_optimized_006_n2 | A=1216.080 m²，D=49.297 m，e=8.148 m，γmin=90.0°
2026-09-11 16:59:54,903 DEBUG 层 0：检查 40000 格，内部 0，边界 9
2026-09-11 16:59:54,903 DEBUG 层 1：检查 36 格，内部 4，边界 16
2026-09-11 16:59:54,904 DEBUG 层 2：检查 64 格，内部 10，边界 35
2026-09-11 16:59:54,904 DEBUG 层 3：检查 140 格，内部 34，边界 70
2026-09-11 16:59:54,904 DEBUG 层 4：检查 280 格，内部 65，边界 139
2026-09-11 16:59:54,904 DEBUG 层 5：检查 556 格，内部 134，边界 277
2026-09-11 16:59:54,904 DEBUG 层 6：检查 1108 格，内部 265，边界 555
2026-09-11 16:59:54,905 DEBUG 层 7：检查 2220 格，内部 534，边界 1108
2026-09-11 16:59:54,905 DEBUG 层 8：检查 4432 格，内部 1127，边界 2216
2026-09-11 16:59:54,968 DEBUG 求解结束：sampled；可行点 7630，叶格 4389，边界格边长 0.070312 m
2026-09-11 16:59:54,970 INFO number_optimized_006_n3 | A=871.096 m²，D=49.297 m，e=11.728 m，γmin=45.0°
2026-09-11 16:59:54,977 DEBUG 层 0：检查 40000 格，内部 0，边界 8
2026-09-11 16:59:54,977 DEBUG 层 1：检查 32 格，内部 3，边界 15
2026-09-11 16:59:54,977 DEBUG 层 2：检查 60 格，内部 10，边界 31
2026-09-11 16:59:54,978 DEBUG 层 3：检查 124 格，内部 27，边界 63
2026-09-11 16:59:54,978 DEBUG 层 4：检查 252 格，内部 58，边界 125
2026-09-11 16:59:54,978 DEBUG 层 5：检查 500 格，内部 118，边界 247
2026-09-11 16:59:54,978 DEBUG 层 6：检查 988 格，内部 237，边界 498
2026-09-11 16:59:54,979 DEBUG 层 7：检查 1992 格，内部 478，边界 995
2026-09-11 16:59:54,979 DEBUG 层 8：检查 3980 格，内部 1011，边界 1993
2026-09-11 16:59:55,037 DEBUG 求解结束：sampled；可行点 6840，叶格 3935，边界格边长 0.070312 m
2026-09-11 16:59:55,041 INFO number_optimized_006_n4 | A=735.794 m²，D=37.519 m，e=11.016 m，γmin=45.0°
2026-09-11 16:59:55,045 DEBUG 层 0：检查 40000 格，内部 0，边界 8
2026-09-11 16:59:55,045 DEBUG 层 1：检查 32 格，内部 3，边界 15
2026-09-11 16:59:55,045 DEBUG 层 2：检查 60 格，内部 10，边界 31
2026-09-11 16:59:55,046 DEBUG 层 3：检查 124 格，内部 27，边界 62
2026-09-11 16:59:55,046 DEBUG 层 4：检查 248 格，内部 56，边界 123
2026-09-11 16:59:55,046 DEBUG 层 5：检查 492 格，内部 116，边界 245
2026-09-11 16:59:55,046 DEBUG 层 6：检查 980 格，内部 239，边界 494
2026-09-11 16:59:55,047 DEBUG 层 7：检查 1976 格，内部 485，边界 987
2026-09-11 16:59:55,047 DEBUG 层 8：检查 3948 格，内部 979，边界 1975
2026-09-11 16:59:55,104 DEBUG 求解结束：sampled；可行点 6758，叶格 3890，边界格边长 0.070312 m
2026-09-11 16:59:55,107 INFO number_optimized_006_n5 | A=732.542 m²，D=37.519 m，e=11.040 m，γmin=15.0°
2026-09-11 16:59:55,112 DEBUG 层 0：检查 40000 格，内部 0，边界 6
2026-09-11 16:59:55,112 DEBUG 层 1：检查 24 格，内部 0，边界 12
2026-09-11 16:59:55,112 DEBUG 层 2：检查 48 格，内部 10，边界 25
2026-09-11 16:59:55,112 DEBUG 层 3：检查 100 格，内部 21，边界 50
2026-09-11 16:59:55,113 DEBUG 层 4：检查 200 格，内部 44，边界 97
2026-09-11 16:59:55,113 DEBUG 层 5：检查 388 格，内部 93，边界 197
2026-09-11 16:59:55,113 DEBUG 层 6：检查 788 格，内部 196，边界 396
2026-09-11 16:59:55,113 DEBUG 层 7：检查 1584 格，内部 398，边界 793
2026-09-11 16:59:55,114 DEBUG 层 8：检查 3172 格，内部 761，边界 1586
2026-09-11 16:59:55,160 DEBUG 求解结束：sampled；可行点 5385，叶格 3109，边界格边长 0.070312 m
2026-09-11 16:59:55,164 INFO number_optimized_006_n6 | A=428.682 m²，D=31.601 m，e=14.509 m，γmin=15.0°
2026-09-11 16:59:55,167 DEBUG 层 0：检查 40000 格，内部 1，边界 8
2026-09-11 16:59:55,168 DEBUG 层 1：检查 32 格，内部 5，边界 16
2026-09-11 16:59:55,168 DEBUG 层 2：检查 64 格，内部 8，边界 32
2026-09-11 16:59:55,168 DEBUG 层 3：检查 128 格，内部 25，边界 62
2026-09-11 16:59:55,168 DEBUG 层 4：检查 248 格，内部 103，边界 126
2026-09-11 16:59:55,168 DEBUG 层 5：检查 504 格，内部 177，边界 254
2026-09-11 16:59:55,169 DEBUG 层 6：检查 1016 格，内部 184，边界 508
2026-09-11 16:59:55,169 DEBUG 层 7：检查 2032 格，内部 399，边界 1017
2026-09-11 16:59:55,169 DEBUG 层 8：检查 4068 格，内部 1258，边界 2037
2026-09-11 16:59:55,231 DEBUG 求解结束：sampled；可行点 7605，叶格 4197，边界格边长 0.070312 m
2026-09-11 16:59:55,232 INFO number_optimized_007_n2 | A=1241.937 m²，D=50.067 m，e=17.543 m，γmin=90.0°
2026-09-11 16:59:55,235 DEBUG 层 0：检查 40000 格，内部 0，边界 8
2026-09-11 16:59:55,236 DEBUG 层 1：检查 32 格，内部 7，边界 16
2026-09-11 16:59:55,236 DEBUG 层 2：检查 64 格，内部 12，边界 32
2026-09-11 16:59:55,236 DEBUG 层 3：检查 128 格，内部 23，边界 62
2026-09-11 16:59:55,236 DEBUG 层 4：检查 248 格，内部 90，边界 126
2026-09-11 16:59:55,236 DEBUG 层 5：检查 504 格，内部 131，边界 254
2026-09-11 16:59:55,236 DEBUG 层 6：检查 1016 格，内部 220，边界 504
2026-09-11 16:59:55,237 DEBUG 层 7：检查 2016 格，内部 410，边界 1008
2026-09-11 16:59:55,237 DEBUG 层 8：检查 4032 格，内部 1191，边界 2016
2026-09-11 16:59:55,298 DEBUG 求解结束：sampled；可行点 7358，叶格 4100，边界格边长 0.070312 m
2026-09-11 16:59:55,299 INFO number_optimized_007_n3 | A=1122.351 m²，D=49.280 m，e=16.822 m，γmin=45.0°
2026-09-11 16:59:55,304 DEBUG 层 0：检查 40000 格，内部 0，边界 5
2026-09-11 16:59:55,305 DEBUG 层 1：检查 20 格，内部 1，边界 12
2026-09-11 16:59:55,305 DEBUG 层 2：检查 48 格，内部 6，边界 24
2026-09-11 16:59:55,305 DEBUG 层 3：检查 96 格，内部 14，边界 47
2026-09-11 16:59:55,305 DEBUG 层 4：检查 188 格，内部 51，边界 95
2026-09-11 16:59:55,306 DEBUG 层 5：检查 380 格，内部 139，边界 192
2026-09-11 16:59:55,306 DEBUG 层 6：检查 768 格，内部 128，边界 384
2026-09-11 16:59:55,306 DEBUG 层 7：检查 1536 格，内部 275，边界 768
2026-09-11 16:59:55,307 DEBUG 层 8：检查 3072 格，内部 948，边界 1537
2026-09-11 16:59:55,348 DEBUG 求解结束：sampled；可行点 5583，叶格 3099，边界格边长 0.070312 m
2026-09-11 16:59:55,349 INFO number_optimized_007_n4 | A=408.987 m²，D=35.442 m，e=11.017 m，γmin=45.0°
2026-09-11 16:59:55,353 DEBUG 层 0：检查 40000 格，内部 0，边界 4
2026-09-11 16:59:55,353 DEBUG 层 1：检查 16 格，内部 0，边界 10
2026-09-11 16:59:55,353 DEBUG 层 2：检查 40 格，内部 6，边界 19
2026-09-11 16:59:55,354 DEBUG 层 3：检查 76 格，内部 8，边界 38
2026-09-11 16:59:55,354 DEBUG 层 4：检查 152 格，内部 40，边界 77
2026-09-11 16:59:55,354 DEBUG 层 5：检查 308 格，内部 102，边界 154
2026-09-11 16:59:55,354 DEBUG 层 6：检查 616 格，内部 91，边界 309
2026-09-11 16:59:55,355 DEBUG 层 7：检查 1236 格，内部 227，边界 619
2026-09-11 16:59:55,356 DEBUG 层 8：检查 2476 格，内部 791，边界 1240
2026-09-11 16:59:55,395 DEBUG 求解结束：sampled；可行点 4541，叶格 2505，边界格边长 0.070312 m
2026-09-11 16:59:55,396 INFO number_optimized_007_n5 | A=265.986 m²，D=29.218 m，e=6.423 m，γmin=15.0°
2026-09-11 16:59:55,401 DEBUG 层 0：检查 40000 格，内部 0，边界 4
2026-09-11 16:59:55,401 DEBUG 层 1：检查 16 格，内部 0，边界 10
2026-09-11 16:59:55,401 DEBUG 层 2：检查 40 格，内部 6，边界 19
2026-09-11 16:59:55,401 DEBUG 层 3：检查 76 格，内部 8，边界 38
2026-09-11 16:59:55,401 DEBUG 层 4：检查 152 格，内部 40，边界 77
2026-09-11 16:59:55,402 DEBUG 层 5：检查 308 格，内部 102，边界 154
2026-09-11 16:59:55,402 DEBUG 层 6：检查 616 格，内部 91，边界 309
2026-09-11 16:59:55,402 DEBUG 层 7：检查 1236 格，内部 227，边界 619
2026-09-11 16:59:55,403 DEBUG 层 8：检查 2476 格，内部 791，边界 1240
2026-09-11 16:59:55,443 DEBUG 求解结束：sampled；可行点 4541，叶格 2505，边界格边长 0.070312 m
2026-09-11 16:59:55,446 INFO number_optimized_007_n6 | A=265.986 m²，D=29.218 m，e=6.423 m，γmin=15.0°
2026-09-11 16:59:55,451 DEBUG 层 0：检查 40000 格，内部 1，边界 8
2026-09-11 16:59:55,451 DEBUG 层 1：检查 32 格，内部 5，边界 16
2026-09-11 16:59:55,451 DEBUG 层 2：检查 64 格，内部 6，边界 32
2026-09-11 16:59:55,451 DEBUG 层 3：检查 128 格，内部 28，边界 63
2026-09-11 16:59:55,451 DEBUG 层 4：检查 252 格，内部 98，边界 128
2026-09-11 16:59:55,451 DEBUG 层 5：检查 512 格，内部 140，边界 252
2026-09-11 16:59:55,452 DEBUG 层 6：检查 1008 格，内部 253，边界 504
2026-09-11 16:59:55,452 DEBUG 层 7：检查 2016 格，内部 498，边界 1004
2026-09-11 16:59:55,452 DEBUG 层 8：检查 4016 格，内部 984，边界 2005
2026-09-11 16:59:55,512 DEBUG 求解结束：sampled；可行点 7006，叶格 4018，边界格边长 0.070312 m
2026-09-11 16:59:55,514 INFO number_optimized_008_n2 | A=1204.974 m²，D=49.271 m，e=10.746 m，γmin=90.0°
2026-09-11 16:59:55,518 DEBUG 层 0：检查 40000 格，内部 0，边界 8
2026-09-11 16:59:55,519 DEBUG 层 1：检查 32 格，内部 6，边界 16
2026-09-11 16:59:55,519 DEBUG 层 2：检查 64 格，内部 8，边界 32
2026-09-11 16:59:55,519 DEBUG 层 3：检查 128 格，内部 32，边界 63
2026-09-11 16:59:55,519 DEBUG 层 4：检查 252 格，内部 93，边界 128
2026-09-11 16:59:55,519 DEBUG 层 5：检查 512 格，内部 131，边界 252
2026-09-11 16:59:55,519 DEBUG 层 6：检查 1008 格，内部 243，边界 504
2026-09-11 16:59:55,520 DEBUG 层 7：检查 2016 格，内部 491，边界 1004
2026-09-11 16:59:55,520 DEBUG 层 8：检查 4016 格，内部 987，边界 2005
2026-09-11 16:59:55,576 DEBUG 求解结束：sampled；可行点 6972，叶格 3996，边界格边长 0.070312 m
2026-09-11 16:59:55,577 INFO number_optimized_008_n3 | A=1012.625 m²，D=49.271 m，e=7.882 m，γmin=45.0°
2026-09-11 16:59:55,582 DEBUG 层 0：检查 40000 格，内部 0，边界 7
2026-09-11 16:59:55,582 DEBUG 层 1：检查 28 格，内部 4，边界 16
2026-09-11 16:59:55,582 DEBUG 层 2：检查 64 格，内部 12，边界 32
2026-09-11 16:59:55,583 DEBUG 层 3：检查 128 格，内部 30，边界 62
2026-09-11 16:59:55,583 DEBUG 层 4：检查 248 格，内部 68，边界 126
2026-09-11 16:59:55,583 DEBUG 层 5：检查 504 格，内部 149，边界 250
2026-09-11 16:59:55,584 DEBUG 层 6：检查 1000 格，内部 271，边界 500
2026-09-11 16:59:55,585 DEBUG 层 7：检查 2000 格，内部 525，边界 996
2026-09-11 16:59:55,585 DEBUG 层 8：检查 3984 格，内部 993，边界 1990
2026-09-11 16:59:55,645 DEBUG 求解结束：sampled；可行点 7083，叶格 4042，边界格边长 0.070312 m
2026-09-11 16:59:55,648 INFO number_optimized_008_n4 | A=898.296 m²，D=37.881 m，e=7.525 m，γmin=45.0°
2026-09-11 16:59:55,652 DEBUG 层 0：检查 40000 格，内部 0，边界 6
2026-09-11 16:59:55,652 DEBUG 层 1：检查 24 格，内部 2，边界 13
2026-09-11 16:59:55,652 DEBUG 层 2：检查 52 格，内部 10，边界 29
2026-09-11 16:59:55,653 DEBUG 层 3：检查 116 格，内部 23，边界 57
2026-09-11 16:59:55,653 DEBUG 层 4：检查 228 格，内部 69，边界 114
2026-09-11 16:59:55,653 DEBUG 层 5：检查 456 格，内部 123，边界 226
2026-09-11 16:59:55,653 DEBUG 层 6：检查 904 格，内部 249，边界 451
2026-09-11 16:59:55,654 DEBUG 层 7：检查 1804 格，内部 486，边界 901
2026-09-11 16:59:55,654 DEBUG 层 8：检查 3604 格，内部 886，边界 1801
2026-09-11 16:59:55,708 DEBUG 求解结束：sampled；可行点 6374，叶格 3649，边界格边长 0.070312 m
2026-09-11 16:59:55,710 INFO number_optimized_008_n5 | A=649.512 m²，D=36.800 m，e=3.881 m，γmin=15.0°
2026-09-11 16:59:55,714 DEBUG 层 0：检查 40000 格，内部 0，边界 6
2026-09-11 16:59:55,714 DEBUG 层 1：检查 24 格，内部 2，边界 11
2026-09-11 16:59:55,715 DEBUG 层 2：检查 44 格，内部 8，边界 26
2026-09-11 16:59:55,715 DEBUG 层 3：检查 104 格，内部 16，边界 51
2026-09-11 16:59:55,715 DEBUG 层 4：检查 204 格，内部 57，边界 103
2026-09-11 16:59:55,715 DEBUG 层 5：检查 412 格，内部 101，边界 203
2026-09-11 16:59:55,716 DEBUG 层 6：检查 812 格，内部 209，边界 407
2026-09-11 16:59:55,716 DEBUG 层 7：检查 1628 格，内部 475，边界 812
2026-09-11 16:59:55,716 DEBUG 层 8：检查 3248 格，内部 789，边界 1622
2026-09-11 16:59:55,766 DEBUG 求解结束：sampled；可行点 5711，叶格 3279，边界格边长 0.070312 m
2026-09-11 16:59:55,768 INFO number_optimized_008_n6 | A=546.706 m²，D=35.733 m，e=4.600 m，γmin=15.0°
2026-09-11 16:59:55,772 DEBUG 层 0：检查 40000 格，内部 1，边界 9
2026-09-11 16:59:55,772 DEBUG 层 1：检查 36 格，内部 3，边界 19
2026-09-11 16:59:55,772 DEBUG 层 2：检查 76 格，内部 15，边界 36
2026-09-11 16:59:55,772 DEBUG 层 3：检查 144 格，内部 32，边界 73
2026-09-11 16:59:55,772 DEBUG 层 4：检查 292 格，内部 66，边界 150
2026-09-11 16:59:55,773 DEBUG 层 5：检查 600 格，内部 139，边界 301
2026-09-11 16:59:55,773 DEBUG 层 6：检查 1204 格，内部 278，边界 605
2026-09-11 16:59:55,773 DEBUG 层 7：检查 2420 格，内部 620，边界 1206
2026-09-11 16:59:55,774 DEBUG 层 8：检查 4824 格，内部 1222，边界 2412
2026-09-11 16:59:55,835 DEBUG 求解结束：sampled；可行点 8343，叶格 4788，边界格边长 0.070312 m
2026-09-11 16:59:55,836 INFO number_optimized_009_n2 | A=1212.279 m²，D=49.272 m，e=10.659 m，γmin=90.0°
2026-09-11 16:59:55,840 DEBUG 层 0：检查 40000 格，内部 0，边界 6
2026-09-11 16:59:55,840 DEBUG 层 1：检查 24 格，内部 1，边界 12
2026-09-11 16:59:55,840 DEBUG 层 2：检查 48 格，内部 2，边界 23
2026-09-11 16:59:55,841 DEBUG 层 3：检查 92 格，内部 17，边界 48
2026-09-11 16:59:55,841 DEBUG 层 4：检查 192 格，内部 44，边界 98
2026-09-11 16:59:55,841 DEBUG 层 5：检查 392 格，内部 87，边界 195
2026-09-11 16:59:55,841 DEBUG 层 6：检查 780 格，内部 181，边界 393
2026-09-11 16:59:55,841 DEBUG 层 7：检查 1572 格，内部 408，边界 783
2026-09-11 16:59:55,842 DEBUG 层 8：检查 3132 格，内部 780，边界 1567
2026-09-11 16:59:55,879 DEBUG 求解结束：sampled；可行点 5345，叶格 3087，边界格边长 0.070312 m
2026-09-11 16:59:55,880 INFO number_optimized_009_n3 | A=324.649 m²，D=35.312 m，e=9.714 m，γmin=45.0°
2026-09-11 16:59:55,885 DEBUG 层 0：检查 40000 格，内部 0，边界 5
2026-09-11 16:59:55,885 DEBUG 层 1：检查 20 格，内部 1，边界 11
2026-09-11 16:59:55,885 DEBUG 层 2：检查 44 格，内部 2，边界 22
2026-09-11 16:59:55,885 DEBUG 层 3：检查 88 格，内部 17，边界 48
2026-09-11 16:59:55,885 DEBUG 层 4：检查 192 格，内部 44，边界 96
2026-09-11 16:59:55,885 DEBUG 层 5：检查 384 格，内部 87，边界 190
2026-09-11 16:59:55,885 DEBUG 层 6：检查 760 格，内部 177，边界 386
2026-09-11 16:59:55,886 DEBUG 层 7：检查 1544 格，内部 401，边界 770
2026-09-11 16:59:55,886 DEBUG 层 8：检查 3080 格，内部 770，边界 1542
2026-09-11 16:59:55,921 DEBUG 求解结束：sampled；可行点 5274，叶格 3041，边界格边长 0.070312 m
2026-09-11 16:59:55,923 INFO number_optimized_009_n4 | A=324.012 m²，D=34.340 m，e=9.696 m，γmin=45.0°
2026-09-11 16:59:55,930 DEBUG 层 0：检查 40000 格，内部 0，边界 5
2026-09-11 16:59:55,930 DEBUG 层 1：检查 20 格，内部 0，边界 9
2026-09-11 16:59:55,930 DEBUG 层 2：检查 36 格，内部 1，边界 20
2026-09-11 16:59:55,930 DEBUG 层 3：检查 80 格，内部 18，边界 44
2026-09-11 16:59:55,930 DEBUG 层 4：检查 176 格，内部 38，边界 88
2026-09-11 16:59:55,931 DEBUG 层 5：检查 352 格，内部 84，边界 172
2026-09-11 16:59:55,931 DEBUG 层 6：检查 688 格，内部 163，边界 350
2026-09-11 16:59:55,931 DEBUG 层 7：检查 1400 格，内部 355，边界 698
2026-09-11 16:59:55,932 DEBUG 层 8：检查 2792 格，内部 681，边界 1398
2026-09-11 16:59:55,970 DEBUG 求解结束：sampled；可行点 4733，叶格 2738，边界格边长 0.070312 m
2026-09-11 16:59:55,971 INFO number_optimized_009_n5 | A=216.153 m²，D=34.340 m，e=9.319 m，γmin=15.0°
2026-09-11 16:59:55,977 DEBUG 层 0：检查 40000 格，内部 0，边界 5
2026-09-11 16:59:55,977 DEBUG 层 1：检查 20 格，内部 0，边界 9
2026-09-11 16:59:55,977 DEBUG 层 2：检查 36 格，内部 1，边界 20
2026-09-11 16:59:55,977 DEBUG 层 3：检查 80 格，内部 18，边界 44
2026-09-11 16:59:55,977 DEBUG 层 4：检查 176 格，内部 38，边界 86
2026-09-11 16:59:55,977 DEBUG 层 5：检查 344 格，内部 83，边界 170
2026-09-11 16:59:55,978 DEBUG 层 6：检查 680 格，内部 164，边界 344
2026-09-11 16:59:55,978 DEBUG 层 7：检查 1376 格，内部 352，边界 689
2026-09-11 16:59:55,978 DEBUG 层 8：检查 2756 格，内部 676，边界 1380
2026-09-11 16:59:56,011 DEBUG 求解结束：sampled；可行点 4694，叶格 2712，边界格边长 0.070312 m
2026-09-11 16:59:56,012 INFO number_optimized_009_n6 | A=215.718 m²，D=33.616 m，e=9.352 m，γmin=15.0°
2026-09-11 16:59:56,016 DEBUG 层 0：检查 40000 格，内部 1，边界 9
2026-09-11 16:59:56,016 DEBUG 层 1：检查 36 格，内部 3，边界 21
2026-09-11 16:59:56,016 DEBUG 层 2：检查 84 格，内部 14，边界 43
2026-09-11 16:59:56,016 DEBUG 层 3：检查 172 格，内部 38，边界 86
2026-09-11 16:59:56,017 DEBUG 层 4：检查 344 格，内部 76，边界 172
2026-09-11 16:59:56,017 DEBUG 层 5：检查 688 格，内部 169，边界 343
2026-09-11 16:59:56,017 DEBUG 层 6：检查 1372 格，内部 340，边界 687
2026-09-11 16:59:56,017 DEBUG 层 7：检查 2748 格，内部 687，边界 1374
2026-09-11 16:59:56,018 DEBUG 层 8：检查 5496 格，内部 1361，边界 2747
2026-09-11 16:59:56,082 DEBUG 求解结束：sampled；可行点 9450，叶格 5436，边界格边长 0.070312 m
2026-09-11 16:59:56,084 INFO number_optimized_010_n2 | A=1253.239 m²，D=50.451 m，e=16.632 m，γmin=90.0°
2026-09-11 16:59:56,089 DEBUG 层 0：检查 40000 格，内部 0，边界 6
2026-09-11 16:59:56,089 DEBUG 层 1：检查 24 格，内部 0，边界 15
2026-09-11 16:59:56,089 DEBUG 层 2：检查 60 格，内部 9，边界 28
2026-09-11 16:59:56,089 DEBUG 层 3：检查 112 格，内部 22，边界 57
2026-09-11 16:59:56,089 DEBUG 层 4：检查 228 格，内部 44，边界 114
2026-09-11 16:59:56,089 DEBUG 层 5：检查 456 格，内部 111，边界 230
2026-09-11 16:59:56,089 DEBUG 层 6：检查 920 格，内部 227，边界 460
2026-09-11 16:59:56,090 DEBUG 层 7：检查 1840 格，内部 452，边界 922
2026-09-11 16:59:56,090 DEBUG 层 8：检查 3688 格，内部 916，边界 1842
2026-09-11 16:59:56,132 DEBUG 求解结束：sampled；可行点 6272，叶格 3623，边界格边长 0.070312 m
2026-09-11 16:59:56,133 INFO number_optimized_010_n3 | A=424.914 m²，D=41.193 m，e=6.559 m，γmin=45.0°
2026-09-11 16:59:56,137 DEBUG 层 0：检查 40000 格，内部 0，边界 6
2026-09-11 16:59:56,137 DEBUG 层 1：检查 24 格，内部 0，边界 14
2026-09-11 16:59:56,137 DEBUG 层 2：检查 56 格，内部 9，边界 25
2026-09-11 16:59:56,137 DEBUG 层 3：检查 100 格，内部 22，边界 53
2026-09-11 16:59:56,138 DEBUG 层 4：检查 212 格，内部 40，边界 105
2026-09-11 16:59:56,138 DEBUG 层 5：检查 420 格，内部 108，边界 209
2026-09-11 16:59:56,138 DEBUG 层 6：检查 836 格，内部 210，边界 419
2026-09-11 16:59:56,138 DEBUG 层 7：检查 1676 格，内部 412，边界 839
2026-09-11 16:59:56,139 DEBUG 层 8：检查 3356 格，内部 831，边界 1677
2026-09-11 16:59:56,179 DEBUG 求解结束：sampled；可行点 5740，叶格 3309，边界格边长 0.070312 m
2026-09-11 16:59:56,181 INFO number_optimized_010_n4 | A=415.514 m²，D=35.350 m，e=6.509 m，γmin=45.0°
2026-09-11 16:59:56,185 DEBUG 层 0：检查 40000 格，内部 0，边界 5
2026-09-11 16:59:56,185 DEBUG 层 1：检查 20 格，内部 0，边界 12
2026-09-11 16:59:56,185 DEBUG 层 2：检查 48 格，内部 4，边界 22
2026-09-11 16:59:56,185 DEBUG 层 3：检查 88 格，内部 16，边界 46
2026-09-11 16:59:56,185 DEBUG 层 4：检查 184 格，内部 36，边界 91
2026-09-11 16:59:56,186 DEBUG 层 5：检查 364 格，内部 88，边界 185
2026-09-11 16:59:56,186 DEBUG 层 6：检查 740 格，内部 185，边界 370
2026-09-11 16:59:56,186 DEBUG 层 7：检查 1480 格，内部 366，边界 740
2026-09-11 16:59:56,186 DEBUG 层 8：检查 2960 格，内部 728，边界 1479
2026-09-11 16:59:56,220 DEBUG 求解结束：sampled；可行点 5023，叶格 2902，边界格边长 0.070312 m
2026-09-11 16:59:56,221 INFO number_optimized_010_n5 | A=268.126 m²，D=31.197 m，e=7.811 m，γmin=15.0°
2026-09-11 16:59:56,226 DEBUG 层 0：检查 40000 格，内部 0，边界 5
2026-09-11 16:59:56,226 DEBUG 层 1：检查 20 格，内部 0，边界 10
2026-09-11 16:59:56,226 DEBUG 层 2：检查 40 格，内部 3，边界 17
2026-09-11 16:59:56,226 DEBUG 层 3：检查 68 格，内部 11，边界 35
2026-09-11 16:59:56,226 DEBUG 层 4：检查 140 格，内部 26，边界 69
2026-09-11 16:59:56,227 DEBUG 层 5：检查 276 格，内部 75，边界 141
2026-09-11 16:59:56,227 DEBUG 层 6：检查 564 格，内部 156，边界 281
2026-09-11 16:59:56,227 DEBUG 层 7：检查 1124 格，内部 303，边界 561
2026-09-11 16:59:56,227 DEBUG 层 8：检查 2244 格，内部 552，边界 1119
2026-09-11 16:59:56,253 DEBUG 求解结束：sampled；可行点 3889，叶格 2245，边界格边长 0.070312 m
2026-09-11 16:59:56,254 INFO number_optimized_010_n6 | A=199.555 m²，D=22.217 m，e=4.552 m，γmin=15.0°
2026-09-11 16:59:56,258 DEBUG 层 0：检查 40000 格，内部 1，边界 8
2026-09-11 16:59:56,259 DEBUG 层 1：检查 32 格，内部 5，边界 16
2026-09-11 16:59:56,259 DEBUG 层 2：检查 64 格，内部 13，边界 32
2026-09-11 16:59:56,259 DEBUG 层 3：检查 128 格，内部 9，边界 64
2026-09-11 16:59:56,259 DEBUG 层 4：检查 256 格，内部 101，边界 128
2026-09-11 16:59:56,259 DEBUG 层 5：检查 512 格，内部 124，边界 256
2026-09-11 16:59:56,259 DEBUG 层 6：检查 1024 格，内部 207，边界 510
2026-09-11 16:59:56,259 DEBUG 层 7：检查 2040 格，内部 398，边界 1020
2026-09-11 16:59:56,259 DEBUG 层 8：检查 4080 格，内部 1262，边界 2040
2026-09-11 16:59:56,308 DEBUG 求解结束：sampled；可行点 7359，叶格 4160，边界格边长 0.070312 m
2026-09-11 16:59:56,310 INFO number_optimized_011_n2 | A=1244.640 m²，D=50.216 m，e=16.432 m，γmin=90.0°
2026-09-11 16:59:56,316 DEBUG 层 0：检查 40000 格，内部 0，边界 6
2026-09-11 16:59:56,316 DEBUG 层 1：检查 24 格，内部 1，边界 14
2026-09-11 16:59:56,316 DEBUG 层 2：检查 56 格，内部 11，边界 30
2026-09-11 16:59:56,317 DEBUG 层 3：检查 120 格，内部 7，边界 58
2026-09-11 16:59:56,317 DEBUG 层 4：检查 232 格，内部 66，边界 116
2026-09-11 16:59:56,317 DEBUG 层 5：检查 464 格，内部 116，边界 228
2026-09-11 16:59:56,317 DEBUG 层 6：检查 912 格，内部 172，边界 450
2026-09-11 16:59:56,318 DEBUG 层 7：检查 1800 格，内部 337，边界 896
2026-09-11 16:59:56,318 DEBUG 层 8：检查 3584 格，内部 1105，边界 1796
2026-09-11 16:59:56,376 DEBUG 求解结束：sampled；可行点 6326，叶格 3611，边界格边长 0.070312 m
2026-09-11 16:59:56,378 INFO number_optimized_011_n3 | A=493.293 m²，D=44.550 m，e=11.131 m，γmin=45.0°
2026-09-11 16:59:56,383 DEBUG 层 0：检查 40000 格，内部 0，边界 4
2026-09-11 16:59:56,384 DEBUG 层 1：检查 16 格，内部 0，边界 6
2026-09-11 16:59:56,384 DEBUG 层 2：检查 24 格，内部 0，边界 12
2026-09-11 16:59:56,384 DEBUG 层 3：检查 48 格，内部 4，边界 21
2026-09-11 16:59:56,384 DEBUG 层 4：检查 84 格，内部 20，边界 45
2026-09-11 16:59:56,384 DEBUG 层 5：检查 180 格，内部 38，边界 90
2026-09-11 16:59:56,384 DEBUG 层 6：检查 360 格，内部 28，边界 174
2026-09-11 16:59:56,385 DEBUG 层 7：检查 696 格，内部 155，边界 346
2026-09-11 16:59:56,385 DEBUG 层 8：检查 1384 格，内部 403，边界 695
2026-09-11 16:59:56,404 DEBUG 求解结束：sampled；可行点 2411，叶格 1343，边界格边长 0.070312 m
2026-09-11 16:59:56,405 INFO number_optimized_011_n4 | A=67.625 m²，D=16.172 m，e=6.782 m，γmin=45.0°
2026-09-11 16:59:56,412 DEBUG 层 0：检查 40000 格，内部 0，边界 4
2026-09-11 16:59:56,412 DEBUG 层 1：检查 16 格，内部 0，边界 6
2026-09-11 16:59:56,412 DEBUG 层 2：检查 24 格，内部 0，边界 12
2026-09-11 16:59:56,413 DEBUG 层 3：检查 48 格，内部 4，边界 21
2026-09-11 16:59:56,413 DEBUG 层 4：检查 84 格，内部 20，边界 45
2026-09-11 16:59:56,413 DEBUG 层 5：检查 180 格，内部 38，边界 90
2026-09-11 16:59:56,413 DEBUG 层 6：检查 360 格，内部 28，边界 174
2026-09-11 16:59:56,413 DEBUG 层 7：检查 696 格，内部 155，边界 346
2026-09-11 16:59:56,414 DEBUG 层 8：检查 1384 格，内部 403，边界 695
2026-09-11 16:59:56,433 DEBUG 求解结束：sampled；可行点 2411，叶格 1343，边界格边长 0.070312 m
2026-09-11 16:59:56,434 INFO number_optimized_011_n5 | A=67.625 m²，D=16.172 m，e=6.782 m，γmin=15.0°
2026-09-11 16:59:56,439 DEBUG 层 0：检查 40000 格，内部 0，边界 4
2026-09-11 16:59:56,439 DEBUG 层 1：检查 16 格，内部 0，边界 6
2026-09-11 16:59:56,440 DEBUG 层 2：检查 24 格，内部 0，边界 12
2026-09-11 16:59:56,440 DEBUG 层 3：检查 48 格，内部 4，边界 21
2026-09-11 16:59:56,440 DEBUG 层 4：检查 84 格，内部 20，边界 45
2026-09-11 16:59:56,440 DEBUG 层 5：检查 180 格，内部 38，边界 90
2026-09-11 16:59:56,440 DEBUG 层 6：检查 360 格，内部 28，边界 174
2026-09-11 16:59:56,441 DEBUG 层 7：检查 696 格，内部 155，边界 346
2026-09-11 16:59:56,441 DEBUG 层 8：检查 1384 格，内部 403，边界 695
2026-09-11 16:59:56,462 DEBUG 求解结束：sampled；可行点 2411，叶格 1343，边界格边长 0.070312 m
2026-09-11 16:59:56,463 INFO number_optimized_011_n6 | A=67.625 m²，D=16.172 m，e=6.782 m，γmin=15.0°
2026-09-11 16:59:56,466 DEBUG 层 0：检查 40000 格，内部 0，边界 10
2026-09-11 16:59:56,467 DEBUG 层 1：检查 40 格，内部 6，边界 20
2026-09-11 16:59:56,467 DEBUG 层 2：检查 80 格，内部 19，边界 38
2026-09-11 16:59:56,467 DEBUG 层 3：检查 152 格，内部 31，边界 77
2026-09-11 16:59:56,467 DEBUG 层 4：检查 308 格，内部 73，边界 153
2026-09-11 16:59:56,467 DEBUG 层 5：检查 612 格，内部 151，边界 306
2026-09-11 16:59:56,467 DEBUG 层 6：检查 1224 格，内部 305，边界 611
2026-09-11 16:59:56,468 DEBUG 层 7：检查 2444 格，内部 597，边界 1222
2026-09-11 16:59:56,468 DEBUG 层 8：检查 4888 格，内部 1211，边界 2447
2026-09-11 16:59:56,536 DEBUG 求解结束：sampled；可行点 8417，叶格 4840，边界格边长 0.070312 m
2026-09-11 16:59:56,538 INFO number_optimized_012_n2 | A=1221.769 m²，D=49.275 m，e=16.619 m，γmin=90.0°
2026-09-11 16:59:56,542 DEBUG 层 0：检查 40000 格，内部 0，边界 10
2026-09-11 16:59:56,543 DEBUG 层 1：检查 40 格，内部 5，边界 19
2026-09-11 16:59:56,543 DEBUG 层 2：检查 76 格，内部 17，边界 37
2026-09-11 16:59:56,543 DEBUG 层 3：检查 148 格，内部 34，边界 73
2026-09-11 16:59:56,543 DEBUG 层 4：检查 292 格，内部 72，边界 143
2026-09-11 16:59:56,543 DEBUG 层 5：检查 572 格，内部 131，边界 286
2026-09-11 16:59:56,544 DEBUG 层 6：检查 1144 格，内部 288，边界 571
2026-09-11 16:59:56,544 DEBUG 层 7：检查 2284 格，内部 546，边界 1142
2026-09-11 16:59:56,544 DEBUG 层 8：检查 4568 格，内部 1119，边界 2287
2026-09-11 16:59:56,609 DEBUG 求解结束：sampled；可行点 7816，叶格 4499，边界格边长 0.070312 m
2026-09-11 16:59:56,611 INFO number_optimized_012_n3 | A=1104.193 m²，D=49.275 m，e=16.550 m，γmin=45.0°
2026-09-11 16:59:56,617 DEBUG 层 0：检查 40000 格，内部 0，边界 9
2026-09-11 16:59:56,617 DEBUG 层 1：检查 36 格，内部 5，边界 17
2026-09-11 16:59:56,617 DEBUG 层 2：检查 68 格，内部 12，边界 34
2026-09-11 16:59:56,617 DEBUG 层 3：检查 136 格，内部 32，边界 68
2026-09-11 16:59:56,617 DEBUG 层 4：检查 272 格，内部 69，边界 132
2026-09-11 16:59:56,618 DEBUG 层 5：检查 528 格，内部 121，边界 266
2026-09-11 16:59:56,619 DEBUG 层 6：检查 1064 格，内部 262，边界 531
2026-09-11 16:59:56,619 DEBUG 层 7：检查 2124 格，内部 512，边界 1062
2026-09-11 16:59:56,619 DEBUG 层 8：检查 4248 格，内部 1044，边界 2124
2026-09-11 16:59:56,684 DEBUG 求解结束：sampled；可行点 7271，叶格 4181，边界格边长 0.070312 m
2026-09-11 16:59:56,686 INFO number_optimized_012_n4 | A=981.934 m²，D=37.760 m，e=15.078 m，γmin=45.0°
2026-09-11 16:59:56,692 DEBUG 层 0：检查 40000 格，内部 0，边界 8
2026-09-11 16:59:56,693 DEBUG 层 1：检查 32 格，内部 2，边界 15
2026-09-11 16:59:56,693 DEBUG 层 2：检查 60 格，内部 8，边界 30
2026-09-11 16:59:56,693 DEBUG 层 3：检查 120 格，内部 31，边界 60
2026-09-11 16:59:56,694 DEBUG 层 4：检查 240 格，内部 49，边界 117
2026-09-11 16:59:56,694 DEBUG 层 5：检查 468 格，内部 134，边界 234
2026-09-11 16:59:56,694 DEBUG 层 6：检查 936 格，内部 240，边界 468
2026-09-11 16:59:56,695 DEBUG 层 7：检查 1872 格，内部 478，边界 935
2026-09-11 16:59:56,695 DEBUG 层 8：检查 3740 格，内部 908，边界 1870
2026-09-11 16:59:56,751 DEBUG 求解结束：sampled；可行点 6469，叶格 3720，边界格边长 0.070312 m
2026-09-11 16:59:56,754 INFO number_optimized_012_n5 | A=627.345 m²，D=37.610 m，e=14.178 m，γmin=15.0°
2026-09-11 16:59:56,760 DEBUG 层 0：检查 40000 格，内部 0，边界 7
2026-09-11 16:59:56,760 DEBUG 层 1：检查 28 格，内部 1，边界 10
2026-09-11 16:59:56,760 DEBUG 层 2：检查 40 格，内部 3，边界 22
2026-09-11 16:59:56,761 DEBUG 层 3：检查 88 格，内部 21，边界 44
2026-09-11 16:59:56,761 DEBUG 层 4：检查 176 格，内部 36，边界 88
2026-09-11 16:59:56,761 DEBUG 层 5：检查 352 格，内部 94，边界 177
2026-09-11 16:59:56,761 DEBUG 层 6：检查 708 格，内部 192，边界 356
2026-09-11 16:59:56,762 DEBUG 层 7：检查 1424 格，内部 361，边界 709
2026-09-11 16:59:56,762 DEBUG 层 8：检查 2836 格，内部 703，边界 1418
2026-09-11 16:59:56,806 DEBUG 求解结束：sampled；可行点 4916，叶格 2829，边界格边长 0.070312 m
2026-09-11 16:59:56,808 INFO number_optimized_012_n6 | A=356.006 m²，D=32.015 m，e=7.833 m，γmin=15.0°
2026-09-11 16:59:56,812 DEBUG 层 0：检查 40000 格，内部 1，边界 8
2026-09-11 16:59:56,812 DEBUG 层 1：检查 32 格，内部 5，边界 16
2026-09-11 16:59:56,812 DEBUG 层 2：检查 64 格，内部 13，边界 32
2026-09-11 16:59:56,812 DEBUG 层 3：检查 128 格，内部 29，边界 64
2026-09-11 16:59:56,812 DEBUG 层 4：检查 256 格，内部 11，边界 128
2026-09-11 16:59:56,812 DEBUG 层 5：检查 512 格，内部 128，边界 254
2026-09-11 16:59:56,813 DEBUG 层 6：检查 1016 格，内部 122，边界 506
2026-09-11 16:59:56,813 DEBUG 层 7：检查 2024 格，内部 393，边界 1012
2026-09-11 16:59:56,813 DEBUG 层 8：检查 4048 格，内部 1030，边界 2022
2026-09-11 16:59:56,858 DEBUG 求解结束：sampled；可行点 6391，叶格 3754，边界格边长 0.070312 m
2026-09-11 16:59:56,858 INFO number_optimized_013_n2 | A=1225.279 m²，D=49.470 m，e=19.636 m，γmin=90.0°
2026-09-11 16:59:56,863 DEBUG 层 0：检查 40000 格，内部 0，边界 8
2026-09-11 16:59:56,864 DEBUG 层 1：检查 32 格，内部 7，边界 16
2026-09-11 16:59:56,864 DEBUG 层 2：检查 64 格，内部 14，边界 32
2026-09-11 16:59:56,864 DEBUG 层 3：检查 128 格，内部 33，边界 64
2026-09-11 16:59:56,864 DEBUG 层 4：检查 256 格，内部 19，边界 126
2026-09-11 16:59:56,864 DEBUG 层 5：检查 504 格，内部 121，边界 252
2026-09-11 16:59:56,864 DEBUG 层 6：检查 1008 格，内部 136，边界 504
2026-09-11 16:59:56,865 DEBUG 层 7：检查 2016 格，内部 423，边界 1008
2026-09-11 16:59:56,865 DEBUG 层 8：检查 4032 格，内部 986，边界 2016
2026-09-11 16:59:56,907 DEBUG 求解结束：sampled；可行点 6444，叶格 3755，边界格边长 0.070312 m
2026-09-11 16:59:56,909 INFO number_optimized_013_n3 | A=1113.198 m²，D=49.291 m，e=19.746 m，γmin=45.0°
2026-09-11 16:59:56,913 DEBUG 层 0：检查 40000 格，内部 0，边界 5
2026-09-11 16:59:56,913 DEBUG 层 1：检查 20 格，内部 0，边界 10
2026-09-11 16:59:56,914 DEBUG 层 2：检查 40 格，内部 6，边界 21
2026-09-11 16:59:56,914 DEBUG 层 3：检查 84 格，内部 30，边界 47
2026-09-11 16:59:56,914 DEBUG 层 4：检查 188 格，内部 31，边界 92
2026-09-11 16:59:56,914 DEBUG 层 5：检查 368 格，内部 98，边界 185
2026-09-11 16:59:56,914 DEBUG 层 6：检查 740 格，内部 107，边界 369
2026-09-11 16:59:56,914 DEBUG 层 7：检查 1476 格，内部 301，边界 742
2026-09-11 16:59:56,915 DEBUG 层 8：检查 2968 格，内部 712，边界 1483
2026-09-11 16:59:56,948 DEBUG 求解结束：sampled；可行点 4729，叶格 2768，边界格边长 0.070312 m
2026-09-11 16:59:56,949 INFO number_optimized_013_n4 | A=368.401 m²，D=34.954 m，e=7.967 m，γmin=45.0°
2026-09-11 16:59:56,954 DEBUG 层 0：检查 40000 格，内部 0，边界 3
2026-09-11 16:59:56,954 DEBUG 层 1：检查 12 格，内部 0，边界 6
2026-09-11 16:59:56,954 DEBUG 层 2：检查 24 格，内部 1，边界 13
2026-09-11 16:59:56,954 DEBUG 层 3：检查 52 格，内部 12，边界 32
2026-09-11 16:59:56,954 DEBUG 层 4：检查 128 格，内部 20，边界 62
2026-09-11 16:59:56,955 DEBUG 层 5：检查 248 格，内部 29，边界 123
2026-09-11 16:59:56,955 DEBUG 层 6：检查 492 格，内部 96，边界 245
2026-09-11 16:59:56,956 DEBUG 层 7：检查 980 格，内部 277，边界 490
2026-09-11 16:59:56,956 DEBUG 层 8：检查 1960 格，内部 460，边界 978
2026-09-11 16:59:56,979 DEBUG 求解结束：sampled；可行点 3178，叶格 1873，边界格边长 0.070312 m
2026-09-11 16:59:56,980 INFO number_optimized_013_n5 | A=135.160 m²，D=24.219 m，e=9.162 m，γmin=15.0°
2026-09-11 16:59:56,984 DEBUG 层 0：检查 40000 格，内部 0，边界 2
2026-09-11 16:59:56,985 DEBUG 层 1：检查 8 格，内部 0，边界 3
2026-09-11 16:59:56,985 DEBUG 层 2：检查 12 格，内部 0，边界 6
2026-09-11 16:59:56,985 DEBUG 层 3：检查 24 格，内部 1，边界 16
2026-09-11 16:59:56,985 DEBUG 层 4：检查 64 格，内部 6，边界 29
2026-09-11 16:59:56,985 DEBUG 层 5：检查 116 格，内部 13，边界 58
2026-09-11 16:59:56,985 DEBUG 层 6：检查 232 格，内部 32，边界 112
2026-09-11 16:59:56,986 DEBUG 层 7：检查 448 格，内部 143，边界 228
2026-09-11 16:59:56,986 DEBUG 层 8：检查 912 格，内部 136，边界 450
2026-09-11 16:59:56,994 DEBUG 求解结束：sampled；可行点 1212，叶格 781，边界格边长 0.070312 m
2026-09-11 16:59:56,995 INFO number_optimized_013_n6 | A=24.551 m²，D=11.961 m，e=1.631 m，γmin=15.0°
2026-09-11 16:59:56,998 DEBUG 层 0：检查 40000 格，内部 0，边界 10
2026-09-11 16:59:56,999 DEBUG 层 1：检查 40 格，内部 7，边界 22
2026-09-11 16:59:56,999 DEBUG 层 2：检查 88 格，内部 12，边界 43
2026-09-11 16:59:56,999 DEBUG 层 3：检查 172 格，内部 44，边界 85
2026-09-11 16:59:56,999 DEBUG 层 4：检查 340 格，内部 76，边界 171
2026-09-11 16:59:56,999 DEBUG 层 5：检查 684 格，内部 164，边界 341
2026-09-11 16:59:56,999 DEBUG 层 6：检查 1364 格，内部 338，边界 680
2026-09-11 16:59:56,999 DEBUG 层 7：检查 2720 格，内部 683，边界 1362
2026-09-11 16:59:57,000 DEBUG 层 8：检查 5448 格，内部 1352，边界 2724
2026-09-11 16:59:57,068 DEBUG 求解结束：sampled；可行点 9390，叶格 5400，边界格边长 0.070312 m
2026-09-11 16:59:57,070 INFO number_optimized_014_n2 | A=1241.121 m²，D=49.982 m，e=16.470 m，γmin=90.0°
2026-09-11 16:59:57,075 DEBUG 层 0：检查 40000 格，内部 0，边界 8
2026-09-11 16:59:57,075 DEBUG 层 1：检查 32 格，内部 2，边界 17
2026-09-11 16:59:57,075 DEBUG 层 2：检查 68 格，内部 6，边界 33
2026-09-11 16:59:57,075 DEBUG 层 3：检查 132 格，内部 27，边界 68
2026-09-11 16:59:57,075 DEBUG 层 4：检查 272 格，内部 61，边界 134
2026-09-11 16:59:57,076 DEBUG 层 5：检查 536 格，内部 124，边界 270
2026-09-11 16:59:57,076 DEBUG 层 6：检查 1080 格，内部 255，边界 538
2026-09-11 16:59:57,076 DEBUG 层 7：检查 2152 格，内部 543，边界 1074
2026-09-11 16:59:57,077 DEBUG 层 8：检查 4296 格，内部 1064，边界 2150
2026-09-11 16:59:57,124 DEBUG 求解结束：sampled；可行点 7334，叶格 4232，边界格边长 0.070312 m
2026-09-11 16:59:57,125 INFO number_optimized_014_n3 | A=583.270 m²，D=48.232 m，e=14.130 m，γmin=45.0°
2026-09-11 16:59:57,130 DEBUG 层 0：检查 40000 格，内部 0，边界 7
2026-09-11 16:59:57,131 DEBUG 层 1：检查 28 格，内部 2，边界 14
2026-09-11 16:59:57,131 DEBUG 层 2：检查 56 格，内部 6，边界 29
2026-09-11 16:59:57,131 DEBUG 层 3：检查 116 格，内部 23，边界 57
2026-09-11 16:59:57,131 DEBUG 层 4：检查 228 格，内部 51，边界 113
2026-09-11 16:59:57,131 DEBUG 层 5：检查 452 格，内部 106，边界 225
2026-09-11 16:59:57,131 DEBUG 层 6：检查 900 格，内部 218，边界 448
2026-09-11 16:59:57,132 DEBUG 层 7：检查 1792 格，内部 458，边界 895
2026-09-11 16:59:57,132 DEBUG 层 8：检查 3580 格，内部 888，边界 1794
2026-09-11 16:59:57,175 DEBUG 求解结束：sampled；可行点 6153，叶格 3546，边界格边长 0.070312 m
2026-09-11 16:59:57,176 INFO number_optimized_014_n4 | A=537.446 m²，D=35.917 m，e=14.303 m，γmin=45.0°
2026-09-11 16:59:57,181 DEBUG 层 0：检查 40000 格，内部 0，边界 7
2026-09-11 16:59:57,182 DEBUG 层 1：检查 28 格，内部 2，边界 14
2026-09-11 16:59:57,182 DEBUG 层 2：检查 56 格，内部 6，边界 28
2026-09-11 16:59:57,182 DEBUG 层 3：检查 112 格，内部 23，边界 56
2026-09-11 16:59:57,182 DEBUG 层 4：检查 224 格，内部 51，边界 112
2026-09-11 16:59:57,182 DEBUG 层 5：检查 448 格，内部 106，边界 224
2026-09-11 16:59:57,182 DEBUG 层 6：检查 896 格，内部 217，边界 446
2026-09-11 16:59:57,183 DEBUG 层 7：检查 1784 格，内部 455，边界 892
2026-09-11 16:59:57,183 DEBUG 层 8：检查 3568 格，内部 882，边界 1788
2026-09-11 16:59:57,231 DEBUG 求解结束：sampled；可行点 6128，叶格 3530，边界格边长 0.070312 m
2026-09-11 16:59:57,233 INFO number_optimized_014_n5 | A=537.244 m²，D=35.917 m，e=14.304 m，γmin=15.0°
2026-09-11 16:59:57,239 DEBUG 层 0：检查 40000 格，内部 0，边界 3
2026-09-11 16:59:57,239 DEBUG 层 1：检查 12 格，内部 0，边界 8
2026-09-11 16:59:57,240 DEBUG 层 2：检查 32 格，内部 4，边界 18
2026-09-11 16:59:57,240 DEBUG 层 3：检查 72 格，内部 8，边界 36
2026-09-11 16:59:57,240 DEBUG 层 4：检查 144 格，内部 24，边界 72
2026-09-11 16:59:57,240 DEBUG 层 5：检查 288 格，内部 90，边界 143
2026-09-11 16:59:57,240 DEBUG 层 6：检查 572 格，内部 178，边界 283
2026-09-11 16:59:57,241 DEBUG 层 7：检查 1132 格，内部 298，边界 566
2026-09-11 16:59:57,241 DEBUG 层 8：检查 2264 格，内部 583，边界 1134
2026-09-11 16:59:57,270 DEBUG 求解结束：sampled；可行点 4048，叶格 2319，边界格边长 0.070312 m
2026-09-11 16:59:57,272 INFO number_optimized_014_n6 | A=208.721 m²，D=28.754 m，e=5.787 m，γmin=15.0°
2026-09-11 16:59:57,276 DEBUG 层 0：检查 40000 格，内部 1，边界 9
2026-09-11 16:59:57,277 DEBUG 层 1：检查 36 格，内部 3，边界 21
2026-09-11 16:59:57,277 DEBUG 层 2：检查 84 格，内部 13，边界 43
2026-09-11 16:59:57,277 DEBUG 层 3：检查 172 格，内部 38，边界 86
2026-09-11 16:59:57,277 DEBUG 层 4：检查 344 格，内部 76，边界 169
2026-09-11 16:59:57,277 DEBUG 层 5：检查 676 格，内部 166，边界 339
2026-09-11 16:59:57,278 DEBUG 层 6：检查 1356 格，内部 342，边界 678
2026-09-11 16:59:57,278 DEBUG 层 7：检查 2712 格，内部 661，边界 1357
2026-09-11 16:59:57,279 DEBUG 层 8：检查 5428 格，内部 1355，边界 2716
2026-09-11 16:59:57,358 DEBUG 求解结束：sampled；可行点 9338，叶格 5371，边界格边长 0.070312 m
2026-09-11 16:59:57,360 INFO number_optimized_015_n2 | A=1231.499 m²，D=49.606 m，e=9.988 m，γmin=90.0°
2026-09-11 16:59:57,367 DEBUG 层 0：检查 40000 格，内部 1，边界 9
2026-09-11 16:59:57,367 DEBUG 层 1：检查 36 格，内部 2，边界 20
2026-09-11 16:59:57,368 DEBUG 层 2：检查 80 格，内部 12，边界 38
2026-09-11 16:59:57,368 DEBUG 层 3：检查 152 格，内部 34，边界 77
2026-09-11 16:59:57,368 DEBUG 层 4：检查 308 格，内部 70，边界 152
2026-09-11 16:59:57,368 DEBUG 层 5：检查 608 格，内部 147，边界 304
2026-09-11 16:59:57,369 DEBUG 层 6：检查 1216 格，内部 303，边界 607
2026-09-11 16:59:57,369 DEBUG 层 7：检查 2428 格，内部 591，边界 1214
2026-09-11 16:59:57,370 DEBUG 层 8：检查 4856 格，内部 1209，边界 2430
2026-09-11 16:59:57,441 DEBUG 求解结束：sampled；可行点 8345，叶格 4799，边界格边长 0.070312 m
2026-09-11 16:59:57,443 INFO number_optimized_015_n3 | A=1089.769 m²，D=49.305 m，e=10.817 m，γmin=45.0°
2026-09-11 16:59:57,447 DEBUG 层 0：检查 40000 格，内部 0，边界 7
2026-09-11 16:59:57,448 DEBUG 层 1：检查 28 格，内部 2，边界 15
2026-09-11 16:59:57,448 DEBUG 层 2：检查 60 格，内部 9，边界 30
2026-09-11 16:59:57,449 DEBUG 层 3：检查 120 格，内部 24，边界 60
2026-09-11 16:59:57,449 DEBUG 层 4：检查 240 格，内部 55，边界 118
2026-09-11 16:59:57,449 DEBUG 层 5：检查 472 格，内部 109，边界 239
2026-09-11 16:59:57,449 DEBUG 层 6：检查 956 格，内部 243，边界 475
2026-09-11 16:59:57,450 DEBUG 层 7：检查 1900 格，内部 466，边界 949
2026-09-11 16:59:57,450 DEBUG 层 8：检查 3796 格，内部 940，边界 1900
2026-09-11 16:59:57,498 DEBUG 求解结束：sampled；可行点 6508，叶格 3748，边界格边长 0.070312 m
2026-09-11 16:59:57,500 INFO number_optimized_015_n4 | A=612.215 m²，D=37.691 m，e=6.183 m，γmin=45.0°
2026-09-11 16:59:57,505 DEBUG 层 0：检查 40000 格，内部 0，边界 7
2026-09-11 16:59:57,506 DEBUG 层 1：检查 28 格，内部 2，边界 13
2026-09-11 16:59:57,506 DEBUG 层 2：检查 52 格，内部 6，边界 27
2026-09-11 16:59:57,506 DEBUG 层 3：检查 108 格，内部 22，边界 53
2026-09-11 16:59:57,506 DEBUG 层 4：检查 212 格，内部 47，边界 102
2026-09-11 16:59:57,506 DEBUG 层 5：检查 408 格，内部 94，边界 207
2026-09-11 16:59:57,507 DEBUG 层 6：检查 828 格，内部 212，边界 413
2026-09-11 16:59:57,507 DEBUG 层 7：检查 1652 格，内部 395，边界 826
2026-09-11 16:59:57,508 DEBUG 层 8：检查 3304 格，内部 804，边界 1654
2026-09-11 16:59:57,557 DEBUG 求解结束：sampled；可行点 5609，叶格 3236，边界格边长 0.070312 m
2026-09-11 16:59:57,559 INFO number_optimized_015_n5 | A=520.689 m²，D=29.939 m，e=3.554 m，γmin=15.0°
2026-09-11 16:59:57,564 DEBUG 层 0：检查 40000 格，内部 0，边界 6
2026-09-11 16:59:57,564 DEBUG 层 1：检查 24 格，内部 2，边界 12
2026-09-11 16:59:57,565 DEBUG 层 2：检查 48 格，内部 5，边界 23
2026-09-11 16:59:57,565 DEBUG 层 3：检查 92 格，内部 20，边界 47
2026-09-11 16:59:57,565 DEBUG 层 4：检查 188 格，内部 47，边界 92
2026-09-11 16:59:57,565 DEBUG 层 5：检查 368 格，内部 73，边界 186
2026-09-11 16:59:57,566 DEBUG 层 6：检查 744 格，内部 166，边界 370
2026-09-11 16:59:57,566 DEBUG 层 7：检查 1480 格，内部 302，边界 739
2026-09-11 16:59:57,567 DEBUG 层 8：检查 2956 格，内部 733，边界 1480
2026-09-11 16:59:57,613 DEBUG 求解结束：sampled；可行点 4901，叶格 2828，边界格边长 0.070312 m
2026-09-11 16:59:57,616 INFO number_optimized_015_n6 | A=476.834 m²，D=29.939 m，e=3.971 m，γmin=15.0°
2026-09-11 16:59:57,622 DEBUG 层 0：检查 40000 格，内部 0，边界 10
2026-09-11 16:59:57,622 DEBUG 层 1：检查 40 格，内部 7，边界 19
2026-09-11 16:59:57,622 DEBUG 层 2：检查 76 格，内部 15，边界 38
2026-09-11 16:59:57,622 DEBUG 层 3：检查 152 格，内部 33，边界 77
2026-09-11 16:59:57,622 DEBUG 层 4：检查 308 格，内部 71，边界 152
2026-09-11 16:59:57,623 DEBUG 层 5：检查 608 格，内部 153，边界 305
2026-09-11 16:59:57,623 DEBUG 层 6：检查 1220 格，内部 297，边界 611
2026-09-11 16:59:57,623 DEBUG 层 7：检查 2444 格，内部 606，边界 1223
2026-09-11 16:59:57,624 DEBUG 层 8：检查 4892 格，内部 1227，边界 2447
2026-09-11 16:59:57,694 DEBUG 求解结束：sampled；可行点 8447，叶格 4856，边界格边长 0.070312 m
2026-09-11 16:59:57,695 INFO number_optimized_016_n2 | A=1229.634 m²，D=49.484 m，e=9.463 m，γmin=90.0°
2026-09-11 16:59:57,699 DEBUG 层 0：检查 40000 格，内部 0，边界 7
2026-09-11 16:59:57,699 DEBUG 层 1：检查 28 格，内部 3，边界 17
2026-09-11 16:59:57,699 DEBUG 层 2：检查 68 格，内部 14，边界 35
2026-09-11 16:59:57,700 DEBUG 层 3：检查 140 格，内部 31，边界 71
2026-09-11 16:59:57,700 DEBUG 层 4：检查 284 格，内部 66，边界 138
2026-09-11 16:59:57,700 DEBUG 层 5：检查 552 格，内部 138，边界 278
2026-09-11 16:59:57,700 DEBUG 层 6：检查 1112 格，内部 271，边界 557
2026-09-11 16:59:57,700 DEBUG 层 7：检查 2228 格，内部 553，边界 1114
2026-09-11 16:59:57,701 DEBUG 层 8：检查 4456 格，内部 1116，边界 2230
2026-09-11 16:59:57,765 DEBUG 求解结束：sampled；可行点 7688，叶格 4422，边界格边长 0.070312 m
2026-09-11 16:59:57,766 INFO number_optimized_016_n3 | A=859.447 m²，D=49.281 m，e=9.346 m，γmin=45.0°
2026-09-11 16:59:57,770 DEBUG 层 0：检查 40000 格，内部 0，边界 5
2026-09-11 16:59:57,770 DEBUG 层 1：检查 20 格，内部 0，边界 9
2026-09-11 16:59:57,770 DEBUG 层 2：检查 36 格，内部 4，边界 18
2026-09-11 16:59:57,770 DEBUG 层 3：检查 72 格，内部 11，边界 38
2026-09-11 16:59:57,770 DEBUG 层 4：检查 152 格，内部 32，边界 76
2026-09-11 16:59:57,770 DEBUG 层 5：检查 304 格，内部 72，边界 150
2026-09-11 16:59:57,770 DEBUG 层 6：检查 600 格，内部 142，边界 302
2026-09-11 16:59:57,771 DEBUG 层 7：检查 1208 格，内部 296，边界 605
2026-09-11 16:59:57,772 DEBUG 层 8：检查 2420 格，内部 598，边界 1209
2026-09-11 16:59:57,809 DEBUG 求解结束：sampled；可行点 4079，叶格 2364，边界格边长 0.070312 m
2026-09-11 16:59:57,811 INFO number_optimized_016_n4 | A=225.920 m²，D=25.044 m，e=4.907 m，γmin=45.0°
2026-09-11 16:59:57,815 DEBUG 层 0：检查 40000 格，内部 0，边界 5
2026-09-11 16:59:57,815 DEBUG 层 1：检查 20 格，内部 0，边界 9
2026-09-11 16:59:57,816 DEBUG 层 2：检查 36 格，内部 4，边界 18
2026-09-11 16:59:57,816 DEBUG 层 3：检查 72 格，内部 11，边界 37
2026-09-11 16:59:57,816 DEBUG 层 4：检查 148 格，内部 31，边界 74
2026-09-11 16:59:57,816 DEBUG 层 5：检查 296 格，内部 70，边界 147
2026-09-11 16:59:57,816 DEBUG 层 6：检查 588 格，内部 139，边界 295
2026-09-11 16:59:57,817 DEBUG 层 7：检查 1180 格，内部 293，边界 590
2026-09-11 16:59:57,817 DEBUG 层 8：检查 2360 格，内部 581，边界 1181
2026-09-11 16:59:57,855 DEBUG 求解结束：sampled；可行点 3985，叶格 2310，边界格边长 0.070312 m
2026-09-11 16:59:57,856 INFO number_optimized_016_n5 | A=223.480 m²，D=25.044 m，e=4.957 m，γmin=15.0°
2026-09-11 16:59:57,861 DEBUG 层 0：检查 40000 格，内部 0，边界 5
2026-09-11 16:59:57,861 DEBUG 层 1：检查 20 格，内部 0，边界 9
2026-09-11 16:59:57,862 DEBUG 层 2：检查 36 格，内部 4，边界 18
2026-09-11 16:59:57,862 DEBUG 层 3：检查 72 格，内部 11，边界 37
2026-09-11 16:59:57,862 DEBUG 层 4：检查 148 格，内部 31，边界 74
2026-09-11 16:59:57,863 DEBUG 层 5：检查 296 格，内部 70，边界 147
2026-09-11 16:59:57,864 DEBUG 层 6：检查 588 格，内部 139，边界 295
2026-09-11 16:59:57,865 DEBUG 层 7：检查 1180 格，内部 293，边界 590
2026-09-11 16:59:57,866 DEBUG 层 8：检查 2360 格，内部 581，边界 1181
2026-09-11 16:59:57,902 DEBUG 求解结束：sampled；可行点 3985，叶格 2310，边界格边长 0.070312 m
2026-09-11 16:59:57,904 INFO number_optimized_016_n6 | A=223.480 m²，D=25.044 m，e=4.957 m，γmin=15.0°
2026-09-11 16:59:57,908 DEBUG 层 0：检查 40000 格，内部 1，边界 10
2026-09-11 16:59:57,908 DEBUG 层 1：检查 40 格，内部 4，边界 19
2026-09-11 16:59:57,908 DEBUG 层 2：检查 76 格，内部 12，边界 40
2026-09-11 16:59:57,908 DEBUG 层 3：检查 160 格，内部 34，边界 77
2026-09-11 16:59:57,908 DEBUG 层 4：检查 308 格，内部 75，边界 154
2026-09-11 16:59:57,909 DEBUG 层 5：检查 616 格，内部 149，边界 308
2026-09-11 16:59:57,909 DEBUG 层 6：检查 1232 格，内部 306，边界 617
2026-09-11 16:59:57,909 DEBUG 层 7：检查 2468 格，内部 630，边界 1232
2026-09-11 16:59:57,910 DEBUG 层 8：检查 4928 格，内部 1245，边界 2466
2026-09-11 16:59:57,973 DEBUG 求解结束：sampled；可行点 8599，叶格 4922，边界格边长 0.070312 m
2026-09-11 16:59:57,975 INFO number_optimized_017_n2 | A=1260.073 m²，D=50.714 m，e=20.271 m，γmin=90.0°
2026-09-11 16:59:57,980 DEBUG 层 0：检查 40000 格，内部 0，边界 4
2026-09-11 16:59:57,980 DEBUG 层 1：检查 16 格，内部 0，边界 5
2026-09-11 16:59:57,980 DEBUG 层 2：检查 20 格，内部 0，边界 11
2026-09-11 16:59:57,981 DEBUG 层 3：检查 44 格，内部 2，边界 20
2026-09-11 16:59:57,981 DEBUG 层 4：检查 80 格，内部 14，边界 39
2026-09-11 16:59:57,981 DEBUG 层 5：检查 156 格，内部 33，边界 78
2026-09-11 16:59:57,981 DEBUG 层 6：检查 312 格，内部 75，边界 156
2026-09-11 16:59:57,981 DEBUG 层 7：检查 624 格，内部 148，边界 312
2026-09-11 16:59:57,981 DEBUG 层 8：检查 1248 格，内部 306，边界 625
2026-09-11 16:59:57,998 DEBUG 求解结束：sampled；可行点 2047，叶格 1203，边界格边长 0.070312 m
2026-09-11 16:59:57,999 INFO number_optimized_017_n3 | A=51.689 m²，D=14.159 m，e=2.462 m，γmin=45.0°
2026-09-11 16:59:58,003 DEBUG 层 0：检查 40000 格，内部 0，边界 3
2026-09-11 16:59:58,003 DEBUG 层 1：检查 12 格，内部 0，边界 5
2026-09-11 16:59:58,003 DEBUG 层 2：检查 20 格，内部 0，边界 9
2026-09-11 16:59:58,003 DEBUG 层 3：检查 36 格，内部 2，边界 19
2026-09-11 16:59:58,004 DEBUG 层 4：检查 76 格，内部 14，边界 37
2026-09-11 16:59:58,004 DEBUG 层 5：检查 148 格，内部 31，边界 72
2026-09-11 16:59:58,004 DEBUG 层 6：检查 288 格，内部 69，边界 146
2026-09-11 16:59:58,004 DEBUG 层 7：检查 584 格，内部 137，边界 290
2026-09-11 16:59:58,004 DEBUG 层 8：检查 1160 格，内部 286，边界 581
2026-09-11 16:59:58,021 DEBUG 求解结束：sampled；可行点 1907，叶格 1120，边界格边长 0.070312 m
2026-09-11 16:59:58,023 INFO number_optimized_017_n4 | A=50.038 m²，D=12.537 m，e=2.282 m，γmin=45.0°
2026-09-11 16:59:58,027 DEBUG 层 0：检查 40000 格，内部 0，边界 3
2026-09-11 16:59:58,027 DEBUG 层 1：检查 12 格，内部 0，边界 5
2026-09-11 16:59:58,028 DEBUG 层 2：检查 20 格，内部 0，边界 9
2026-09-11 16:59:58,028 DEBUG 层 3：检查 36 格，内部 2，边界 19
2026-09-11 16:59:58,028 DEBUG 层 4：检查 76 格，内部 14，边界 37
2026-09-11 16:59:58,028 DEBUG 层 5：检查 148 格，内部 31，边界 72
2026-09-11 16:59:58,028 DEBUG 层 6：检查 288 格，内部 69，边界 146
2026-09-11 16:59:58,028 DEBUG 层 7：检查 584 格，内部 137，边界 290
2026-09-11 16:59:58,029 DEBUG 层 8：检查 1160 格，内部 286，边界 581
2026-09-11 16:59:58,047 DEBUG 求解结束：sampled；可行点 1907，叶格 1120，边界格边长 0.070312 m
2026-09-11 16:59:58,049 INFO number_optimized_017_n5 | A=50.038 m²，D=12.537 m，e=2.282 m，γmin=15.0°
2026-09-11 16:59:58,055 DEBUG 层 0：检查 40000 格，内部 0，边界 3
2026-09-11 16:59:58,056 DEBUG 层 1：检查 12 格，内部 0，边界 5
2026-09-11 16:59:58,056 DEBUG 层 2：检查 20 格，内部 0，边界 9
2026-09-11 16:59:58,056 DEBUG 层 3：检查 36 格，内部 2，边界 19
2026-09-11 16:59:58,056 DEBUG 层 4：检查 76 格，内部 14，边界 37
2026-09-11 16:59:58,057 DEBUG 层 5：检查 148 格，内部 31，边界 72
2026-09-11 16:59:58,057 DEBUG 层 6：检查 288 格，内部 69，边界 146
2026-09-11 16:59:58,057 DEBUG 层 7：检查 584 格，内部 137，边界 290
2026-09-11 16:59:58,057 DEBUG 层 8：检查 1160 格，内部 286，边界 581
2026-09-11 16:59:58,076 DEBUG 求解结束：sampled；可行点 1907，叶格 1120，边界格边长 0.070312 m
2026-09-11 16:59:58,078 INFO number_optimized_017_n6 | A=50.038 m²，D=12.537 m，e=2.282 m，γmin=15.0°
2026-09-11 16:59:58,081 DEBUG 层 0：检查 40000 格，内部 1，边界 9
2026-09-11 16:59:58,082 DEBUG 层 1：检查 36 格，内部 4，边界 18
2026-09-11 16:59:58,082 DEBUG 层 2：检查 72 格，内部 10，边界 38
2026-09-11 16:59:58,082 DEBUG 层 3：检查 152 格，内部 32，边界 76
2026-09-11 16:59:58,082 DEBUG 层 4：检查 304 格，内部 72，边界 152
2026-09-11 16:59:58,082 DEBUG 层 5：检查 608 格，内部 143，边界 301
2026-09-11 16:59:58,082 DEBUG 层 6：检查 1204 格，内部 298，边界 600
2026-09-11 16:59:58,083 DEBUG 层 7：检查 2400 格，内部 589，边界 1199
2026-09-11 16:59:58,085 DEBUG 层 8：检查 4796 格，内部 1201，边界 2400
2026-09-11 16:59:58,150 DEBUG 求解结束：sampled；可行点 8268，叶格 4750，边界格边长 0.070312 m
2026-09-11 16:59:58,152 INFO number_optimized_018_n2 | A=1201.795 m²，D=49.308 m，e=16.053 m，γmin=90.0°
2026-09-11 16:59:58,156 DEBUG 层 0：检查 40000 格，内部 0，边界 8
2026-09-11 16:59:58,157 DEBUG 层 1：检查 32 格，内部 5，边界 17
2026-09-11 16:59:58,157 DEBUG 层 2：检查 68 格，内部 9，边界 36
2026-09-11 16:59:58,157 DEBUG 层 3：检查 144 格，内部 32，边界 72
2026-09-11 16:59:58,157 DEBUG 层 4：检查 288 格，内部 71，边界 142
2026-09-11 16:59:58,157 DEBUG 层 5：检查 568 格，内部 130，边界 282
2026-09-11 16:59:58,158 DEBUG 层 6：检查 1128 格，内部 281，边界 563
2026-09-11 16:59:58,158 DEBUG 层 7：检查 2252 格，内部 555，边界 1126
2026-09-11 16:59:58,158 DEBUG 层 8：检查 4504 格，内部 1128，边界 2253
2026-09-11 16:59:58,220 DEBUG 求解结束：sampled；可行点 7765，叶格 4464，边界格边长 0.070312 m
2026-09-11 16:59:58,221 INFO number_optimized_018_n3 | A=930.040 m²，D=49.308 m，e=13.026 m，γmin=45.0°
2026-09-11 16:59:58,226 DEBUG 层 0：检查 40000 格，内部 0，边界 8
2026-09-11 16:59:58,226 DEBUG 层 1：检查 32 格，内部 4，边界 16
2026-09-11 16:59:58,226 DEBUG 层 2：检查 64 格，内部 10，边界 32
2026-09-11 16:59:58,227 DEBUG 层 3：检查 128 格，内部 26，边界 65
2026-09-11 16:59:58,227 DEBUG 层 4：检查 260 格，内部 60，边界 131
2026-09-11 16:59:58,227 DEBUG 层 5：检查 524 格，内部 118，边界 260
2026-09-11 16:59:58,227 DEBUG 层 6：检查 1040 格，内部 261，边界 521
2026-09-11 16:59:58,228 DEBUG 层 7：检查 2084 格，内部 518，边界 1042
2026-09-11 16:59:58,228 DEBUG 层 8：检查 4168 格，内部 1045，边界 2085
2026-09-11 16:59:58,284 DEBUG 求解结束：sampled；可行点 7177，叶格 4127，边界格边长 0.070312 m
2026-09-11 16:59:58,286 INFO number_optimized_018_n4 | A=817.633 m²，D=37.329 m，e=12.063 m，γmin=45.0°
2026-09-11 16:59:58,291 DEBUG 层 0：检查 40000 格，内部 0，边界 6
2026-09-11 16:59:58,291 DEBUG 层 1：检查 24 格，内部 0，边界 9
2026-09-11 16:59:58,292 DEBUG 层 2：检查 36 格，内部 2，边界 20
2026-09-11 16:59:58,292 DEBUG 层 3：检查 80 格，内部 17，边界 42
2026-09-11 16:59:58,292 DEBUG 层 4：检查 168 格，内部 27，边界 80
2026-09-11 16:59:58,293 DEBUG 层 5：检查 320 格，内部 88，边界 162
2026-09-11 16:59:58,293 DEBUG 层 6：检查 648 格，内部 130，边界 321
2026-09-11 16:59:58,293 DEBUG 层 7：检查 1284 格，内部 247，边界 642
2026-09-11 16:59:58,294 DEBUG 层 8：检查 2568 格，内部 715，边界 1284
2026-09-11 16:59:58,329 DEBUG 求解结束：sampled；可行点 4339，叶格 2510，边界格边长 0.070312 m
2026-09-11 16:59:58,330 INFO number_optimized_018_n5 | A=213.017 m²，D=28.240 m，e=11.356 m，γmin=15.0°
2026-09-11 16:59:58,335 DEBUG 层 0：检查 40000 格，内部 0，边界 5
2026-09-11 16:59:58,335 DEBUG 层 1：检查 20 格，内部 0，边界 5
2026-09-11 16:59:58,336 DEBUG 层 2：检查 20 格，内部 0，边界 10
2026-09-11 16:59:58,336 DEBUG 层 3：检查 40 格，内部 5，边界 23
2026-09-11 16:59:58,336 DEBUG 层 4：检查 92 格，内部 13，边界 42
2026-09-11 16:59:58,336 DEBUG 层 5：检查 168 格，内部 41，边界 86
2026-09-11 16:59:58,336 DEBUG 层 6：检查 344 格，内部 66，边界 169
2026-09-11 16:59:58,337 DEBUG 层 7：检查 676 格，内部 136，边界 338
2026-09-11 16:59:58,337 DEBUG 层 8：检查 1352 格，内部 331，边界 678
2026-09-11 16:59:58,356 DEBUG 求解结束：sampled；可行点 2161，叶格 1270，边界格边长 0.070312 m
2026-09-11 16:59:58,357 INFO number_optimized_018_n6 | A=67.446 m²，D=12.330 m，e=4.997 m，γmin=15.0°
2026-09-11 16:59:58,360 DEBUG 层 0：检查 40000 格，内部 1，边界 9
2026-09-11 16:59:58,360 DEBUG 层 1：检查 36 格，内部 4，边界 19
2026-09-11 16:59:58,360 DEBUG 层 2：检查 76 格，内部 11，边界 38
2026-09-11 16:59:58,360 DEBUG 层 3：检查 152 格，内部 31，边界 76
2026-09-11 16:59:58,361 DEBUG 层 4：检查 304 格，内部 78，边界 152
2026-09-11 16:59:58,361 DEBUG 层 5：检查 608 格，内部 130，边界 304
2026-09-11 16:59:58,361 DEBUG 层 6：检查 1216 格，内部 314，边界 608
2026-09-11 16:59:58,361 DEBUG 层 7：检查 2432 格，内部 573，边界 1218
2026-09-11 16:59:58,362 DEBUG 层 8：检查 4872 格，内部 1238，边界 2432
2026-09-11 16:59:58,432 DEBUG 求解结束：sampled；可行点 8364，叶格 4812，边界格边长 0.070312 m
2026-09-11 16:59:58,434 INFO number_optimized_019_n2 | A=1221.666 m²，D=49.305 m，e=2.488 m，γmin=90.0°
2026-09-11 16:59:58,437 DEBUG 层 0：检查 40000 格，内部 0，边界 9
2026-09-11 16:59:58,438 DEBUG 层 1：检查 36 格，内部 4，边界 17
2026-09-11 16:59:58,438 DEBUG 层 2：检查 68 格，内部 12，边界 34
2026-09-11 16:59:58,438 DEBUG 层 3：检查 136 格，内部 28，边界 70
2026-09-11 16:59:58,438 DEBUG 层 4：检查 280 格，内部 67，边界 139
2026-09-11 16:59:58,438 DEBUG 层 5：检查 556 格，内部 120，边界 278
2026-09-11 16:59:58,438 DEBUG 层 6：检查 1112 格，内部 285，边界 556
2026-09-11 16:59:58,438 DEBUG 层 7：检查 2224 格，内部 536，边界 1114
2026-09-11 16:59:58,439 DEBUG 层 8：检查 4456 格，内部 1100，边界 2226
2026-09-11 16:59:58,501 DEBUG 求解结束：sampled；可行点 7589，叶格 4378，边界格边长 0.070312 m
2026-09-11 16:59:58,502 INFO number_optimized_019_n3 | A=880.815 m²，D=49.305 m，e=6.662 m，γmin=45.0°
2026-09-11 16:59:58,507 DEBUG 层 0：检查 40000 格，内部 0，边界 7
2026-09-11 16:59:58,507 DEBUG 层 1：检查 28 格，内部 3，边界 15
2026-09-11 16:59:58,507 DEBUG 层 2：检查 60 格，内部 12，边界 32
2026-09-11 16:59:58,508 DEBUG 层 3：检查 128 格，内部 24，边界 62
2026-09-11 16:59:58,508 DEBUG 层 4：检查 248 格，内部 57，边界 125
2026-09-11 16:59:58,508 DEBUG 层 5：检查 500 格，内部 106，边界 250
2026-09-11 16:59:58,509 DEBUG 层 6：检查 1000 格，内部 252，边界 501
2026-09-11 16:59:58,509 DEBUG 层 7：检查 2004 格，内部 481，边界 1004
2026-09-11 16:59:58,510 DEBUG 层 8：检查 4016 格，内部 990，边界 2006
2026-09-11 16:59:58,566 DEBUG 求解结束：sampled；可行点 6812，叶格 3931，边界格边长 0.070312 m
2026-09-11 16:59:58,569 INFO number_optimized_019_n4 | A=757.109 m²，D=37.550 m，e=6.985 m，γmin=45.0°
2026-09-11 16:59:58,573 DEBUG 层 0：检查 40000 格，内部 0，边界 4
2026-09-11 16:59:58,574 DEBUG 层 1：检查 16 格，内部 0，边界 11
2026-09-11 16:59:58,574 DEBUG 层 2：检查 44 格，内部 2，边界 25
2026-09-11 16:59:58,574 DEBUG 层 3：检查 100 格，内部 22，边界 50
2026-09-11 16:59:58,574 DEBUG 层 4：检查 200 格，内部 51，边界 102
2026-09-11 16:59:58,574 DEBUG 层 5：检查 408 格，内部 71，边界 203
2026-09-11 16:59:58,574 DEBUG 层 6：检查 812 格，内部 239，边界 407
2026-09-11 16:59:58,575 DEBUG 层 7：检查 1628 格，内部 454，边界 814
2026-09-11 16:59:58,575 DEBUG 层 8：检查 3256 格，内部 792，边界 1628
2026-09-11 16:59:58,617 DEBUG 求解结束：sampled；可行点 5654，叶格 3259，边界格边长 0.070312 m
2026-09-11 16:59:58,619 INFO number_optimized_019_n5 | A=278.328 m²，D=36.252 m，e=4.840 m，γmin=15.0°
2026-09-11 16:59:58,623 DEBUG 层 0：检查 40000 格，内部 0，边界 4
2026-09-11 16:59:58,624 DEBUG 层 1：检查 16 格，内部 0，边界 11
2026-09-11 16:59:58,625 DEBUG 层 2：检查 44 格，内部 2，边界 24
2026-09-11 16:59:58,625 DEBUG 层 3：检查 96 格，内部 22，边界 48
2026-09-11 16:59:58,625 DEBUG 层 4：检查 192 格，内部 48，边界 100
2026-09-11 16:59:58,626 DEBUG 层 5：检查 400 格，内部 70，边界 198
2026-09-11 16:59:58,626 DEBUG 层 6：检查 792 格，内部 235，边界 394
2026-09-11 16:59:58,627 DEBUG 层 7：检查 1576 格，内部 448，边界 788
2026-09-11 16:59:58,627 DEBUG 层 8：检查 3152 格，内部 756，边界 1576
2026-09-11 16:59:58,670 DEBUG 求解结束：sampled；可行点 5478，叶格 3157，边界格边长 0.070312 m
2026-09-11 16:59:58,671 INFO number_optimized_019_n6 | A=273.360 m²，D=35.314 m，e=5.194 m，γmin=15.0°
2026-09-11 16:59:58,675 DEBUG 层 0：检查 40000 格，内部 1，边界 9
2026-09-11 16:59:58,675 DEBUG 层 1：检查 36 格，内部 2，边界 21
2026-09-11 16:59:58,675 DEBUG 层 2：检查 84 格，内部 19，边界 44
2026-09-11 16:59:58,675 DEBUG 层 3：检查 176 格，内部 35，边界 85
2026-09-11 16:59:58,675 DEBUG 层 4：检查 340 格，内部 81，边界 171
2026-09-11 16:59:58,676 DEBUG 层 5：检查 684 格，内部 164，边界 343
2026-09-11 16:59:58,676 DEBUG 层 6：检查 1372 格，内部 330，边界 688
2026-09-11 16:59:58,676 DEBUG 层 7：检查 2752 格，内部 682，边界 1377
2026-09-11 16:59:58,677 DEBUG 层 8：检查 5508 格，内部 1367，边界 2754
2026-09-11 16:59:58,755 DEBUG 求解结束：sampled；可行点 9448，叶格 5435，边界格边长 0.070312 m
2026-09-11 16:59:58,758 INFO number_optimized_020_n2 | A=1262.225 m²，D=50.766 m，e=20.886 m，γmin=90.0°
2026-09-11 16:59:58,763 DEBUG 层 0：检查 40000 格，内部 0，边界 7
2026-09-11 16:59:58,764 DEBUG 层 1：检查 28 格，内部 2，边界 18
2026-09-11 16:59:58,764 DEBUG 层 2：检查 72 格，内部 15，边界 37
2026-09-11 16:59:58,764 DEBUG 层 3：检查 148 格，内部 30，边界 72
2026-09-11 16:59:58,764 DEBUG 层 4：检查 288 格，内部 68，边界 144
2026-09-11 16:59:58,764 DEBUG 层 5：检查 576 格，内部 139，边界 287
2026-09-11 16:59:58,764 DEBUG 层 6：检查 1148 格，内部 271，边界 577
2026-09-11 16:59:58,765 DEBUG 层 7：检查 2308 格，内部 565，边界 1154
2026-09-11 16:59:58,765 DEBUG 层 8：检查 4616 格，内部 1143，边界 2307
2026-09-11 16:59:58,830 DEBUG 求解结束：sampled；可行点 7886，叶格 4540，边界格边长 0.070312 m
2026-09-11 16:59:58,831 INFO number_optimized_020_n3 | A=797.200 m²，D=49.335 m，e=14.499 m，γmin=45.0°
2026-09-11 16:59:58,837 DEBUG 层 0：检查 40000 格，内部 0，边界 5
2026-09-11 16:59:58,837 DEBUG 层 1：检查 20 格，内部 1，边界 12
2026-09-11 16:59:58,838 DEBUG 层 2：检查 48 格，内部 8，边界 27
2026-09-11 16:59:58,838 DEBUG 层 3：检查 108 格，内部 20，边界 52
2026-09-11 16:59:58,838 DEBUG 层 4：检查 208 格，内部 49，边界 106
2026-09-11 16:59:58,839 DEBUG 层 5：检查 424 格，内部 99，边界 214
2026-09-11 16:59:58,839 DEBUG 层 6：检查 856 格，内部 202，边界 430
2026-09-11 16:59:58,839 DEBUG 层 7：检查 1720 格，内部 422，边界 864
2026-09-11 16:59:58,840 DEBUG 层 8：检查 3456 格，内部 859，边界 1727
2026-09-11 16:59:58,890 DEBUG 求解结束：sampled；可行点 5872，叶格 3387，边界格边长 0.070312 m
2026-09-11 16:59:58,893 INFO number_optimized_020_n4 | A=474.591 m²，D=35.244 m，e=15.797 m，γmin=45.0°
2026-09-11 16:59:58,897 DEBUG 层 0：检查 40000 格，内部 0，边界 5
2026-09-11 16:59:58,897 DEBUG 层 1：检查 20 格，内部 0，边界 9
2026-09-11 16:59:58,897 DEBUG 层 2：检查 36 格，内部 7，边界 23
2026-09-11 16:59:58,898 DEBUG 层 3：检查 92 格，内部 11，边界 44
2026-09-11 16:59:58,898 DEBUG 层 4：检查 176 格，内部 44，边界 90
2026-09-11 16:59:58,898 DEBUG 层 5：检查 360 格，内部 72，边界 180
2026-09-11 16:59:58,898 DEBUG 层 6：检查 720 格，内部 151，边界 362
2026-09-11 16:59:58,898 DEBUG 层 7：检查 1448 格，内部 383，边界 726
2026-09-11 16:59:58,899 DEBUG 层 8：检查 2904 格，内部 727，边界 1451
2026-09-11 16:59:58,942 DEBUG 求解结束：sampled；可行点 4939，叶格 2846，边界格边长 0.070312 m
2026-09-11 16:59:58,944 INFO number_optimized_020_n5 | A=306.122 m²，D=35.037 m，e=12.505 m，γmin=15.0°
2026-09-11 16:59:58,950 DEBUG 层 0：检查 40000 格，内部 0，边界 4
2026-09-11 16:59:58,951 DEBUG 层 1：检查 16 格，内部 0，边界 5
2026-09-11 16:59:58,951 DEBUG 层 2：检查 20 格，内部 1，边界 15
2026-09-11 16:59:58,951 DEBUG 层 3：检查 60 格，内部 10，边界 28
2026-09-11 16:59:58,951 DEBUG 层 4：检查 112 格，内部 25，边界 59
2026-09-11 16:59:58,952 DEBUG 层 5：检查 236 格，内部 45，边界 117
2026-09-11 16:59:58,952 DEBUG 层 6：检查 468 格，内部 94，边界 235
2026-09-11 16:59:58,952 DEBUG 层 7：检查 940 格，内部 265，边界 471
2026-09-11 16:59:58,952 DEBUG 层 8：检查 1884 格，内部 458，边界 942
2026-09-11 16:59:58,981 DEBUG 求解结束：sampled；可行点 3174，叶格 1840，边界格边长 0.070312 m
2026-09-11 16:59:58,982 INFO number_optimized_020_n6 | A=136.263 m²，D=22.222 m，e=7.544 m，γmin=15.0°
2026-09-11 16:59:58,986 DEBUG 层 0：检查 40000 格，内部 1，边界 12
2026-09-11 16:59:58,986 DEBUG 层 1：检查 48 格，内部 0，边界 21
2026-09-11 16:59:58,986 DEBUG 层 2：检查 84 格，内部 21，边界 44
2026-09-11 16:59:58,986 DEBUG 层 3：检查 176 格，内部 45，边界 88
2026-09-11 16:59:58,987 DEBUG 层 4：检查 352 格，内部 114，边界 176
2026-09-11 16:59:58,987 DEBUG 层 5：检查 704 格，内部 166，边界 352
2026-09-11 16:59:58,987 DEBUG 层 6：检查 1408 格，内部 271，边界 704
2026-09-11 16:59:58,987 DEBUG 层 7：检查 2816 格，内部 783，边界 1408
2026-09-11 16:59:58,988 DEBUG 层 8：检查 5632 格，内部 1554，边界 2817
2026-09-11 16:59:59,062 DEBUG 求解结束：sampled；可行点 10084，叶格 5772，边界格边长 0.070312 m
2026-09-11 16:59:59,063 INFO number_optimized_021_n2 | A=1231.375 m²，D=49.641 m，e=20.751 m，γmin=90.0°
2026-09-11 16:59:59,067 DEBUG 层 0：检查 40000 格，内部 0，边界 9
2026-09-11 16:59:59,067 DEBUG 层 1：检查 36 格，内部 0，边界 13
2026-09-11 16:59:59,068 DEBUG 层 2：检查 52 格，内部 12，边界 31
2026-09-11 16:59:59,068 DEBUG 层 3：检查 124 格，内部 43，边界 66
2026-09-11 16:59:59,068 DEBUG 层 4：检查 264 格，内部 56，边界 130
2026-09-11 16:59:59,069 DEBUG 层 5：检查 520 格，内部 186，边界 264
2026-09-11 16:59:59,069 DEBUG 层 6：检查 1056 格，内部 137，边界 528
2026-09-11 16:59:59,070 DEBUG 层 7：检查 2112 格，内部 669，边界 1055
2026-09-11 16:59:59,070 DEBUG 层 8：检查 4220 格，内部 1326，边界 2110
2026-09-11 16:59:59,125 DEBUG 求解结束：sampled；可行点 7972，叶格 4539，边界格边长 0.070312 m
2026-09-11 16:59:59,126 INFO number_optimized_021_n3 | A=630.536 m²，D=49.275 m，e=21.067 m，γmin=45.0°
2026-09-11 16:59:59,131 DEBUG 层 0：检查 40000 格，内部 0，边界 3
2026-09-11 16:59:59,131 DEBUG 层 1：检查 12 格，内部 0，边界 3
2026-09-11 16:59:59,132 DEBUG 层 2：检查 12 格，内部 0，边界 6
2026-09-11 16:59:59,132 DEBUG 层 3：检查 24 格，内部 3，边界 18
2026-09-11 16:59:59,132 DEBUG 层 4：检查 72 格，内部 9，边界 34
2026-09-11 16:59:59,132 DEBUG 层 5：检查 136 格，内部 52，边界 74
2026-09-11 16:59:59,133 DEBUG 层 6：检查 296 格，内部 17，边界 145
2026-09-11 16:59:59,133 DEBUG 层 7：检查 580 格，内部 174，边界 290
2026-09-11 16:59:59,133 DEBUG 层 8：检查 1160 格，内部 489，边界 580
2026-09-11 16:59:59,154 DEBUG 求解结束：sampled；可行点 2378，叶格 1324，边界格边长 0.070312 m
2026-09-11 16:59:59,155 INFO number_optimized_021_n4 | A=52.790 m²，D=14.171 m，e=2.552 m，γmin=45.0°
2026-09-11 16:59:59,160 DEBUG 层 0：检查 40000 格，内部 0，边界 3
2026-09-11 16:59:59,160 DEBUG 层 1：检查 12 格，内部 0，边界 3
2026-09-11 16:59:59,160 DEBUG 层 2：检查 12 格，内部 0，边界 6
2026-09-11 16:59:59,160 DEBUG 层 3：检查 24 格，内部 3，边界 18
2026-09-11 16:59:59,160 DEBUG 层 4：检查 72 格，内部 9，边界 34
2026-09-11 16:59:59,160 DEBUG 层 5：检查 136 格，内部 52，边界 74
2026-09-11 16:59:59,161 DEBUG 层 6：检查 296 格，内部 17，边界 145
2026-09-11 16:59:59,161 DEBUG 层 7：检查 580 格，内部 174，边界 290
2026-09-11 16:59:59,161 DEBUG 层 8：检查 1160 格，内部 489，边界 580
2026-09-11 16:59:59,179 DEBUG 求解结束：sampled；可行点 2378，叶格 1324，边界格边长 0.070312 m
2026-09-11 16:59:59,180 INFO number_optimized_021_n5 | A=52.790 m²，D=14.171 m，e=2.552 m，γmin=15.0°
2026-09-11 16:59:59,187 DEBUG 层 0：检查 40000 格，内部 0，边界 3
2026-09-11 16:59:59,187 DEBUG 层 1：检查 12 格，内部 0，边界 3
2026-09-11 16:59:59,187 DEBUG 层 2：检查 12 格，内部 0，边界 6
2026-09-11 16:59:59,187 DEBUG 层 3：检查 24 格，内部 3，边界 18
2026-09-11 16:59:59,188 DEBUG 层 4：检查 72 格，内部 9，边界 34
2026-09-11 16:59:59,188 DEBUG 层 5：检查 136 格，内部 51，边界 72
2026-09-11 16:59:59,188 DEBUG 层 6：检查 288 格，内部 19，边界 143
2026-09-11 16:59:59,188 DEBUG 层 7：检查 572 格，内部 177，边界 286
2026-09-11 16:59:59,189 DEBUG 层 8：检查 1144 格，内部 472，边界 572
2026-09-11 16:59:59,209 DEBUG 求解结束：sampled；可行点 2352，叶格 1303，边界格边长 0.070312 m
2026-09-11 16:59:59,210 INFO number_optimized_021_n6 | A=52.588 m²，D=13.823 m，e=2.551 m，γmin=15.0°
2026-09-11 16:59:59,214 DEBUG 层 0：检查 40000 格，内部 0，边界 10
2026-09-11 16:59:59,215 DEBUG 层 1：检查 40 格，内部 6，边界 20
2026-09-11 16:59:59,215 DEBUG 层 2：检查 80 格，内部 20，边界 38
2026-09-11 16:59:59,215 DEBUG 层 3：检查 152 格，内部 32，边界 77
2026-09-11 16:59:59,215 DEBUG 层 4：检查 308 格，内部 73，边界 153
2026-09-11 16:59:59,215 DEBUG 层 5：检查 612 格，内部 149，边界 308
2026-09-11 16:59:59,215 DEBUG 层 6：检查 1232 格，内部 304，边界 615
2026-09-11 16:59:59,216 DEBUG 层 7：检查 2460 格，内部 603，边界 1228
2026-09-11 16:59:59,216 DEBUG 层 8：检查 4912 格，内部 1230，边界 2456
2026-09-11 16:59:59,286 DEBUG 求解结束：sampled；可行点 8483，叶格 4873，边界格边长 0.070312 m
2026-09-11 16:59:59,288 INFO number_optimized_022_n2 | A=1246.623 m²，D=50.182 m，e=13.026 m，γmin=90.0°
2026-09-11 16:59:59,294 DEBUG 层 0：检查 40000 格，内部 0，边界 7
2026-09-11 16:59:59,294 DEBUG 层 1：检查 28 格，内部 1，边界 16
2026-09-11 16:59:59,294 DEBUG 层 2：检查 64 格，内部 13，边界 32
2026-09-11 16:59:59,295 DEBUG 层 3：检查 128 格，内部 27，边界 67
2026-09-11 16:59:59,295 DEBUG 层 4：检查 268 格，内部 59，边界 135
2026-09-11 16:59:59,295 DEBUG 层 5：检查 540 格，内部 133，边界 272
2026-09-11 16:59:59,295 DEBUG 层 6：检查 1088 格，内部 272，边界 543
2026-09-11 16:59:59,296 DEBUG 层 7：检查 2172 格，内部 528，边界 1086
2026-09-11 16:59:59,296 DEBUG 层 8：检查 4344 格，内部 1084，边界 2171
2026-09-11 16:59:59,350 DEBUG 求解结束：sampled；可行点 7452，叶格 4288，边界格边长 0.070312 m
2026-09-11 16:59:59,351 INFO number_optimized_022_n3 | A=645.646 m²，D=49.270 m，e=5.425 m，γmin=45.0°
2026-09-11 16:59:59,356 DEBUG 层 0：检查 40000 格，内部 0，边界 6
2026-09-11 16:59:59,357 DEBUG 层 1：检查 24 格，内部 1，边界 14
2026-09-11 16:59:59,357 DEBUG 层 2：检查 56 格，内部 11，边界 28
2026-09-11 16:59:59,357 DEBUG 层 3：检查 112 格，内部 21，边界 56
2026-09-11 16:59:59,358 DEBUG 层 4：检查 224 格，内部 48，边界 115
2026-09-11 16:59:59,358 DEBUG 层 5：检查 460 格，内部 109，边界 233
2026-09-11 16:59:59,358 DEBUG 层 6：检查 932 格，内部 231，边界 463
2026-09-11 16:59:59,358 DEBUG 层 7：检查 1852 格，内部 446，边界 923
2026-09-11 16:59:59,359 DEBUG 层 8：检查 3692 格，内部 917，边界 1849
2026-09-11 16:59:59,418 DEBUG 求解结束：sampled；可行点 6302，叶格 3633，边界格边长 0.070312 m
2026-09-11 16:59:59,419 INFO number_optimized_022_n4 | A=545.965 m²，D=37.698 m，e=6.982 m，γmin=45.0°
2026-09-11 16:59:59,424 DEBUG 层 0：检查 40000 格，内部 0，边界 6
2026-09-11 16:59:59,425 DEBUG 层 1：检查 24 格，内部 1，边界 13
2026-09-11 16:59:59,425 DEBUG 层 2：检查 52 格，内部 8，边界 28
2026-09-11 16:59:59,425 DEBUG 层 3：检查 112 格，内部 24，边界 54
2026-09-11 16:59:59,425 DEBUG 层 4：检查 216 格，内部 53，边界 112
2026-09-11 16:59:59,426 DEBUG 层 5：检查 448 格，内部 112，边界 227
2026-09-11 16:59:59,426 DEBUG 层 6：检查 908 格，内部 216，边界 451
2026-09-11 16:59:59,427 DEBUG 层 7：检查 1804 格，内部 420，边界 899
2026-09-11 16:59:59,427 DEBUG 层 8：检查 3596 格，内部 884，边界 1801
2026-09-11 16:59:59,485 DEBUG 求解结束：sampled；可行点 6098，叶格 3519，边界格边长 0.070312 m
2026-09-11 16:59:59,486 INFO number_optimized_022_n5 | A=505.498 m²，D=37.698 m，e=7.628 m，γmin=15.0°
2026-09-11 16:59:59,492 DEBUG 层 0：检查 40000 格，内部 0，边界 6
2026-09-11 16:59:59,492 DEBUG 层 1：检查 24 格，内部 1，边界 12
2026-09-11 16:59:59,492 DEBUG 层 2：检查 48 格，内部 6，边界 26
2026-09-11 16:59:59,493 DEBUG 层 3：检查 104 格，内部 24，边界 50
2026-09-11 16:59:59,493 DEBUG 层 4：检查 200 格，内部 50，边界 103
2026-09-11 16:59:59,493 DEBUG 层 5：检查 412 格，内部 98，边界 210
2026-09-11 16:59:59,493 DEBUG 层 6：检查 840 格，内部 201，边界 417
2026-09-11 16:59:59,494 DEBUG 层 7：检查 1668 格，内部 394，边界 830
2026-09-11 16:59:59,494 DEBUG 层 8：检查 3320 格，内部 821，边界 1662
2026-09-11 16:59:59,546 DEBUG 求解结束：sampled；可行点 5648，叶格 3257，边界格边长 0.070312 m
2026-09-11 16:59:59,548 INFO number_optimized_022_n6 | A=454.076 m²，D=36.999 m，e=8.629 m，γmin=15.0°
2026-09-11 16:59:59,551 DEBUG 层 0：检查 40000 格，内部 0，边界 10
2026-09-11 16:59:59,552 DEBUG 层 1：检查 40 格，内部 7，边界 19
2026-09-11 16:59:59,552 DEBUG 层 2：检查 76 格，内部 15，边界 36
2026-09-11 16:59:59,552 DEBUG 层 3：检查 144 格，内部 29，边界 76
2026-09-11 16:59:59,552 DEBUG 层 4：检查 304 格，内部 68，边界 150
2026-09-11 16:59:59,552 DEBUG 层 5：检查 600 格，内部 147，边界 302
2026-09-11 16:59:59,552 DEBUG 层 6：检查 1208 格，内部 290，边界 602
2026-09-11 16:59:59,553 DEBUG 层 7：检查 2408 格，内部 592，边界 1203
2026-09-11 16:59:59,553 DEBUG 层 8：检查 4812 格，内部 1195，边界 2408
2026-09-11 16:59:59,616 DEBUG 求解结束：sampled；可行点 8261，叶格 4751，边界格边长 0.070312 m
2026-09-11 16:59:59,618 INFO number_optimized_023_n2 | A=1202.516 m²，D=49.311 m，e=13.193 m，γmin=90.0°
2026-09-11 16:59:59,622 DEBUG 层 0：检查 40000 格，内部 0，边界 9
2026-09-11 16:59:59,622 DEBUG 层 1：检查 36 格，内部 4，边界 18
2026-09-11 16:59:59,622 DEBUG 层 2：检查 72 格，内部 15，边界 34
2026-09-11 16:59:59,623 DEBUG 层 3：检查 136 格，内部 28，边界 70
2026-09-11 16:59:59,623 DEBUG 层 4：检查 280 格，内部 59，边界 140
2026-09-11 16:59:59,623 DEBUG 层 5：检查 560 格，内部 133，边界 282
2026-09-11 16:59:59,623 DEBUG 层 6：检查 1128 格，内部 274，边界 562
2026-09-11 16:59:59,624 DEBUG 层 7：检查 2248 格，内部 551，边界 1125
2026-09-11 16:59:59,624 DEBUG 层 8：检查 4500 格，内部 1120，边界 2252
2026-09-11 16:59:59,692 DEBUG 求解结束：sampled；可行点 7713，叶格 4436，边界格边长 0.070312 m
2026-09-11 16:59:59,695 INFO number_optimized_023_n3 | A=935.390 m²，D=49.311 m，e=9.452 m，γmin=45.0°
2026-09-11 16:59:59,702 DEBUG 层 0：检查 40000 格，内部 0，边界 9
2026-09-11 16:59:59,702 DEBUG 层 1：检查 36 格，内部 3，边界 17
2026-09-11 16:59:59,702 DEBUG 层 2：检查 68 格，内部 13，边界 33
2026-09-11 16:59:59,702 DEBUG 层 3：检查 132 格，内部 31，边界 64
2026-09-11 16:59:59,702 DEBUG 层 4：检查 256 格，内部 61，边界 130
2026-09-11 16:59:59,703 DEBUG 层 5：检查 520 格，内部 125，边界 262
2026-09-11 16:59:59,703 DEBUG 层 6：检查 1048 格，内部 254，边界 522
2026-09-11 16:59:59,703 DEBUG 层 7：检查 2088 格，内部 515，边界 1046
2026-09-11 16:59:59,704 DEBUG 层 8：检查 4184 格，内部 1038，边界 2093
2026-09-11 16:59:59,763 DEBUG 求解结束：sampled；可行点 7186，叶格 4133，边界格边长 0.070312 m
2026-09-11 16:59:59,766 INFO number_optimized_023_n4 | A=825.561 m²，D=37.442 m，e=8.946 m，γmin=45.0°
2026-09-11 16:59:59,770 DEBUG 层 0：检查 40000 格，内部 0，边界 6
2026-09-11 16:59:59,770 DEBUG 层 1：检查 24 格，内部 0，边界 11
2026-09-11 16:59:59,771 DEBUG 层 2：检查 44 格，内部 9，边界 23
2026-09-11 16:59:59,771 DEBUG 层 3：检查 92 格，内部 17，边界 48
2026-09-11 16:59:59,771 DEBUG 层 4：检查 192 格，内部 40，边界 94
2026-09-11 16:59:59,771 DEBUG 层 5：检查 376 格，内部 88，边界 189
2026-09-11 16:59:59,771 DEBUG 层 6：检查 756 格，内部 181，边界 378
2026-09-11 16:59:59,772 DEBUG 层 7：检查 1512 格，内部 378，边界 756
2026-09-11 16:59:59,772 DEBUG 层 8：检查 3024 格，内部 752，边界 1512
2026-09-11 16:59:59,813 DEBUG 求解结束：sampled；可行点 5155，叶格 2977，边界格边长 0.070312 m
2026-09-11 16:59:59,814 INFO number_optimized_023_n5 | A=379.683 m²，D=33.247 m，e=1.779 m，γmin=15.0°
2026-09-11 16:59:59,819 DEBUG 层 0：检查 40000 格，内部 0，边界 5
2026-09-11 16:59:59,820 DEBUG 层 1：检查 20 格，内部 0，边界 9
2026-09-11 16:59:59,820 DEBUG 层 2：检查 36 格，内部 4，边界 20
2026-09-11 16:59:59,820 DEBUG 层 3：检查 80 格，内部 17，边界 41
2026-09-11 16:59:59,821 DEBUG 层 4：检查 164 格，内部 41，边界 81
2026-09-11 16:59:59,821 DEBUG 层 5：检查 324 格，内部 65，边界 161
2026-09-11 16:59:59,821 DEBUG 层 6：检查 644 格，内部 172，边界 322
2026-09-11 16:59:59,821 DEBUG 层 7：检查 1288 格，内部 298，边界 644
2026-09-11 16:59:59,823 DEBUG 层 8：检查 2576 格，内部 674，边界 1286
2026-09-11 16:59:59,863 DEBUG 求解结束：sampled；可行点 4431，叶格 2557，边界格边长 0.070312 m
2026-09-11 16:59:59,865 INFO number_optimized_023_n6 | A=268.554 m²，D=29.585 m，e=3.766 m，γmin=15.0°
2026-09-11 16:59:59,868 DEBUG 层 0：检查 40000 格，内部 1，边界 8
2026-09-11 16:59:59,869 DEBUG 层 1：检查 32 格，内部 5，边界 16
2026-09-11 16:59:59,869 DEBUG 层 2：检查 64 格，内部 13，边界 32
2026-09-11 16:59:59,869 DEBUG 层 3：检查 128 格，内部 9，边界 62
2026-09-11 16:59:59,869 DEBUG 层 4：检查 248 格，内部 95，边界 126
2026-09-11 16:59:59,869 DEBUG 层 5：检查 504 格，内部 72，边界 254
2026-09-11 16:59:59,869 DEBUG 层 6：检查 1016 格，内部 339，边界 508
2026-09-11 16:59:59,869 DEBUG 层 7：检查 2032 格，内部 578，边界 1016
2026-09-11 16:59:59,871 DEBUG 层 8：检查 4064 格，内部 1154，边界 2032
2026-09-11 16:59:59,930 DEBUG 求解结束：sampled；可行点 7529，叶格 4298，边界格边长 0.070312 m
2026-09-11 16:59:59,932 INFO number_optimized_024_n2 | A=1234.563 m²，D=49.768 m，e=16.119 m，γmin=90.0°
2026-09-11 16:59:59,936 DEBUG 层 0：检查 40000 格，内部 1，边界 8
2026-09-11 16:59:59,937 DEBUG 层 1：检查 32 格，内部 4，边界 16
2026-09-11 16:59:59,937 DEBUG 层 2：检查 64 格，内部 7，边界 32
2026-09-11 16:59:59,937 DEBUG 层 3：检查 128 格，内部 18，边界 62
2026-09-11 16:59:59,937 DEBUG 层 4：检查 248 格，内部 77，边界 126
2026-09-11 16:59:59,937 DEBUG 层 5：检查 504 格，内部 70，边界 254
2026-09-11 16:59:59,937 DEBUG 层 6：检查 1016 格，内部 313，边界 508
2026-09-11 16:59:59,938 DEBUG 层 7：检查 2032 格，内部 563，边界 1014
2026-09-11 16:59:59,938 DEBUG 层 8：检查 4056 格，内部 1032，边界 2028
2026-09-11 16:59:59,994 DEBUG 求解结束：sampled；可行点 7232，叶格 4113，边界格边长 0.070312 m
2026-09-11 16:59:59,995 INFO number_optimized_024_n3 | A=1051.089 m²，D=49.282 m，e=17.363 m，γmin=45.0°
2026-09-11 16:59:59,999 DEBUG 层 0：检查 40000 格，内部 0，边界 8
2026-09-11 16:59:59,999 DEBUG 层 1：检查 32 格，内部 3，边界 15
2026-09-11 17:00:00,000 DEBUG 层 2：检查 60 格，内部 5，边界 28
2026-09-11 17:00:00,000 DEBUG 层 3：检查 112 格，内部 21，边界 54
2026-09-11 17:00:00,000 DEBUG 层 4：检查 216 格，内部 79，边界 111
2026-09-11 17:00:00,000 DEBUG 层 5：检查 444 格，内部 68，边界 224
2026-09-11 17:00:00,000 DEBUG 层 6：检查 896 格，内部 278，边界 447
2026-09-11 17:00:00,001 DEBUG 层 7：检查 1788 格，内部 482，边界 891
2026-09-11 17:00:00,001 DEBUG 层 8：检查 3564 格，内部 904，边界 1782
2026-09-11 17:00:00,047 DEBUG 求解结束：sampled；可行点 6368，叶格 3622，边界格边长 0.070312 m
2026-09-11 17:00:00,049 INFO number_optimized_024_n4 | A=616.513 m²，D=38.196 m，e=12.309 m，γmin=45.0°
2026-09-11 17:00:00,053 DEBUG 层 0：检查 40000 格，内部 0，边界 8
2026-09-11 17:00:00,053 DEBUG 层 1：检查 32 格，内部 2，边界 15
2026-09-11 17:00:00,053 DEBUG 层 2：检查 60 格，内部 7，边界 28
2026-09-11 17:00:00,054 DEBUG 层 3：检查 112 格，内部 21，边界 54
2026-09-11 17:00:00,054 DEBUG 层 4：检查 216 格，内部 80，边界 111
2026-09-11 17:00:00,054 DEBUG 层 5：检查 444 格，内部 83，边界 224
2026-09-11 17:00:00,054 DEBUG 层 6：检查 896 格，内部 247，边界 447
2026-09-11 17:00:00,054 DEBUG 层 7：检查 1788 格，内部 425，边界 891
2026-09-11 17:00:00,055 DEBUG 层 8：检查 3564 格，内部 880，边界 1782
2026-09-11 17:00:00,096 DEBUG 求解结束：sampled；可行点 6124，叶格 3527，边界格边长 0.070312 m
2026-09-11 17:00:00,097 INFO number_optimized_024_n5 | A=578.316 m²，D=35.992 m，e=13.121 m，γmin=15.0°
2026-09-11 17:00:00,102 DEBUG 层 0：检查 40000 格，内部 0，边界 5
2026-09-11 17:00:00,103 DEBUG 层 1：检查 20 格，内部 0，边界 8
2026-09-11 17:00:00,103 DEBUG 层 2：检查 32 格，内部 4，边界 16
2026-09-11 17:00:00,103 DEBUG 层 3：检查 64 格，内部 5，边界 30
2026-09-11 17:00:00,103 DEBUG 层 4：检查 120 格，内部 36，边界 64
2026-09-11 17:00:00,104 DEBUG 层 5：检查 256 格，内部 42，边界 128
2026-09-11 17:00:00,104 DEBUG 层 6：检查 512 格，内部 138，边界 257
2026-09-11 17:00:00,105 DEBUG 层 7：检查 1028 格，内部 216，边界 514
2026-09-11 17:00:00,105 DEBUG 层 8：检查 2056 格，内部 524，边界 1025
2026-09-11 17:00:00,136 DEBUG 求解结束：sampled；可行点 3430，叶格 1990，边界格边长 0.070312 m
2026-09-11 17:00:00,138 INFO number_optimized_024_n6 | A=187.824 m²，D=21.868 m，e=6.598 m，γmin=15.0°
2026-09-11 17:00:00,141 DEBUG 层 0：检查 40000 格，内部 0，边界 11
2026-09-11 17:00:00,141 DEBUG 层 1：检查 44 格，内部 5，边界 20
2026-09-11 17:00:00,142 DEBUG 层 2：检查 80 格，内部 15，边界 42
2026-09-11 17:00:00,142 DEBUG 层 3：检查 168 格，内部 48，边界 86
2026-09-11 17:00:00,142 DEBUG 层 4：检查 344 格，内部 105，边界 174
2026-09-11 17:00:00,142 DEBUG 层 5：检查 696 格，内部 206，边界 349
2026-09-11 17:00:00,142 DEBUG 层 6：检查 1396 格，内部 319，边界 698
2026-09-11 17:00:00,143 DEBUG 层 7：检查 2792 格，内部 716，边界 1396
2026-09-11 17:00:00,143 DEBUG 层 8：检查 5584 格，内部 1420，边界 2793
2026-09-11 17:00:00,222 DEBUG 求解结束：sampled；可行点 9804，叶格 5627，边界格边长 0.070312 m
2026-09-11 17:00:00,224 INFO number_optimized_025_n2 | A=1209.895 m²，D=49.329 m，e=13.171 m，γmin=90.0°
2026-09-11 17:00:00,227 DEBUG 层 0：检查 40000 格，内部 0，边界 9
2026-09-11 17:00:00,227 DEBUG 层 1：检查 36 格，内部 1，边界 15
2026-09-11 17:00:00,228 DEBUG 层 2：检查 60 格，内部 5，边界 28
2026-09-11 17:00:00,228 DEBUG 层 3：检查 112 格，内部 21，边界 55
2026-09-11 17:00:00,228 DEBUG 层 4：检查 220 格，内部 47，边界 109
2026-09-11 17:00:00,228 DEBUG 层 5：检查 436 格，内部 166，边界 221
2026-09-11 17:00:00,228 DEBUG 层 6：检查 884 格，内部 149，边界 443
2026-09-11 17:00:00,229 DEBUG 层 7：检查 1772 格，内部 517，边界 883
2026-09-11 17:00:00,230 DEBUG 层 8：检查 3532 格，内部 811，边界 1766
2026-09-11 17:00:00,276 DEBUG 求解结束：sampled；可行点 6040，叶格 3483，边界格边长 0.070312 m
2026-09-11 17:00:00,278 INFO number_optimized_025_n3 | A=434.963 m²，D=40.922 m，e=9.640 m，γmin=45.0°
2026-09-11 17:00:00,282 DEBUG 层 0：检查 40000 格，内部 0，边界 5
2026-09-11 17:00:00,283 DEBUG 层 1：检查 20 格，内部 1，边界 11
2026-09-11 17:00:00,283 DEBUG 层 2：检查 44 格，内部 4，边界 23
2026-09-11 17:00:00,283 DEBUG 层 3：检查 92 格，内部 19，边界 46
2026-09-11 17:00:00,283 DEBUG 层 4：检查 184 格，内部 43，边界 92
2026-09-11 17:00:00,283 DEBUG 层 5：检查 368 格，内部 142，边界 186
2026-09-11 17:00:00,283 DEBUG 层 6：检查 744 格，内部 165，边界 376
2026-09-11 17:00:00,284 DEBUG 层 7：检查 1504 格，内部 446，边界 752
2026-09-11 17:00:00,284 DEBUG 层 8：检查 3008 格，内部 689，边界 1501
2026-09-11 17:00:00,330 DEBUG 求解结束：sampled；可行点 5226，叶格 3010，边界格边长 0.070312 m
2026-09-11 17:00:00,331 INFO number_optimized_025_n4 | A=389.685 m²，D=33.054 m，e=11.341 m，γmin=45.0°
2026-09-11 17:00:00,335 DEBUG 层 0：检查 40000 格，内部 0，边界 5
2026-09-11 17:00:00,336 DEBUG 层 1：检查 20 格，内部 1，边界 11
2026-09-11 17:00:00,336 DEBUG 层 2：检查 44 格，内部 4，边界 23
2026-09-11 17:00:00,336 DEBUG 层 3：检查 92 格，内部 19，边界 46
2026-09-11 17:00:00,336 DEBUG 层 4：检查 184 格，内部 43，边界 92
2026-09-11 17:00:00,336 DEBUG 层 5：检查 368 格，内部 142，边界 186
2026-09-11 17:00:00,337 DEBUG 层 6：检查 744 格，内部 165，边界 376
2026-09-11 17:00:00,338 DEBUG 层 7：检查 1504 格，内部 446，边界 752
2026-09-11 17:00:00,339 DEBUG 层 8：检查 3008 格，内部 689，边界 1501
2026-09-11 17:00:00,379 DEBUG 求解结束：sampled；可行点 5226，叶格 3010，边界格边长 0.070312 m
2026-09-11 17:00:00,380 INFO number_optimized_025_n5 | A=389.685 m²，D=33.054 m，e=11.341 m，γmin=15.0°
2026-09-11 17:00:00,387 DEBUG 层 0：检查 40000 格，内部 0，边界 3
2026-09-11 17:00:00,387 DEBUG 层 1：检查 12 格，内部 0，边界 6
2026-09-11 17:00:00,388 DEBUG 层 2：检查 24 格，内部 2，边界 11
2026-09-11 17:00:00,388 DEBUG 层 3：检查 44 格，内部 5，边界 25
2026-09-11 17:00:00,388 DEBUG 层 4：检查 100 格，内部 24，边界 49
2026-09-11 17:00:00,389 DEBUG 层 5：检查 196 格，内部 70，边界 102
2026-09-11 17:00:00,389 DEBUG 层 6：检查 408 格，内部 84，边界 203
2026-09-11 17:00:00,389 DEBUG 层 7：检查 812 格，内部 300，边界 409
2026-09-11 17:00:00,390 DEBUG 层 8：检查 1636 格，内部 370，边界 818
2026-09-11 17:00:00,414 DEBUG 求解结束：sampled；可行点 2872，叶格 1673，边界格边长 0.070312 m
2026-09-11 17:00:00,415 INFO number_optimized_025_n6 | A=136.159 m²，D=18.206 m，e=3.810 m，γmin=15.0°
2026-09-11 17:00:00,420 DEBUG 层 0：检查 40000 格，内部 0，边界 12
2026-09-11 17:00:00,420 DEBUG 层 1：检查 48 格，内部 6，边界 20
2026-09-11 17:00:00,420 DEBUG 层 2：检查 80 格，内部 17，边界 42
2026-09-11 17:00:00,420 DEBUG 层 3：检查 168 格，内部 33，边界 84
2026-09-11 17:00:00,421 DEBUG 层 4：检查 336 格，内部 83，边界 168
2026-09-11 17:00:00,421 DEBUG 层 5：检查 672 格，内部 165，边界 338
2026-09-11 17:00:00,421 DEBUG 层 6：检查 1352 格，内部 343，边界 674
2026-09-11 17:00:00,421 DEBUG 层 7：检查 2696 格，内部 661，边界 1348
2026-09-11 17:00:00,422 DEBUG 层 8：检查 5392 格，内部 1342，边界 2699
2026-09-11 17:00:00,494 DEBUG 求解结束：sampled；可行点 9301，叶格 5349，边界格边长 0.070312 m
2026-09-11 17:00:00,497 INFO number_optimized_026_n2 | A=1214.650 m²，D=49.254 m，e=7.541 m，γmin=90.0°
2026-09-11 17:00:00,500 DEBUG 层 0：检查 40000 格，内部 0，边界 11
2026-09-11 17:00:00,501 DEBUG 层 1：检查 44 格，内部 5，边界 19
2026-09-11 17:00:00,501 DEBUG 层 2：检查 76 格，内部 18，边界 38
2026-09-11 17:00:00,501 DEBUG 层 3：检查 152 格，内部 31，边界 76
2026-09-11 17:00:00,501 DEBUG 层 4：检查 304 格，内部 73，边界 150
2026-09-11 17:00:00,501 DEBUG 层 5：检查 600 格，内部 140，边界 304
2026-09-11 17:00:00,501 DEBUG 层 6：检查 1216 格，内部 302，边界 605
2026-09-11 17:00:00,502 DEBUG 层 7：检查 2420 格，内部 590，边界 1211
2026-09-11 17:00:00,502 DEBUG 层 8：检查 4844 格，内部 1203，边界 2422
2026-09-11 17:00:00,578 DEBUG 求解结束：sampled；可行点 8315，叶格 4784，边界格边长 0.070312 m
2026-09-11 17:00:00,580 INFO number_optimized_026_n3 | A=1116.463 m²，D=49.254 m，e=7.723 m，γmin=45.0°
2026-09-11 17:00:00,584 DEBUG 层 0：检查 40000 格，内部 0，边界 9
2026-09-11 17:00:00,585 DEBUG 层 1：检查 36 格，内部 2，边界 17
2026-09-11 17:00:00,585 DEBUG 层 2：检查 68 格，内部 12，边界 32
2026-09-11 17:00:00,585 DEBUG 层 3：检查 128 格，内部 31，边界 62
2026-09-11 17:00:00,585 DEBUG 层 4：检查 248 格，内部 58，边界 124
2026-09-11 17:00:00,585 DEBUG 层 5：检查 496 格，内部 118，边界 250
2026-09-11 17:00:00,586 DEBUG 层 6：检查 1000 格，内部 236，边界 497
2026-09-11 17:00:00,586 DEBUG 层 7：检查 1988 格，内部 492，边界 991
2026-09-11 17:00:00,587 DEBUG 层 8：检查 3964 格，内部 991，边界 1984
2026-09-11 17:00:00,642 DEBUG 求解结束：sampled；可行点 6819，叶格 3924，边界格边长 0.070312 m
2026-09-11 17:00:00,644 INFO number_optimized_026_n4 | A=715.660 m²，D=36.912 m，e=6.525 m，γmin=45.0°
2026-09-11 17:00:00,649 DEBUG 层 0：检查 40000 格，内部 0，边界 9
2026-09-11 17:00:00,649 DEBUG 层 1：检查 36 格，内部 2，边界 17
2026-09-11 17:00:00,649 DEBUG 层 2：检查 68 格，内部 11，边界 32
2026-09-11 17:00:00,650 DEBUG 层 3：检查 128 格，内部 30，边界 62
2026-09-11 17:00:00,650 DEBUG 层 4：检查 248 格，内部 60，边界 122
2026-09-11 17:00:00,650 DEBUG 层 5：检查 488 格，内部 117，边界 246
2026-09-11 17:00:00,650 DEBUG 层 6：检查 984 格，内部 237，边界 490
2026-09-11 17:00:00,651 DEBUG 层 7：检查 1960 格，内部 488，边界 976
2026-09-11 17:00:00,651 DEBUG 层 8：检查 3904 格，内部 976，边界 1953
2026-09-11 17:00:00,707 DEBUG 求解结束：sampled；可行点 6732，叶格 3874，边界格边长 0.070312 m
2026-09-11 17:00:00,710 INFO number_optimized_026_n5 | A=692.343 m²，D=36.790 m，e=7.115 m，γmin=15.0°
2026-09-11 17:00:00,716 DEBUG 层 0：检查 40000 格，内部 0，边界 7
2026-09-11 17:00:00,717 DEBUG 层 1：检查 28 格，内部 0，边界 13
2026-09-11 17:00:00,717 DEBUG 层 2：检查 52 格，内部 10，边界 25
2026-09-11 17:00:00,717 DEBUG 层 3：检查 100 格，内部 15，边界 48
2026-09-11 17:00:00,717 DEBUG 层 4：检查 192 格，内部 60，边界 94
2026-09-11 17:00:00,718 DEBUG 层 5：检查 376 格，内部 113，边界 190
2026-09-11 17:00:00,718 DEBUG 层 6：检查 760 格，内部 237，边界 380
2026-09-11 17:00:00,718 DEBUG 层 7：检查 1520 格，内部 429，边界 758
2026-09-11 17:00:00,719 DEBUG 层 8：检查 3032 格，内部 801，边界 1517
2026-09-11 17:00:00,767 DEBUG 求解结束：sampled；可行点 5590，叶格 3182，边界格边长 0.070312 m
2026-09-11 17:00:00,768 INFO number_optimized_026_n6 | A=428.530 m²，D=36.790 m，e=5.948 m，γmin=15.0°
2026-09-11 17:00:00,772 DEBUG 层 0：检查 40000 格，内部 1，边界 9
2026-09-11 17:00:00,772 DEBUG 层 1：检查 36 格，内部 2，边界 21
2026-09-11 17:00:00,772 DEBUG 层 2：检查 84 格，内部 16，边界 42
2026-09-11 17:00:00,773 DEBUG 层 3：检查 168 格，内部 39，边界 85
2026-09-11 17:00:00,773 DEBUG 层 4：检查 340 格，内部 79，边界 168
2026-09-11 17:00:00,773 DEBUG 层 5：检查 672 格，内部 165，边界 336
2026-09-11 17:00:00,773 DEBUG 层 6：检查 1344 格，内部 340，边界 675
2026-09-11 17:00:00,773 DEBUG 层 7：检查 2700 格，内部 666，边界 1348
2026-09-11 17:00:00,774 DEBUG 层 8：检查 5392 格，内部 1351，边界 2695
2026-09-11 17:00:00,856 DEBUG 求解结束：sampled；可行点 9321，叶格 5354，边界格边长 0.070312 m
2026-09-11 17:00:00,859 INFO number_optimized_027_n2 | A=1219.580 m²，D=49.318 m，e=20.876 m，γmin=90.0°
2026-09-11 17:00:00,863 DEBUG 层 0：检查 40000 格，内部 0，边界 6
2026-09-11 17:00:00,864 DEBUG 层 1：检查 24 格，内部 1，边界 15
2026-09-11 17:00:00,864 DEBUG 层 2：检查 60 格，内部 9，边界 33
2026-09-11 17:00:00,864 DEBUG 层 3：检查 132 格，内部 31，边界 65
2026-09-11 17:00:00,864 DEBUG 层 4：检查 260 格，内部 56，边界 132
2026-09-11 17:00:00,864 DEBUG 层 5：检查 528 格，内部 123，边界 266
2026-09-11 17:00:00,865 DEBUG 层 6：检查 1064 格，内部 261，边界 533
2026-09-11 17:00:00,865 DEBUG 层 7：检查 2132 格，内部 527，边界 1063
2026-09-11 17:00:00,865 DEBUG 层 8：检查 4252 格，内部 1059，边界 2129
2026-09-11 17:00:00,926 DEBUG 求解结束：sampled；可行点 7269，叶格 4196，边界格边长 0.070312 m
2026-09-11 17:00:00,928 INFO number_optimized_027_n3 | A=576.723 m²，D=46.986 m，e=20.892 m，γmin=45.0°
2026-09-11 17:00:00,932 DEBUG 层 0：检查 40000 格，内部 0，边界 6
2026-09-11 17:00:00,932 DEBUG 层 1：检查 24 格，内部 1，边界 13
2026-09-11 17:00:00,932 DEBUG 层 2：检查 52 格，内部 9，边界 27
2026-09-11 17:00:00,933 DEBUG 层 3：检查 108 格，内部 22，边界 55
2026-09-11 17:00:00,933 DEBUG 层 4：检查 220 格，内部 47，边界 111
2026-09-11 17:00:00,933 DEBUG 层 5：检查 444 格，内部 107，边界 226
2026-09-11 17:00:00,933 DEBUG 层 6：检查 904 格，内部 219，边界 452
2026-09-11 17:00:00,934 DEBUG 层 7：检查 1808 格，内部 449，边界 901
2026-09-11 17:00:00,934 DEBUG 层 8：检查 3604 格，内部 886，边界 1804
2026-09-11 17:00:00,986 DEBUG 求解结束：sampled；可行点 6145，叶格 3544，边界格边长 0.070312 m
2026-09-11 17:00:00,988 INFO number_optimized_027_n4 | A=507.349 m²，D=37.099 m，e=19.024 m，γmin=45.0°
2026-09-11 17:00:00,992 DEBUG 层 0：检查 40000 格，内部 0，边界 6
2026-09-11 17:00:00,993 DEBUG 层 1：检查 24 格，内部 1，边界 11
2026-09-11 17:00:00,993 DEBUG 层 2：检查 44 格，内部 5，边界 22
2026-09-11 17:00:00,993 DEBUG 层 3：检查 88 格，内部 20，边界 46
2026-09-11 17:00:00,993 DEBUG 层 4：检查 184 格，内部 29，边界 93
2026-09-11 17:00:00,993 DEBUG 层 5：检查 372 格，内部 69，边界 188
2026-09-11 17:00:00,994 DEBUG 层 6：检查 752 格，内部 136，边界 374
2026-09-11 17:00:00,994 DEBUG 层 7：检查 1496 格，内部 381，边界 747
2026-09-11 17:00:00,994 DEBUG 层 8：检查 2988 格，内部 707，边界 1494
2026-09-11 17:00:01,036 DEBUG 求解结束：sampled；可行点 4935，叶格 2842，边界格边长 0.070312 m
2026-09-11 17:00:01,037 INFO number_optimized_027_n5 | A=370.842 m²，D=37.099 m，e=18.202 m，γmin=15.0°
2026-09-11 17:00:01,042 DEBUG 层 0：检查 40000 格，内部 0，边界 6
2026-09-11 17:00:01,042 DEBUG 层 1：检查 24 格，内部 1，边界 11
2026-09-11 17:00:01,042 DEBUG 层 2：检查 44 格，内部 5，边界 22
2026-09-11 17:00:01,043 DEBUG 层 3：检查 88 格，内部 20，边界 46
2026-09-11 17:00:01,044 DEBUG 层 4：检查 184 格，内部 29，边界 93
2026-09-11 17:00:01,044 DEBUG 层 5：检查 372 格，内部 68，边界 187
2026-09-11 17:00:01,045 DEBUG 层 6：检查 748 格，内部 133，边界 370
2026-09-11 17:00:01,045 DEBUG 层 7：检查 1480 格，内部 377，边界 741
2026-09-11 17:00:01,046 DEBUG 层 8：检查 2964 格，内部 699，边界 1482
2026-09-11 17:00:01,085 DEBUG 求解结束：sampled；可行点 4884，叶格 2814，边界格边长 0.070312 m
2026-09-11 17:00:01,086 INFO number_optimized_027_n6 | A=370.114 m²，D=36.683 m，e=18.243 m，γmin=15.0°
2026-09-11 17:00:01,090 DEBUG 层 0：检查 40000 格，内部 1，边界 12
2026-09-11 17:00:01,091 DEBUG 层 1：检查 48 格，内部 3，边界 21
2026-09-11 17:00:01,091 DEBUG 层 2：检查 84 格，内部 13，边界 41
2026-09-11 17:00:01,092 DEBUG 层 3：检查 164 格，内部 38，边界 85
2026-09-11 17:00:01,092 DEBUG 层 4：检查 340 格，内部 78，边界 170
2026-09-11 17:00:01,092 DEBUG 层 5：检查 680 格，内部 170，边界 340
2026-09-11 17:00:01,093 DEBUG 层 6：检查 1360 格，内部 345，边界 681
2026-09-11 17:00:01,093 DEBUG 层 7：检查 2724 格，内部 683，边界 1361
2026-09-11 17:00:01,094 DEBUG 层 8：检查 5444 格，内部 1348，边界 2725
2026-09-11 17:00:01,169 DEBUG 求解结束：sampled；可行点 9402，叶格 5404，边界格边长 0.070312 m
2026-09-11 17:00:01,170 INFO number_optimized_028_n2 | A=1235.990 m²，D=49.785 m，e=6.923 m，γmin=90.0°
2026-09-11 17:00:01,174 DEBUG 层 0：检查 40000 格，内部 0，边界 9
2026-09-11 17:00:01,174 DEBUG 层 1：检查 36 格，内部 2，边界 16
2026-09-11 17:00:01,174 DEBUG 层 2：检查 64 格，内部 7，边界 32
2026-09-11 17:00:01,174 DEBUG 层 3：检查 128 格，内部 25，边界 67
2026-09-11 17:00:01,174 DEBUG 层 4：检查 268 格，内部 58，边界 135
2026-09-11 17:00:01,174 DEBUG 层 5：检查 540 格，内部 130，边界 273
2026-09-11 17:00:01,175 DEBUG 层 6：检查 1092 格，内部 270，边界 547
2026-09-11 17:00:01,175 DEBUG 层 7：检查 2188 格，内部 544，边界 1094
2026-09-11 17:00:01,175 DEBUG 层 8：检查 4376 格，内部 1079，边界 2191
2026-09-11 17:00:01,241 DEBUG 求解结束：sampled；可行点 7459，叶格 4306，边界格边长 0.070312 m
2026-09-11 17:00:01,242 INFO number_optimized_028_n3 | A=593.081 m²，D=48.989 m，e=3.823 m，γmin=45.0°
2026-09-11 17:00:01,246 DEBUG 层 0：检查 40000 格，内部 0，边界 7
2026-09-11 17:00:01,247 DEBUG 层 1：检查 28 格，内部 2，边界 14
2026-09-11 17:00:01,247 DEBUG 层 2：检查 56 格，内部 5，边界 27
2026-09-11 17:00:01,248 DEBUG 层 3：检查 108 格，内部 22，边界 57
2026-09-11 17:00:01,248 DEBUG 层 4：检查 228 格，内部 53，边界 112
2026-09-11 17:00:01,249 DEBUG 层 5：检查 448 格，内部 106，边界 226
2026-09-11 17:00:01,249 DEBUG 层 6：检查 904 格，内部 229，边界 450
2026-09-11 17:00:01,249 DEBUG 层 7：检查 1800 格，内部 449，边界 901
2026-09-11 17:00:01,250 DEBUG 层 8：检查 3604 格，内部 893，边界 1805
2026-09-11 17:00:01,300 DEBUG 求解结束：sampled；可行点 6188，叶格 3564，边界格边长 0.070312 m
2026-09-11 17:00:01,303 INFO number_optimized_028_n4 | A=515.490 m²，D=36.986 m，e=3.068 m，γmin=45.0°
2026-09-11 17:00:01,307 DEBUG 层 0：检查 40000 格，内部 0，边界 4
2026-09-11 17:00:01,307 DEBUG 层 1：检查 16 格，内部 0，边界 11
2026-09-11 17:00:01,307 DEBUG 层 2：检查 44 格，内部 4，边界 21
2026-09-11 17:00:01,307 DEBUG 层 3：检查 84 格，内部 13，边界 43
2026-09-11 17:00:01,307 DEBUG 层 4：检查 172 格，内部 49，边界 84
2026-09-11 17:00:01,307 DEBUG 层 5：检查 336 格，内部 101，边界 171
2026-09-11 17:00:01,308 DEBUG 层 6：检查 684 格，内部 215，边界 342
2026-09-11 17:00:01,308 DEBUG 层 7：检查 1368 格，内部 358，边界 685
2026-09-11 17:00:01,308 DEBUG 层 8：检查 2740 格，内部 641，边界 1371
2026-09-11 17:00:01,350 DEBUG 求解结束：sampled；可行点 4812，叶格 2752，边界格边长 0.070312 m
2026-09-11 17:00:01,352 INFO number_optimized_028_n5 | A=274.475 m²，D=35.352 m，e=2.953 m，γmin=15.0°
2026-09-11 17:00:01,358 DEBUG 层 0：检查 40000 格，内部 0，边界 4
2026-09-11 17:00:01,359 DEBUG 层 1：检查 16 格，内部 0，边界 9
2026-09-11 17:00:01,359 DEBUG 层 2：检查 36 格，内部 3，边界 18
2026-09-11 17:00:01,359 DEBUG 层 3：检查 72 格，内部 10，边界 34
2026-09-11 17:00:01,359 DEBUG 层 4：检查 136 格，内部 40，边界 69
2026-09-11 17:00:01,359 DEBUG 层 5：检查 276 格，内部 86，边界 141
2026-09-11 17:00:01,360 DEBUG 层 6：检查 564 格，内部 184，边界 281
2026-09-11 17:00:01,360 DEBUG 层 7：检查 1124 格，内部 293，边界 565
2026-09-11 17:00:01,360 DEBUG 层 8：检查 2260 格，内部 526，边界 1130
2026-09-11 17:00:01,393 DEBUG 求解结束：sampled；可行点 3975，叶格 2272，边界格边长 0.070312 m
2026-09-11 17:00:01,394 INFO number_optimized_028_n6 | A=217.406 m²，D=28.610 m，e=1.131 m，γmin=15.0°
2026-09-11 17:00:01,398 DEBUG 层 0：检查 40000 格，内部 1，边界 11
2026-09-11 17:00:01,399 DEBUG 层 1：检查 44 格，内部 3，边界 23
2026-09-11 17:00:01,399 DEBUG 层 2：检查 92 格，内部 16，边界 45
2026-09-11 17:00:01,399 DEBUG 层 3：检查 180 格，内部 31，边界 88
2026-09-11 17:00:01,399 DEBUG 层 4：检查 352 格，内部 75，边界 178
2026-09-11 17:00:01,399 DEBUG 层 5：检查 712 格，内部 170，边界 356
2026-09-11 17:00:01,399 DEBUG 层 6：检查 1424 格，内部 430，边界 713
2026-09-11 17:00:01,400 DEBUG 层 7：检查 2852 格，内部 565，边界 1427
2026-09-11 17:00:01,400 DEBUG 层 8：检查 5708 格，内部 1409，边界 2853
2026-09-11 17:00:01,479 DEBUG 求解结束：sampled；可行点 9632，叶格 5553，边界格边长 0.070312 m
2026-09-11 17:00:01,480 INFO number_optimized_029_n2 | A=1262.643 m²，D=50.836 m，e=21.062 m，γmin=90.0°
2026-09-11 17:00:01,485 DEBUG 层 0：检查 40000 格，内部 0，边界 4
2026-09-11 17:00:01,486 DEBUG 层 1：检查 16 格，内部 0，边界 6
2026-09-11 17:00:01,486 DEBUG 层 2：检查 24 格，内部 0，边界 9
2026-09-11 17:00:01,486 DEBUG 层 3：检查 36 格，内部 2，边界 18
2026-09-11 17:00:01,486 DEBUG 层 4：检查 72 格，内部 8，边界 33
2026-09-11 17:00:01,486 DEBUG 层 5：检查 132 格，内部 17，边界 63
2026-09-11 17:00:01,486 DEBUG 层 6：检查 252 格，内部 96，边界 132
2026-09-11 17:00:01,486 DEBUG 层 7：检查 528 格，内部 126，边界 264
2026-09-11 17:00:01,487 DEBUG 层 8：检查 1056 格，内部 86，边界 522
2026-09-11 17:00:01,497 DEBUG 求解结束：sampled；可行点 1327，叶格 857，边界格边长 0.070312 m
2026-09-11 17:00:01,499 INFO number_optimized_029_n3 | A=37.858 m²，D=12.094 m，e=0.070 m，γmin=45.0°
2026-09-11 17:00:01,503 DEBUG 层 0：检查 40000 格，内部 0，边界 4
2026-09-11 17:00:01,503 DEBUG 层 1：检查 16 格，内部 0，边界 6
2026-09-11 17:00:01,503 DEBUG 层 2：检查 24 格，内部 0，边界 9
2026-09-11 17:00:01,504 DEBUG 层 3：检查 36 格，内部 2，边界 18
2026-09-11 17:00:01,504 DEBUG 层 4：检查 72 格，内部 8，边界 33
2026-09-11 17:00:01,504 DEBUG 层 5：检查 132 格，内部 17，边界 63
2026-09-11 17:00:01,504 DEBUG 层 6：检查 252 格，内部 96，边界 132
2026-09-11 17:00:01,504 DEBUG 层 7：检查 528 格，内部 126，边界 264
2026-09-11 17:00:01,505 DEBUG 层 8：检查 1056 格，内部 86，边界 522
2026-09-11 17:00:01,518 DEBUG 求解结束：sampled；可行点 1327，叶格 857，边界格边长 0.070312 m
2026-09-11 17:00:01,518 INFO number_optimized_029_n4 | A=37.858 m²，D=12.094 m，e=0.070 m，γmin=45.0°
2026-09-11 17:00:01,522 DEBUG 层 0：检查 40000 格，内部 0，边界 4
2026-09-11 17:00:01,523 DEBUG 层 1：检查 16 格，内部 0，边界 6
2026-09-11 17:00:01,523 DEBUG 层 2：检查 24 格，内部 0，边界 8
2026-09-11 17:00:01,523 DEBUG 层 3：检查 32 格，内部 2，边界 18
2026-09-11 17:00:01,523 DEBUG 层 4：检查 72 格，内部 8，边界 32
2026-09-11 17:00:01,523 DEBUG 层 5：检查 128 格，内部 16，边界 60
2026-09-11 17:00:01,524 DEBUG 层 6：检查 240 格，内部 89，边界 126
2026-09-11 17:00:01,524 DEBUG 层 7：检查 504 格，内部 125，边界 253
2026-09-11 17:00:01,524 DEBUG 层 8：检查 1012 格，内部 88，边界 501
2026-09-11 17:00:01,535 DEBUG 求解结束：sampled；可行点 1284，叶格 829，边界格边长 0.070312 m
2026-09-11 17:00:01,535 INFO number_optimized_029_n5 | A=36.934 m²，D=12.094 m，e=0.078 m，γmin=15.0°
2026-09-11 17:00:01,540 DEBUG 层 0：检查 40000 格，内部 0，边界 4
2026-09-11 17:00:01,540 DEBUG 层 1：检查 16 格，内部 0，边界 6
2026-09-11 17:00:01,541 DEBUG 层 2：检查 24 格，内部 0，边界 8
2026-09-11 17:00:01,541 DEBUG 层 3：检查 32 格，内部 2，边界 18
2026-09-11 17:00:01,541 DEBUG 层 4：检查 72 格，内部 8，边界 32
2026-09-11 17:00:01,541 DEBUG 层 5：检查 128 格，内部 16，边界 60
2026-09-11 17:00:01,541 DEBUG 层 6：检查 240 格，内部 89，边界 126
2026-09-11 17:00:01,542 DEBUG 层 7：检查 504 格，内部 125，边界 253
2026-09-11 17:00:01,542 DEBUG 层 8：检查 1012 格，内部 88，边界 501
2026-09-11 17:00:01,554 DEBUG 求解结束：sampled；可行点 1284，叶格 829，边界格边长 0.070312 m
2026-09-11 17:00:01,555 INFO number_optimized_029_n6 | A=36.934 m²，D=12.094 m，e=0.078 m，γmin=15.0°
2026-09-11 17:00:01,555 INFO 开始实验模块：experiment.angle_analysis
2026-09-11 17:00:01,559 DEBUG 层 0：检查 40000 格，内部 1，边界 20
2026-09-11 17:00:01,559 DEBUG 层 1：检查 80 格，内部 13，边界 40
2026-09-11 17:00:01,559 DEBUG 层 2：检查 160 格，内部 29，边界 80
2026-09-11 17:00:01,560 DEBUG 层 3：检查 320 格，内部 65，边界 162
2026-09-11 17:00:01,560 DEBUG 层 4：检查 648 格，内部 150，边界 323
2026-09-11 17:00:01,560 DEBUG 层 5：检查 1292 格，内部 312，边界 645
2026-09-11 17:00:01,560 DEBUG 层 6：检查 2580 格，内部 631，边界 1290
2026-09-11 17:00:01,560 DEBUG 层 7：检查 5160 格，内部 1280，边界 2580
2026-09-11 17:00:01,562 DEBUG 层 8：检查 10320 格，内部 2561，边界 5161
2026-09-11 17:00:01,715 DEBUG 求解结束：sampled；可行点 17746，叶格 10203，边界格边长 0.070312 m
2026-09-11 17:00:01,716 INFO angle_controlled_000_angle30 | A=2695.181 m²，D=144.106 m，e=36.076 m，γmin=30.0°
2026-09-11 17:00:01,721 DEBUG 层 0：检查 40000 格，内部 0，边界 16
2026-09-11 17:00:01,722 DEBUG 层 1：检查 64 格，内部 9，边界 29
2026-09-11 17:00:01,722 DEBUG 层 2：检查 116 格，内部 26，边界 61
2026-09-11 17:00:01,722 DEBUG 层 3：检查 244 格，内部 58，边界 118
2026-09-11 17:00:01,722 DEBUG 层 4：检查 472 格，内部 104，边界 235
2026-09-11 17:00:01,723 DEBUG 层 5：检查 940 格，内部 230，边界 470
2026-09-11 17:00:01,723 DEBUG 层 6：检查 1880 格，内部 466，边界 940
2026-09-11 17:00:01,724 DEBUG 层 7：检查 3760 格，内部 934，边界 1884
2026-09-11 17:00:01,725 DEBUG 层 8：检查 7536 格，内部 1871，边界 3766
2026-09-11 17:00:01,823 DEBUG 求解结束：sampled；可行点 12985，叶格 7464，边界格边长 0.070312 m
2026-09-11 17:00:01,824 INFO angle_controlled_000_angle45 | A=1836.625 m²，D=95.001 m，e=23.416 m，γmin=45.0°
2026-09-11 17:00:01,829 DEBUG 层 0：检查 40000 格，内部 0，边界 10
2026-09-11 17:00:01,830 DEBUG 层 1：检查 40 格，内部 6，边界 23
2026-09-11 17:00:01,830 DEBUG 层 2：检查 92 格，内部 25，边界 47
2026-09-11 17:00:01,830 DEBUG 层 3：检查 188 格，内部 48，边界 98
2026-09-11 17:00:01,830 DEBUG 层 4：检查 392 格，内部 80，边界 193
2026-09-11 17:00:01,830 DEBUG 层 5：检查 772 格，内部 210，边界 387
2026-09-11 17:00:01,830 DEBUG 层 6：检查 1548 格，内部 381，边界 775
2026-09-11 17:00:01,831 DEBUG 层 7：检查 3100 格，内部 766，边界 1549
2026-09-11 17:00:01,831 DEBUG 层 8：检查 6196 格，内部 1518，边界 3097
2026-09-11 17:00:01,915 DEBUG 求解结束：sampled；可行点 10671，叶格 6131，边界格边长 0.070312 m
2026-09-11 17:00:01,916 INFO angle_controlled_000_angle60 | A=1470.824 m²，D=71.845 m，e=17.639 m，γmin=60.0°
2026-09-11 17:00:01,920 DEBUG 层 0：检查 40000 格，内部 0，边界 10
2026-09-11 17:00:01,921 DEBUG 层 1：检查 40 格，内部 8，边界 18
2026-09-11 17:00:01,921 DEBUG 层 2：检查 72 格，内部 12，边界 38
2026-09-11 17:00:01,921 DEBUG 层 3：检查 152 格，内部 31，边界 78
2026-09-11 17:00:01,921 DEBUG 层 4：检查 312 格，内部 75，边界 154
2026-09-11 17:00:01,921 DEBUG 层 5：检查 616 格，内部 151，边界 307
2026-09-11 17:00:01,921 DEBUG 层 6：检查 1228 格，内部 308，边界 613
2026-09-11 17:00:01,922 DEBUG 层 7：检查 2452 格，内部 615，边界 1229
2026-09-11 17:00:01,922 DEBUG 层 8：检查 4916 格，内部 1226，边界 2457
2026-09-11 17:00:01,987 DEBUG 求解结束：sampled；可行点 8496，叶格 4883，边界格边长 0.070312 m
2026-09-11 17:00:01,988 INFO angle_controlled_000_angle90 | A=1245.298 m²，D=50.134 m，e=12.554 m，γmin=90.0°
2026-09-11 17:00:01,992 DEBUG 层 0：检查 40000 格，内部 0，边界 12
2026-09-11 17:00:01,992 DEBUG 层 1：检查 48 格，内部 8，边界 22
2026-09-11 17:00:01,993 DEBUG 层 2：检查 88 格，内部 16，边界 43
2026-09-11 17:00:01,993 DEBUG 层 3：检查 172 格，内部 43，边界 88
2026-09-11 17:00:01,993 DEBUG 层 4：检查 352 格，内部 86，边界 174
2026-09-11 17:00:01,993 DEBUG 层 5：检查 696 格，内部 172，边界 347
2026-09-11 17:00:01,993 DEBUG 层 6：检查 1388 格，内部 342，边界 695
2026-09-11 17:00:01,994 DEBUG 层 7：检查 2780 格，内部 686，边界 1392
2026-09-11 17:00:01,994 DEBUG 层 8：检查 5568 格，内部 1390，边界 2782
2026-09-11 17:00:02,071 DEBUG 求解结束：sampled；可行点 9610，叶格 5525，边界格边长 0.070312 m
2026-09-11 17:00:02,073 INFO angle_controlled_000_angle120 | A=1414.117 m²，D=69.011 m，e=11.042 m，γmin=60.0°
2026-09-11 17:00:02,077 DEBUG 层 0：检查 40000 格，内部 0，边界 19
2026-09-11 17:00:02,078 DEBUG 层 1：检查 76 格，内部 13，边界 37
2026-09-11 17:00:02,078 DEBUG 层 2：检查 148 格，内部 26，边界 73
2026-09-11 17:00:02,078 DEBUG 层 3：检查 292 格，内部 69，边界 147
2026-09-11 17:00:02,078 DEBUG 层 4：检查 588 格，内部 150，边界 293
2026-09-11 17:00:02,079 DEBUG 层 5：检查 1172 格，内部 273，边界 587
2026-09-11 17:00:02,079 DEBUG 层 6：检查 2348 格，内部 577，边界 1175
2026-09-11 17:00:02,080 DEBUG 层 7：检查 4700 格，内部 1157，边界 2349
2026-09-11 17:00:02,080 DEBUG 层 8：检查 9396 格，内部 2344，边界 4696
2026-09-11 17:00:02,207 DEBUG 求解结束：sampled；可行点 16194，叶格 9305，边界格边长 0.070312 m
2026-09-11 17:00:02,209 INFO angle_controlled_001_angle30 | A=2308.253 m²，D=129.556 m，e=21.867 m，γmin=30.0°
2026-09-11 17:00:02,212 DEBUG 层 0：检查 40000 格，内部 1，边界 13
2026-09-11 17:00:02,212 DEBUG 层 1：检查 52 格，内部 4，边界 28
2026-09-11 17:00:02,213 DEBUG 层 2：检查 112 格，内部 25，边界 54
2026-09-11 17:00:02,213 DEBUG 层 3：检查 216 格，内部 45，边界 112
2026-09-11 17:00:02,213 DEBUG 层 4：检查 448 格，内部 110，边界 223
2026-09-11 17:00:02,213 DEBUG 层 5：检查 892 格，内部 216，边界 446
2026-09-11 17:00:02,213 DEBUG 层 6：检查 1784 格，内部 433，边界 891
2026-09-11 17:00:02,214 DEBUG 层 7：检查 3564 格，内部 882，边界 1781
2026-09-11 17:00:02,214 DEBUG 层 8：检查 7124 格，内部 1768，边界 3563
2026-09-11 17:00:02,315 DEBUG 求解结束：sampled；可行点 12258，叶格 7047，边界格边长 0.070312 m
2026-09-11 17:00:02,316 INFO angle_controlled_001_angle45 | A=1667.571 m²，D=88.703 m，e=17.426 m，γmin=45.0°
2026-09-11 17:00:02,320 DEBUG 层 0：检查 40000 格，内部 1，边界 11
2026-09-11 17:00:02,320 DEBUG 层 1：检查 44 格，内部 4，边界 25
2026-09-11 17:00:02,320 DEBUG 层 2：检查 100 格，内部 14，边界 48
2026-09-11 17:00:02,320 DEBUG 层 3：检查 192 格，内部 43，边界 94
2026-09-11 17:00:02,320 DEBUG 层 4：检查 376 格，内部 82，边界 185
2026-09-11 17:00:02,320 DEBUG 层 5：检查 740 格，内部 189，边界 374
2026-09-11 17:00:02,320 DEBUG 层 6：检查 1496 格，内部 359，边界 748
2026-09-11 17:00:02,321 DEBUG 层 7：检查 2992 格，内部 751，边界 1497
2026-09-11 17:00:02,321 DEBUG 层 8：检查 5988 格，内部 1479，边界 2991
2026-09-11 17:00:02,409 DEBUG 求解结束：sampled；可行点 10284，叶格 5913，边界格边长 0.070312 m
2026-09-11 17:00:02,410 INFO angle_controlled_001_angle60 | A=1377.981 m²，D=68.388 m，e=15.679 m，γmin=60.0°
2026-09-11 17:00:02,415 DEBUG 层 0：检查 40000 格，内部 1，边界 9
2026-09-11 17:00:02,415 DEBUG 层 1：检查 36 格，内部 3，边界 18
2026-09-11 17:00:02,415 DEBUG 层 2：检查 72 格，内部 14，边界 39
2026-09-11 17:00:02,415 DEBUG 层 3：检查 156 格，内部 34，边界 76
2026-09-11 17:00:02,415 DEBUG 层 4：检查 304 格，内部 70，边界 152
2026-09-11 17:00:02,416 DEBUG 层 5：检查 608 格，内部 143，边界 304
2026-09-11 17:00:02,416 DEBUG 层 6：检查 1216 格，内部 306，边界 608
2026-09-11 17:00:02,416 DEBUG 层 7：检查 2432 格，内部 599，边界 1215
2026-09-11 17:00:02,417 DEBUG 层 8：检查 4860 格，内部 1207，边界 2432
2026-09-11 17:00:02,471 DEBUG 求解结束：sampled；可行点 8365，叶格 4809，边界格边长 0.070312 m
2026-09-11 17:00:02,473 INFO angle_controlled_001_angle90 | A=1210.417 m²，D=49.281 m，e=15.914 m，γmin=90.0°
2026-09-11 17:00:02,477 DEBUG 层 0：检查 40000 格，内部 1，边界 11
2026-09-11 17:00:02,477 DEBUG 层 1：检查 44 格，内部 4，边界 22
2026-09-11 17:00:02,477 DEBUG 层 2：检查 88 格，内部 17，边界 44
2026-09-11 17:00:02,477 DEBUG 层 3：检查 176 格，内部 40，边界 89
2026-09-11 17:00:02,477 DEBUG 层 4：检查 356 格，内部 80，边界 177
2026-09-11 17:00:02,477 DEBUG 层 5：检查 708 格，内部 173，边界 353
2026-09-11 17:00:02,478 DEBUG 层 6：检查 1412 格，内部 353，边界 707
2026-09-11 17:00:02,478 DEBUG 层 7：检查 2828 格，内部 706，边界 1412
2026-09-11 17:00:02,478 DEBUG 层 8：检查 5648 格，内部 1420，边界 2826
2026-09-11 17:00:02,563 DEBUG 求解结束：sampled；可行点 9780，叶格 5620，边界格边长 0.070312 m
2026-09-11 17:00:02,565 INFO angle_controlled_001_angle120 | A=1413.509 m²，D=70.167 m，e=20.624 m，γmin=60.0°
2026-09-11 17:00:02,569 DEBUG 层 0：检查 40000 格，内部 2，边界 18
2026-09-11 17:00:02,570 DEBUG 层 1：检查 72 格，内部 8，边界 38
2026-09-11 17:00:02,570 DEBUG 层 2：检查 152 格，内部 30，边界 76
2026-09-11 17:00:02,570 DEBUG 层 3：检查 304 格，内部 61，边界 152
2026-09-11 17:00:02,570 DEBUG 层 4：检查 608 格，内部 175，边界 310
2026-09-11 17:00:02,570 DEBUG 层 5：检查 1240 格，内部 257，边界 621
2026-09-11 17:00:02,571 DEBUG 层 6：检查 2484 格，内部 586，边界 1242
2026-09-11 17:00:02,571 DEBUG 层 7：检查 4968 格，内部 1231，边界 2481
2026-09-11 17:00:02,572 DEBUG 层 8：检查 9924 格，内部 2490，边界 4958
2026-09-11 17:00:02,703 DEBUG 求解结束：sampled；可行点 17040，叶格 9798，边界格边长 0.070312 m
2026-09-11 17:00:02,705 INFO angle_controlled_002_angle30 | A=2622.474 m²，D=141.381 m，e=26.151 m，γmin=30.0°
2026-09-11 17:00:02,708 DEBUG 层 0：检查 40000 格，内部 0，边界 16
2026-09-11 17:00:02,708 DEBUG 层 1：检查 64 格，内部 11，边界 28
2026-09-11 17:00:02,708 DEBUG 层 2：检查 112 格，内部 19，边界 58
2026-09-11 17:00:02,708 DEBUG 层 3：检查 232 格，内部 47，边界 117
2026-09-11 17:00:02,708 DEBUG 层 4：检查 468 格，内部 111，边界 232
2026-09-11 17:00:02,709 DEBUG 层 5：检查 928 格，内部 219，边界 466
2026-09-11 17:00:02,709 DEBUG 层 6：检查 1864 格，内部 459，边界 930
2026-09-11 17:00:02,709 DEBUG 层 7：检查 3720 格，内部 940，边界 1865
2026-09-11 17:00:02,710 DEBUG 层 8：检查 7460 格，内部 1859，边界 3728
2026-09-11 17:00:02,794 DEBUG 求解结束：sampled；可行点 12876，叶格 7393，边界格边长 0.070312 m
2026-09-11 17:00:02,795 INFO angle_controlled_002_angle45 | A=1805.846 m²，D=93.922 m，e=16.868 m，γmin=45.0°
2026-09-11 17:00:02,799 DEBUG 层 0：检查 40000 格，内部 0，边界 14
2026-09-11 17:00:02,799 DEBUG 层 1：检查 56 格，内部 7，边界 26
2026-09-11 17:00:02,799 DEBUG 层 2：检查 104 格，内部 21，边界 50
2026-09-11 17:00:02,799 DEBUG 层 3：检查 200 格，内部 42，边界 99
2026-09-11 17:00:02,799 DEBUG 层 4：检查 396 格，内部 95，边界 199
2026-09-11 17:00:02,799 DEBUG 层 5：检查 796 格，内部 186，边界 398
2026-09-11 17:00:02,800 DEBUG 层 6：检查 1592 格，内部 398，边界 798
2026-09-11 17:00:02,800 DEBUG 层 7：检查 3192 格，内部 797，边界 1592
2026-09-11 17:00:02,801 DEBUG 层 8：检查 6368 格，内部 1571，边界 3184
2026-09-11 17:00:02,873 DEBUG 求解结束：sampled；可行点 10953，叶格 6301，边界格边长 0.070312 m
2026-09-11 17:00:02,874 INFO angle_controlled_002_angle60 | A=1454.596 m²，D=71.262 m，e=12.690 m，γmin=60.0°
2026-09-11 17:00:02,878 DEBUG 层 0：检查 40000 格，内部 0，边界 11
2026-09-11 17:00:02,878 DEBUG 层 1：检查 44 格，内部 6，边界 22
2026-09-11 17:00:02,878 DEBUG 层 2：检查 88 格，内部 17，边界 44
2026-09-11 17:00:02,878 DEBUG 层 3：检查 176 格，内部 40，边界 84
2026-09-11 17:00:02,878 DEBUG 层 4：检查 336 格，内部 74，边界 171
2026-09-11 17:00:02,878 DEBUG 层 5：检查 684 格，内部 168，边界 341
2026-09-11 17:00:02,879 DEBUG 层 6：检查 1364 格，内部 337，边界 684
2026-09-11 17:00:02,879 DEBUG 层 7：检查 2736 格，内部 683，边界 1366
2026-09-11 17:00:02,879 DEBUG 层 8：检查 5464 格，内部 1350，边界 2730
2026-09-11 17:00:02,944 DEBUG 求解结束：sampled；可行点 9404，叶格 5405，边界格边长 0.070312 m
2026-09-11 17:00:02,945 INFO angle_controlled_002_angle90 | A=1239.785 m²，D=49.896 m，e=9.115 m，γmin=90.0°
2026-09-11 17:00:02,948 DEBUG 层 0：检查 40000 格，内部 1，边界 11
2026-09-11 17:00:02,949 DEBUG 层 1：检查 44 格，内部 5，边界 21
2026-09-11 17:00:02,949 DEBUG 层 2：检查 84 格，内部 16，边界 43
2026-09-11 17:00:02,949 DEBUG 层 3：检查 172 格，内部 39，边界 85
2026-09-11 17:00:02,949 DEBUG 层 4：检查 340 格，内部 45，边界 168
2026-09-11 17:00:02,949 DEBUG 层 5：检查 672 格，内部 142，边界 340
2026-09-11 17:00:02,949 DEBUG 层 6：检查 1360 格，内部 368，边界 680
2026-09-11 17:00:02,950 DEBUG 层 7：检查 2720 格，内部 619，边界 1360
2026-09-11 17:00:02,950 DEBUG 层 8：检查 5440 格，内部 1362，边界 2721
2026-09-11 17:00:03,014 DEBUG 求解结束：sampled；可行点 9233，叶格 5318，边界格边长 0.070312 m
2026-09-11 17:00:03,015 INFO angle_controlled_002_angle120 | A=1413.679 m²，D=69.220 m，e=8.274 m，γmin=60.0°
2026-09-11 17:00:03,019 DEBUG 层 0：检查 40000 格，内部 1，边界 20
2026-09-11 17:00:03,020 DEBUG 层 1：检查 80 格，内部 12，边界 38
2026-09-11 17:00:03,020 DEBUG 层 2：检查 152 格，内部 38，边界 81
2026-09-11 17:00:03,021 DEBUG 层 3：检查 324 格，内部 50，边界 157
2026-09-11 17:00:03,021 DEBUG 层 4：检查 628 格，内部 124，边界 314
2026-09-11 17:00:03,022 DEBUG 层 5：检查 1256 格，内部 257，边界 627
2026-09-11 17:00:03,022 DEBUG 层 6：检查 2508 格，内部 495，边界 1251
2026-09-11 17:00:03,023 DEBUG 层 7：检查 5004 格，内部 1475，边界 2506
2026-09-11 17:00:03,024 DEBUG 层 8：检查 10024 格，内部 2391，边界 5012
2026-09-11 17:00:03,135 DEBUG 求解结束：sampled；可行点 17090，叶格 9855，边界格边长 0.070312 m
2026-09-11 17:00:03,137 INFO angle_controlled_003_angle30 | A=2661.234 m²，D=142.898 m，e=32.514 m，γmin=30.0°
2026-09-11 17:00:03,142 DEBUG 层 0：检查 40000 格，内部 0，边界 16
2026-09-11 17:00:03,142 DEBUG 层 1：检查 64 格，内部 11，边界 28
2026-09-11 17:00:03,142 DEBUG 层 2：检查 112 格，内部 18，边界 60
2026-09-11 17:00:03,142 DEBUG 层 3：检查 240 格，内部 53，边界 117
2026-09-11 17:00:03,142 DEBUG 层 4：检查 468 格，内部 112，边界 234
2026-09-11 17:00:03,142 DEBUG 层 5：检查 936 格，内部 235，边界 470
2026-09-11 17:00:03,143 DEBUG 层 6：检查 1880 格，内部 460，边界 938
2026-09-11 17:00:03,143 DEBUG 层 7：检查 3752 格，内部 945，边界 1871
2026-09-11 17:00:03,144 DEBUG 层 8：检查 7484 格，内部 1828，边界 3744
2026-09-11 17:00:03,237 DEBUG 求解结束：sampled；可行点 12877，叶格 7406，边界格边长 0.070312 m
2026-09-11 17:00:03,238 INFO angle_controlled_003_angle45 | A=1822.246 m²，D=94.585 m，e=22.028 m，γmin=45.0°
2026-09-11 17:00:03,242 DEBUG 层 0：检查 40000 格，内部 0，边界 13
2026-09-11 17:00:03,242 DEBUG 层 1：检查 52 格，内部 9，边界 25
2026-09-11 17:00:03,242 DEBUG 层 2：检查 100 格，内部 14，边界 50
2026-09-11 17:00:03,242 DEBUG 层 3：检查 200 格，内部 39，边界 100
2026-09-11 17:00:03,242 DEBUG 层 4：检查 400 格，内部 96，边界 199
2026-09-11 17:00:03,242 DEBUG 层 5：检查 796 格，内部 198，边界 398
2026-09-11 17:00:03,242 DEBUG 层 6：检查 1592 格，内部 383，边界 797
2026-09-11 17:00:03,243 DEBUG 层 7：检查 3188 格，内部 795，边界 1597
2026-09-11 17:00:03,243 DEBUG 层 8：检查 6388 格，内部 1563，边界 3194
2026-09-11 17:00:03,317 DEBUG 求解结束：sampled；可行点 10930，叶格 6291，边界格边长 0.070312 m
2026-09-11 17:00:03,318 INFO angle_controlled_003_angle60 | A=1463.383 m²，D=71.544 m，e=17.710 m，γmin=60.0°
2026-09-11 17:00:03,322 DEBUG 层 0：检查 40000 格，内部 0，边界 11
2026-09-11 17:00:03,322 DEBUG 层 1：检查 44 格，内部 7，边界 22
2026-09-11 17:00:03,322 DEBUG 层 2：检查 88 格，内部 14，边界 43
2026-09-11 17:00:03,322 DEBUG 层 3：检查 172 格，内部 35，边界 87
2026-09-11 17:00:03,322 DEBUG 层 4：检查 348 格，内部 81，边界 171
2026-09-11 17:00:03,322 DEBUG 层 5：检查 684 格，内部 168，边界 342
2026-09-11 17:00:03,323 DEBUG 层 6：检查 1368 格，内部 327，边界 685
2026-09-11 17:00:03,323 DEBUG 层 7：检查 2740 格，内部 696，边界 1371
2026-09-11 17:00:03,323 DEBUG 层 8：检查 5484 格，内部 1335，边界 2739
2026-09-11 17:00:03,385 DEBUG 求解结束：sampled；可行点 9386，叶格 5402，边界格边长 0.070312 m
2026-09-11 17:00:03,387 INFO angle_controlled_003_angle90 | A=1242.935 m²，D=50.007 m，e=15.347 m，γmin=90.0°
2026-09-11 17:00:03,390 DEBUG 层 0：检查 40000 格，内部 0，边界 11
2026-09-11 17:00:03,390 DEBUG 层 1：检查 44 格，内部 9，边界 22
2026-09-11 17:00:03,391 DEBUG 层 2：检查 88 格，内部 9，边界 41
2026-09-11 17:00:03,391 DEBUG 层 3：检查 164 格，内部 54，边界 84
2026-09-11 17:00:03,391 DEBUG 层 4：检查 336 格，内部 84，边界 170
2026-09-11 17:00:03,391 DEBUG 层 5：检查 680 格，内部 190，边界 339
2026-09-11 17:00:03,392 DEBUG 层 6：检查 1356 格，内部 381，边界 679
2026-09-11 17:00:03,393 DEBUG 层 7：检查 2716 格，内部 600，边界 1359
2026-09-11 17:00:03,393 DEBUG 层 8：检查 5436 格，内部 1483，边界 2718
2026-09-11 17:00:03,461 DEBUG 求解结束：sampled；可行点 9597，叶格 5528，边界格边长 0.070312 m
2026-09-11 17:00:03,463 INFO angle_controlled_003_angle120 | A=1413.316 m²，D=69.134 m，e=17.971 m，γmin=60.0°
2026-09-11 17:00:03,468 DEBUG 层 0：检查 40000 格，内部 1，边界 21
2026-09-11 17:00:03,469 DEBUG 层 1：检查 84 格，内部 11，边界 43
2026-09-11 17:00:03,469 DEBUG 层 2：检查 172 格，内部 23，边界 81
2026-09-11 17:00:03,469 DEBUG 层 3：检查 324 格，内部 72，边界 165
2026-09-11 17:00:03,469 DEBUG 层 4：检查 660 格，内部 171，边界 332
2026-09-11 17:00:03,469 DEBUG 层 5：检查 1328 格，内部 311，边界 660
2026-09-11 17:00:03,470 DEBUG 层 6：检查 2640 格，内部 639，边界 1320
2026-09-11 17:00:03,470 DEBUG 层 7：检查 5280 格，内部 1299，边界 2636
2026-09-11 17:00:03,471 DEBUG 层 8：检查 10544 格，内部 2653，边界 5275
2026-09-11 17:00:03,605 DEBUG 求解结束：sampled；可行点 18187，叶格 10455，边界格边长 0.070312 m
2026-09-11 17:00:03,608 INFO angle_controlled_004_angle30 | A=2475.356 m²，D=135.829 m，e=9.270 m，γmin=30.0°
2026-09-11 17:00:03,613 DEBUG 层 0：检查 40000 格，内部 1，边界 14
2026-09-11 17:00:03,613 DEBUG 层 1：检查 56 格，内部 8，边界 28
2026-09-11 17:00:03,613 DEBUG 层 2：检查 112 格，内部 6，边界 50
2026-09-11 17:00:03,613 DEBUG 层 3：检查 200 格，内部 63，边界 104
2026-09-11 17:00:03,614 DEBUG 层 4：检查 416 格，内部 143，边界 212
2026-09-11 17:00:03,614 DEBUG 层 5：检查 848 格，内部 228，边界 426
2026-09-11 17:00:03,614 DEBUG 层 6：检查 1704 格，内部 425，边界 858
2026-09-11 17:00:03,615 DEBUG 层 7：检查 3432 格，内部 846，边界 1714
2026-09-11 17:00:03,615 DEBUG 层 8：检查 6856 格，内部 1698，边界 3430
2026-09-11 17:00:03,706 DEBUG 求解结束：sampled；可行点 11913，叶格 6848，边界格边长 0.070312 m
2026-09-11 17:00:03,707 INFO angle_controlled_004_angle45 | A=1740.990 m²，D=91.510 m，e=8.539 m，γmin=45.0°
2026-09-11 17:00:03,711 DEBUG 层 0：检查 40000 格，内部 1，边界 12
2026-09-11 17:00:03,711 DEBUG 层 1：检查 48 格，内部 5，边界 24
2026-09-11 17:00:03,711 DEBUG 层 2：检查 96 格，内部 11，边界 47
2026-09-11 17:00:03,711 DEBUG 层 3：检查 188 格，内部 43，边界 95
2026-09-11 17:00:03,711 DEBUG 层 4：检查 380 格，内部 95，边界 188
2026-09-11 17:00:03,712 DEBUG 层 5：检查 752 格，内部 197，边界 379
2026-09-11 17:00:03,712 DEBUG 层 6：检查 1516 格，内部 378，边界 759
2026-09-11 17:00:03,712 DEBUG 层 7：检查 3036 格，内部 751，边界 1519
2026-09-11 17:00:03,713 DEBUG 层 8：检查 6076 格，内部 1514，边界 3039
2026-09-11 17:00:03,789 DEBUG 求解结束：sampled；可行点 10494，叶格 6034，边界格边长 0.070312 m
2026-09-11 17:00:03,790 INFO angle_controlled_004_angle60 | A=1419.041 m²，D=69.898 m，e=8.821 m，γmin=60.0°
2026-09-11 17:00:03,796 DEBUG 层 0：检查 40000 格，内部 1，边界 12
2026-09-11 17:00:03,796 DEBUG 层 1：检查 48 格，内部 3，边界 23
2026-09-11 17:00:03,796 DEBUG 层 2：检查 92 格，内部 10，边界 43
2026-09-11 17:00:03,797 DEBUG 层 3：检查 172 格，内部 42，边界 87
2026-09-11 17:00:03,797 DEBUG 层 4：检查 348 格，内部 100，边界 176
2026-09-11 17:00:03,797 DEBUG 层 5：检查 704 格，内部 181，边界 350
2026-09-11 17:00:03,797 DEBUG 层 6：检查 1400 格，内部 343，边界 702
2026-09-11 17:00:03,798 DEBUG 层 7：检查 2808 格，内部 661，边界 1405
2026-09-11 17:00:03,798 DEBUG 层 8：检查 5620 格，内部 1401，边界 2809
2026-09-11 17:00:03,876 DEBUG 求解结束：sampled；可行点 9652，叶格 5551，边界格边长 0.070312 m
2026-09-11 17:00:03,877 INFO angle_controlled_004_angle90 | A=1226.790 m²，D=49.359 m，e=10.632 m，γmin=90.0°
2026-09-11 17:00:03,880 DEBUG 层 0：检查 40000 格，内部 1，边界 12
2026-09-11 17:00:03,880 DEBUG 层 1：检查 48 格，内部 2，边界 24
2026-09-11 17:00:03,880 DEBUG 层 2：检查 96 格，内部 20，边界 47
2026-09-11 17:00:03,880 DEBUG 层 3：检查 188 格，内部 50，边界 95
2026-09-11 17:00:03,880 DEBUG 层 4：检查 380 格，内部 107，边界 189
2026-09-11 17:00:03,881 DEBUG 层 5：检查 756 格，内部 214，边界 378
2026-09-11 17:00:03,881 DEBUG 层 6：检查 1512 格，内部 378，边界 754
2026-09-11 17:00:03,881 DEBUG 层 7：检查 3016 格，内部 736，边界 1511
2026-09-11 17:00:03,882 DEBUG 层 8：检查 6044 格，内部 1513，边界 3021
2026-09-11 17:00:03,953 DEBUG 求解结束：sampled；可行点 10520，叶格 6042，边界格边长 0.070312 m
2026-09-11 17:00:03,955 INFO angle_controlled_004_angle120 | A=1413.916 m²，D=69.621 m，e=14.981 m，γmin=60.0°
2026-09-11 17:00:03,958 DEBUG 层 0：检查 40000 格，内部 1，边界 22
2026-09-11 17:00:03,959 DEBUG 层 1：检查 88 格，内部 12，边界 43
2026-09-11 17:00:03,959 DEBUG 层 2：检查 172 格，内部 21，边界 85
2026-09-11 17:00:03,959 DEBUG 层 3：检查 340 格，内部 87，边界 172
2026-09-11 17:00:03,959 DEBUG 层 4：检查 688 格，内部 146，边界 340
2026-09-11 17:00:03,959 DEBUG 层 5：检查 1360 格，内部 374，边界 681
2026-09-11 17:00:03,959 DEBUG 层 6：检查 2724 格，内部 674，边界 1359
2026-09-11 17:00:03,960 DEBUG 层 7：检查 5436 格，内部 1366，边界 2716
2026-09-11 17:00:03,961 DEBUG 层 8：检查 10864 格，内部 2721，边界 5434
2026-09-11 17:00:04,102 DEBUG 求解结束：sampled；可行点 18867，叶格 10836，边界格边长 0.070312 m
2026-09-11 17:00:04,103 INFO angle_controlled_005_angle30 | A=2585.257 m²，D=139.954 m，e=22.058 m，γmin=30.0°
2026-09-11 17:00:04,108 DEBUG 层 0：检查 40000 格，内部 1，边界 14
2026-09-11 17:00:04,109 DEBUG 层 1：检查 56 格，内部 8，边界 27
2026-09-11 17:00:04,109 DEBUG 层 2：检查 108 格，内部 15，边界 54
2026-09-11 17:00:04,109 DEBUG 层 3：检查 216 格，内部 55，边界 110
2026-09-11 17:00:04,109 DEBUG 层 4：检查 440 格，内部 58，边界 218
2026-09-11 17:00:04,109 DEBUG 层 5：检查 872 格，内部 263，边界 436
2026-09-11 17:00:04,109 DEBUG 层 6：检查 1744 格，内部 438，边界 870
2026-09-11 17:00:04,110 DEBUG 层 7：检查 3480 格，内部 892，边界 1744
2026-09-11 17:00:04,110 DEBUG 层 8：检查 6976 格，内部 1734，边界 3492
2026-09-11 17:00:04,205 DEBUG 求解结束：sampled；可行点 12121，叶格 6956，边界格边长 0.070312 m
2026-09-11 17:00:04,207 INFO angle_controlled_005_angle45 | A=1788.603 m²，D=93.338 m，e=15.361 m，γmin=45.0°
2026-09-11 17:00:04,211 DEBUG 层 0：检查 40000 格，内部 1，边界 13
2026-09-11 17:00:04,211 DEBUG 层 1：检查 52 格，内部 5，边界 24
2026-09-11 17:00:04,211 DEBUG 层 2：检查 96 格，内部 13，边界 49
2026-09-11 17:00:04,211 DEBUG 层 3：检查 196 格，内部 43，边界 96
2026-09-11 17:00:04,211 DEBUG 层 4：检查 384 格，内部 75，边界 192
2026-09-11 17:00:04,212 DEBUG 层 5：检查 768 格，内部 221，边界 384
2026-09-11 17:00:04,212 DEBUG 层 6：检查 1536 格，内部 412，边界 768
2026-09-11 17:00:04,212 DEBUG 层 7：检查 3072 格，内部 773，边界 1534
2026-09-11 17:00:04,213 DEBUG 层 8：检查 6136 格，内部 1533，边界 3071
2026-09-11 17:00:04,307 DEBUG 求解结束：sampled；可行点 10714，叶格 6147，边界格边长 0.070312 m
2026-09-11 17:00:04,309 INFO angle_controlled_005_angle60 | A=1445.150 m²，D=70.878 m，e=12.900 m，γmin=60.0°
2026-09-11 17:00:04,313 DEBUG 层 0：检查 40000 格，内部 0，边界 12
2026-09-11 17:00:04,313 DEBUG 层 1：检查 48 格，内部 8，边界 24
2026-09-11 17:00:04,313 DEBUG 层 2：检查 96 格，内部 8，边界 44
2026-09-11 17:00:04,313 DEBUG 层 3：检查 176 格，内部 40，边界 88
2026-09-11 17:00:04,313 DEBUG 层 4：检查 352 格，内部 75，边界 176
2026-09-11 17:00:04,313 DEBUG 层 5：检查 704 格，内部 199，边界 352
2026-09-11 17:00:04,314 DEBUG 层 6：检查 1408 格，内部 401，边界 704
2026-09-11 17:00:04,314 DEBUG 层 7：检查 2816 格，内部 696，边界 1409
2026-09-11 17:00:04,315 DEBUG 层 8：检查 5636 格，内部 1390，边界 2820
2026-09-11 17:00:04,395 DEBUG 求解结束：sampled；可行点 9816，叶格 5637，边界格边长 0.070312 m
2026-09-11 17:00:04,397 INFO angle_controlled_005_angle90 | A=1236.385 m²，D=49.746 m，e=12.306 m，γmin=90.0°
2026-09-11 17:00:04,400 DEBUG 层 0：检查 40000 格，内部 1，边界 11
2026-09-11 17:00:04,401 DEBUG 层 1：检查 44 格，内部 5，边界 24
2026-09-11 17:00:04,401 DEBUG 层 2：检查 96 格，内部 12，边界 46
2026-09-11 17:00:04,401 DEBUG 层 3：检查 184 格，内部 42，边界 96
2026-09-11 17:00:04,401 DEBUG 层 4：检查 384 格，内部 75，边界 190
2026-09-11 17:00:04,401 DEBUG 层 5：检查 760 格，内部 207，边界 378
2026-09-11 17:00:04,401 DEBUG 层 6：检查 1512 格，内部 408，边界 755
2026-09-11 17:00:04,402 DEBUG 层 7：检查 3020 格，内部 743，边界 1509
2026-09-11 17:00:04,402 DEBUG 层 8：检查 6036 格，内部 1489，边界 3018
2026-09-11 17:00:04,490 DEBUG 求解结束：sampled；可行点 10448，叶格 6000，边界格边长 0.070312 m
2026-09-11 17:00:04,491 INFO angle_controlled_005_angle120 | A=1414.122 m²，D=69.355 m，e=15.563 m，γmin=60.0°
2026-09-11 17:00:04,495 DEBUG 层 0：检查 40000 格，内部 0，边界 19
2026-09-11 17:00:04,495 DEBUG 层 1：检查 76 格，内部 12，边界 37
2026-09-11 17:00:04,495 DEBUG 层 2：检查 148 格，内部 33，边界 74
2026-09-11 17:00:04,495 DEBUG 层 3：检查 296 格，内部 71，边界 148
2026-09-11 17:00:04,495 DEBUG 层 4：检查 592 格，内部 138，边界 298
2026-09-11 17:00:04,496 DEBUG 层 5：检查 1192 格，内部 282，边界 597
2026-09-11 17:00:04,497 DEBUG 层 6：检查 2388 格，内部 574，边界 1192
2026-09-11 17:00:04,498 DEBUG 层 7：检查 4768 格，内部 1198，边界 2385
2026-09-11 17:00:04,499 DEBUG 层 8：检查 9540 格，内部 2366，边界 4770
2026-09-11 17:00:04,637 DEBUG 求解结束：sampled；可行点 16434，叶格 9444，边界格边长 0.070312 m
2026-09-11 17:00:04,639 INFO angle_controlled_006_angle30 | A=2367.853 m²，D=131.907 m，e=11.590 m，γmin=30.0°
2026-09-11 17:00:04,642 DEBUG 层 0：检查 40000 格，内部 0，边界 15
2026-09-11 17:00:04,642 DEBUG 层 1：检查 60 格，内部 9，边界 28
2026-09-11 17:00:04,642 DEBUG 层 2：检查 112 格，内部 21，边界 57
2026-09-11 17:00:04,642 DEBUG 层 3：检查 228 格，内部 53，边界 112
2026-09-11 17:00:04,642 DEBUG 层 4：检查 448 格，内部 98，边界 225
2026-09-11 17:00:04,643 DEBUG 层 5：检查 900 格，内部 220，边界 449
2026-09-11 17:00:04,643 DEBUG 层 6：检查 1796 格，内部 437，边界 897
2026-09-11 17:00:04,643 DEBUG 层 7：检查 3588 格，内部 870，边界 1796
2026-09-11 17:00:04,644 DEBUG 层 8：检查 7184 格，内部 1794，边界 3589
2026-09-11 17:00:04,742 DEBUG 求解结束：sampled；可行点 12325，叶格 7091，边界格边长 0.070312 m
2026-09-11 17:00:04,744 INFO angle_controlled_006_angle45 | A=1694.419 m²，D=89.754 m，e=9.348 m，γmin=45.0°
2026-09-11 17:00:04,747 DEBUG 层 0：检查 40000 格，内部 0，边界 13
2026-09-11 17:00:04,748 DEBUG 层 1：检查 52 格，内部 9，边界 24
2026-09-11 17:00:04,748 DEBUG 层 2：检查 96 格，内部 12，边界 47
2026-09-11 17:00:04,748 DEBUG 层 3：检查 188 格，内部 40，边界 95
2026-09-11 17:00:04,748 DEBUG 层 4：检查 380 格，内部 74，边界 187
2026-09-11 17:00:04,748 DEBUG 层 5：检查 748 格，内部 186，边界 374
2026-09-11 17:00:04,748 DEBUG 层 6：检查 1496 格，内部 369，边界 751
2026-09-11 17:00:04,749 DEBUG 层 7：检查 3004 格，内部 742，边界 1499
2026-09-11 17:00:04,749 DEBUG 层 8：检查 5996 格，内部 1509，边界 2996
2026-09-11 17:00:04,829 DEBUG 求解结束：sampled；可行点 10327，叶格 5937，边界格边长 0.070312 m
2026-09-11 17:00:04,830 INFO angle_controlled_006_angle60 | A=1392.980 m²，D=68.994 m，e=8.320 m，γmin=60.0°
2026-09-11 17:00:04,834 DEBUG 层 0：检查 40000 格，内部 0，边界 10
2026-09-11 17:00:04,834 DEBUG 层 1：检查 40 格，内部 7，边界 18
2026-09-11 17:00:04,834 DEBUG 层 2：检查 72 格，内部 14，边界 37
2026-09-11 17:00:04,835 DEBUG 层 3：检查 148 格，内部 36，边界 76
2026-09-11 17:00:04,835 DEBUG 层 4：检查 304 格，内部 66，边界 151
2026-09-11 17:00:04,835 DEBUG 层 5：检查 604 格，内部 146，边界 303
2026-09-11 17:00:04,835 DEBUG 层 6：检查 1212 格，内部 304，边界 605
2026-09-11 17:00:04,835 DEBUG 层 7：检查 2420 格，内部 592，边界 1209
2026-09-11 17:00:04,836 DEBUG 层 8：检查 4836 格，内部 1232，边界 2417
2026-09-11 17:00:04,902 DEBUG 求解结束：sampled；可行点 8380，叶格 4814，边界格边长 0.070312 m
2026-09-11 17:00:04,903 INFO angle_controlled_006_angle90 | A=1216.080 m²，D=49.297 m，e=8.148 m，γmin=90.0°
2026-09-11 17:00:04,908 DEBUG 层 0：检查 40000 格，内部 0，边界 11
2026-09-11 17:00:04,909 DEBUG 层 1：检查 44 格，内部 9，边界 22
2026-09-11 17:00:04,909 DEBUG 层 2：检查 88 格，内部 14，边界 45
2026-09-11 17:00:04,909 DEBUG 层 3：检查 180 格，内部 36，边界 89
2026-09-11 17:00:04,909 DEBUG 层 4：检查 356 格，内部 81，边界 176
2026-09-11 17:00:04,909 DEBUG 层 5：检查 704 格，内部 175，边界 353
2026-09-11 17:00:04,909 DEBUG 层 6：检查 1412 格，内部 340，边界 705
2026-09-11 17:00:04,910 DEBUG 层 7：检查 2820 格，内部 679，边界 1409
2026-09-11 17:00:04,910 DEBUG 层 8：检查 5636 格，内部 1414，边界 2819
2026-09-11 17:00:04,989 DEBUG 求解结束：sampled；可行点 9684，叶格 5567，边界格边长 0.070312 m
2026-09-11 17:00:04,991 INFO angle_controlled_006_angle120 | A=1413.719 m²，D=69.957 m，e=10.225 m，γmin=60.0°
2026-09-11 17:00:04,995 DEBUG 层 0：检查 40000 格，内部 1，边界 23
2026-09-11 17:00:04,996 DEBUG 层 1：检查 92 格，内部 12，边界 43
2026-09-11 17:00:04,996 DEBUG 层 2：检查 172 格，内部 30，边界 81
2026-09-11 17:00:04,996 DEBUG 层 3：检查 324 格，内部 68，边界 158
2026-09-11 17:00:04,996 DEBUG 层 4：检查 632 格，内部 179，边界 314
2026-09-11 17:00:04,996 DEBUG 层 5：检查 1256 格，内部 346，边界 633
2026-09-11 17:00:04,996 DEBUG 层 6：检查 2532 格，内部 507，边界 1261
2026-09-11 17:00:04,997 DEBUG 层 7：检查 5044 格，内部 1017，边界 2516
2026-09-11 17:00:04,999 DEBUG 层 8：检查 10064 格，内部 2986，边界 5037
2026-09-11 17:00:05,123 DEBUG 求解结束：sampled；可行点 18267，叶格 10183，边界格边长 0.070312 m
2026-09-11 17:00:05,124 INFO angle_controlled_007_angle30 | A=2682.332 m²，D=143.713 m，e=35.984 m，γmin=30.0°
2026-09-11 17:00:05,127 DEBUG 层 0：检查 40000 格，内部 1，边界 15
2026-09-11 17:00:05,127 DEBUG 层 1：检查 60 格，内部 8，边界 28
2026-09-11 17:00:05,127 DEBUG 层 2：检查 112 格，内部 15，边界 56
2026-09-11 17:00:05,128 DEBUG 层 3：检查 224 格，内部 45，边界 110
2026-09-11 17:00:05,128 DEBUG 层 4：检查 440 格，内部 138，边界 222
2026-09-11 17:00:05,128 DEBUG 层 5：检查 888 格，内部 264，边界 444
2026-09-11 17:00:05,128 DEBUG 层 6：检查 1776 格，内部 343，边界 886
2026-09-11 17:00:05,128 DEBUG 层 7：检查 3544 格，内部 718，边界 1770
2026-09-11 17:00:05,129 DEBUG 层 8：检查 7080 格，内部 2096，边界 3542
2026-09-11 17:00:05,211 DEBUG 求解结束：sampled；可行点 12866，叶格 7170，边界格边长 0.070312 m
2026-09-11 17:00:05,212 INFO angle_controlled_007_angle45 | A=1829.975 m²，D=94.883 m，e=24.568 m，γmin=45.0°
2026-09-11 17:00:05,218 DEBUG 层 0：检查 40000 格，内部 0，边界 11
2026-09-11 17:00:05,218 DEBUG 层 1：检查 44 格，内部 9，边界 22
2026-09-11 17:00:05,218 DEBUG 层 2：检查 88 格，内部 17，边界 43
2026-09-11 17:00:05,219 DEBUG 层 3：检查 172 格，内部 29，边界 87
2026-09-11 17:00:05,219 DEBUG 层 4：检查 348 格，内部 104，边界 174
2026-09-11 17:00:05,219 DEBUG 层 5：检查 696 格，内部 196，边界 351
2026-09-11 17:00:05,219 DEBUG 层 6：检查 1404 格，内部 261，边界 699
2026-09-11 17:00:05,219 DEBUG 层 7：检查 2796 格，内部 546，边界 1397
2026-09-11 17:00:05,220 DEBUG 层 8：检查 5588 格，内部 1665，边界 2795
2026-09-11 17:00:05,285 DEBUG 求解结束：sampled；可行点 10099，叶格 5622，边界格边长 0.070312 m
2026-09-11 17:00:05,286 INFO angle_controlled_007_angle60 | A=1466.385 m²，D=71.740 m，e=19.915 m，γmin=60.0°
2026-09-11 17:00:05,289 DEBUG 层 0：检查 40000 格，内部 1，边界 8
2026-09-11 17:00:05,289 DEBUG 层 1：检查 32 格，内部 5，边界 16
2026-09-11 17:00:05,289 DEBUG 层 2：检查 64 格，内部 8，边界 32
2026-09-11 17:00:05,289 DEBUG 层 3：检查 128 格，内部 25，边界 62
2026-09-11 17:00:05,289 DEBUG 层 4：检查 248 格，内部 103，边界 126
2026-09-11 17:00:05,290 DEBUG 层 5：检查 504 格，内部 177，边界 254
2026-09-11 17:00:05,290 DEBUG 层 6：检查 1016 格，内部 184，边界 508
2026-09-11 17:00:05,290 DEBUG 层 7：检查 2032 格，内部 399，边界 1017
2026-09-11 17:00:05,290 DEBUG 层 8：检查 4068 格，内部 1258，边界 2037
2026-09-11 17:00:05,343 DEBUG 求解结束：sampled；可行点 7605，叶格 4197，边界格边长 0.070312 m
2026-09-11 17:00:05,344 INFO angle_controlled_007_angle90 | A=1241.937 m²，D=50.067 m，e=17.543 m，γmin=90.0°
2026-09-11 17:00:05,347 DEBUG 层 0：检查 40000 格，内部 1，边界 11
2026-09-11 17:00:05,348 DEBUG 层 1：检查 44 格，内部 5，边界 22
2026-09-11 17:00:05,348 DEBUG 层 2：检查 88 格，内部 17，边界 44
2026-09-11 17:00:05,348 DEBUG 层 3：检查 176 格，内部 22，边界 84
2026-09-11 17:00:05,348 DEBUG 层 4：检查 336 格，内部 90，边界 170
2026-09-11 17:00:05,348 DEBUG 层 5：检查 680 格，内部 193，边界 340
2026-09-11 17:00:05,348 DEBUG 层 6：检查 1360 格，内部 268，边界 679
2026-09-11 17:00:05,349 DEBUG 层 7：检查 2716 格，内部 533，边界 1357
2026-09-11 17:00:05,349 DEBUG 层 8：检查 5428 格，内部 1634，边界 2714
2026-09-11 17:00:05,416 DEBUG 求解结束：sampled；可行点 9844，叶格 5477，边界格边长 0.070312 m
2026-09-11 17:00:05,417 INFO angle_controlled_007_angle120 | A=1412.009 m²，D=69.079 m，e=20.812 m，γmin=60.0°
2026-09-11 17:00:05,420 DEBUG 层 0：检查 40000 格，内部 1，边界 17
2026-09-11 17:00:05,421 DEBUG 层 1：检查 68 格，内部 10，边界 35
2026-09-11 17:00:05,421 DEBUG 层 2：检查 140 格，内部 29，边界 71
2026-09-11 17:00:05,421 DEBUG 层 3：检查 284 格，内部 39，边界 137
2026-09-11 17:00:05,421 DEBUG 层 4：检查 548 格，内部 137，边界 280
2026-09-11 17:00:05,421 DEBUG 层 5：检查 1120 格，内部 222，边界 564
2026-09-11 17:00:05,421 DEBUG 层 6：检查 2256 格，内部 550，边界 1128
2026-09-11 17:00:05,422 DEBUG 层 7：检查 4512 格，内部 1148，边界 2253
2026-09-11 17:00:05,423 DEBUG 层 8：检查 9012 格，内部 2259，边界 4502
2026-09-11 17:00:05,525 DEBUG 求解结束：sampled；可行点 15451，叶格 8897，边界格边长 0.070312 m
2026-09-11 17:00:05,527 INFO angle_controlled_008_angle30 | A=2261.753 m²，D=127.790 m，e=26.521 m，γmin=30.0°
2026-09-11 17:00:05,532 DEBUG 层 0：检查 40000 格，内部 1，边界 14
2026-09-11 17:00:05,532 DEBUG 层 1：检查 56 格，内部 7，边界 26
2026-09-11 17:00:05,532 DEBUG 层 2：检查 104 格，内部 16，边界 52
2026-09-11 17:00:05,532 DEBUG 层 3：检查 208 格，内部 33，边界 102
2026-09-11 17:00:05,533 DEBUG 层 4：检查 408 格，内部 111，边界 208
2026-09-11 17:00:05,533 DEBUG 层 5：检查 832 格，内部 170，边界 414
2026-09-11 17:00:05,533 DEBUG 层 6：检查 1656 格，内部 381，边界 826
2026-09-11 17:00:05,533 DEBUG 层 7：检查 3304 格，内部 777，边界 1654
2026-09-11 17:00:05,534 DEBUG 层 8：检查 6616 格，内部 1623，边界 3305
2026-09-11 17:00:05,616 DEBUG 求解结束：sampled；可行点 11143，叶格 6424，边界格边长 0.070312 m
2026-09-11 17:00:05,617 INFO angle_controlled_008_angle45 | A=1645.942 m²，D=87.983 m，e=18.787 m，γmin=45.0°
2026-09-11 17:00:05,622 DEBUG 层 0：检查 40000 格，内部 1，边界 11
2026-09-11 17:00:05,622 DEBUG 层 1：检查 44 格，内部 5，边界 21
2026-09-11 17:00:05,622 DEBUG 层 2：检查 84 格，内部 15，边界 43
2026-09-11 17:00:05,622 DEBUG 层 3：检查 172 格，内部 21，边界 82
2026-09-11 17:00:05,622 DEBUG 层 4：检查 328 格，内部 105，边界 166
2026-09-11 17:00:05,623 DEBUG 层 5：检查 664 格，内部 120，边界 333
2026-09-11 17:00:05,623 DEBUG 层 6：检查 1332 格，内部 296，边界 667
2026-09-11 17:00:05,623 DEBUG 层 7：检查 2668 格，内部 638，边界 1334
2026-09-11 17:00:05,624 DEBUG 层 8：检查 5336 格，内部 1323，边界 2671
2026-09-11 17:00:05,689 DEBUG 求解结束：sampled；可行点 9006，叶格 5195，边界格边长 0.070312 m
2026-09-11 17:00:05,690 INFO angle_controlled_008_angle60 | A=1365.471 m²，D=67.947 m，e=14.744 m，γmin=60.0°
2026-09-11 17:00:05,694 DEBUG 层 0：检查 40000 格，内部 1，边界 8
2026-09-11 17:00:05,694 DEBUG 层 1：检查 32 格，内部 5，边界 16
2026-09-11 17:00:05,694 DEBUG 层 2：检查 64 格，内部 6，边界 32
2026-09-11 17:00:05,694 DEBUG 层 3：检查 128 格，内部 28，边界 63
2026-09-11 17:00:05,694 DEBUG 层 4：检查 252 格，内部 98，边界 128
2026-09-11 17:00:05,695 DEBUG 层 5：检查 512 格，内部 140，边界 252
2026-09-11 17:00:05,695 DEBUG 层 6：检查 1008 格，内部 253，边界 504
2026-09-11 17:00:05,695 DEBUG 层 7：检查 2016 格，内部 498，边界 1004
2026-09-11 17:00:05,695 DEBUG 层 8：检查 4016 格，内部 984，边界 2005
2026-09-11 17:00:05,745 DEBUG 求解结束：sampled；可行点 7006，叶格 4018，边界格边长 0.070312 m
2026-09-11 17:00:05,748 INFO angle_controlled_008_angle90 | A=1204.974 m²，D=49.271 m，e=10.746 m，γmin=90.0°
2026-09-11 17:00:05,752 DEBUG 层 0：检查 40000 格，内部 1，边界 11
2026-09-11 17:00:05,752 DEBUG 层 1：检查 44 格，内部 4，边界 22
2026-09-11 17:00:05,752 DEBUG 层 2：检查 88 格，内部 20，边界 43
2026-09-11 17:00:05,752 DEBUG 层 3：检查 172 格，内部 27，边界 87
2026-09-11 17:00:05,752 DEBUG 层 4：检查 348 格，内部 92，边界 173
2026-09-11 17:00:05,752 DEBUG 层 5：检查 692 格，内部 159，边界 343
2026-09-11 17:00:05,753 DEBUG 层 6：检查 1372 格，内部 295，边界 688
2026-09-11 17:00:05,753 DEBUG 层 7：检查 2752 格，内部 705，边界 1376
2026-09-11 17:00:05,753 DEBUG 层 8：检查 5504 格，内部 1376，边界 2750
2026-09-11 17:00:05,820 DEBUG 求解结束：sampled；可行点 9447，叶格 5429，边界格边长 0.070312 m
2026-09-11 17:00:05,822 INFO angle_controlled_008_angle120 | A=1413.987 m²，D=70.359 m，e=8.987 m，γmin=60.0°
2026-09-11 17:00:05,826 DEBUG 层 0：检查 40000 格，内部 0，边界 18
2026-09-11 17:00:05,826 DEBUG 层 1：检查 72 格，内部 11，边界 39
2026-09-11 17:00:05,826 DEBUG 层 2：检查 156 格，内部 34，边界 76
2026-09-11 17:00:05,826 DEBUG 层 3：检查 304 格，内部 72，边界 156
2026-09-11 17:00:05,826 DEBUG 层 4：检查 624 格，内部 139，边界 315
2026-09-11 17:00:05,827 DEBUG 层 5：检查 1260 格，内部 312，边界 631
2026-09-11 17:00:05,827 DEBUG 层 6：检查 2524 格，内部 612，边界 1266
2026-09-11 17:00:05,827 DEBUG 层 7：检查 5064 格，内部 1257，边界 2531
2026-09-11 17:00:05,828 DEBUG 层 8：检查 10124 格，内部 2521，边界 5064
2026-09-11 17:00:05,947 DEBUG 求解结束：sampled；可行点 17425，叶格 10022，边界格边长 0.070312 m
2026-09-11 17:00:05,949 INFO angle_controlled_009_angle30 | A=2329.246 m²，D=130.408 m，e=17.453 m，γmin=30.0°
2026-09-11 17:00:05,956 DEBUG 层 0：检查 40000 格，内部 1，边界 14
2026-09-11 17:00:05,957 DEBUG 层 1：检查 56 格，内部 6，边界 29
2026-09-11 17:00:05,957 DEBUG 层 2：检查 116 格，内部 18，边界 56
2026-09-11 17:00:05,957 DEBUG 层 3：检查 224 格，内部 44，边界 112
2026-09-11 17:00:05,957 DEBUG 层 4：检查 448 格，内部 106，边界 222
2026-09-11 17:00:05,957 DEBUG 层 5：检查 888 格，内部 213，边界 445
2026-09-11 17:00:05,957 DEBUG 层 6：检查 1780 格，内部 435，边界 888
2026-09-11 17:00:05,958 DEBUG 层 7：检查 3552 格，内部 874，边界 1777
2026-09-11 17:00:05,958 DEBUG 层 8：检查 7108 格，内部 1765，边界 3555
2026-09-11 17:00:06,047 DEBUG 求解结束：sampled；可行点 12209，叶格 7017，边界格边长 0.070312 m
2026-09-11 17:00:06,049 INFO angle_controlled_009_angle45 | A=1676.619 m²，D=89.067 m，e=13.383 m，γmin=45.0°
2026-09-11 17:00:06,052 DEBUG 层 0：检查 40000 格，内部 1，边界 10
2026-09-11 17:00:06,053 DEBUG 层 1：检查 40 格，内部 4，边界 22
2026-09-11 17:00:06,053 DEBUG 层 2：检查 88 格，内部 17，边界 44
2026-09-11 17:00:06,053 DEBUG 层 3：检查 176 格，内部 37，边界 87
2026-09-11 17:00:06,053 DEBUG 层 4：检查 348 格，内部 72，边界 173
2026-09-11 17:00:06,053 DEBUG 层 5：检查 692 格，内部 161，边界 346
2026-09-11 17:00:06,053 DEBUG 层 6：检查 1384 格，内部 357，边界 691
2026-09-11 17:00:06,054 DEBUG 层 7：检查 2764 格，内部 648，边界 1382
2026-09-11 17:00:06,054 DEBUG 层 8：检查 5528 格，内部 1312，边界 2763
2026-09-11 17:00:06,116 DEBUG 求解结束：sampled；可行点 9261，叶格 5372，边界格边长 0.070312 m
2026-09-11 17:00:06,117 INFO angle_controlled_009_angle60 | A=1382.441 m²，D=68.612 m，e=11.491 m，γmin=60.0°
2026-09-11 17:00:06,121 DEBUG 层 0：检查 40000 格，内部 1，边界 9
2026-09-11 17:00:06,121 DEBUG 层 1：检查 36 格，内部 3，边界 19
2026-09-11 17:00:06,121 DEBUG 层 2：检查 76 格，内部 15，边界 36
2026-09-11 17:00:06,121 DEBUG 层 3：检查 144 格，内部 32，边界 73
2026-09-11 17:00:06,121 DEBUG 层 4：检查 292 格，内部 66，边界 150
2026-09-11 17:00:06,121 DEBUG 层 5：检查 600 格，内部 139，边界 301
2026-09-11 17:00:06,122 DEBUG 层 6：检查 1204 格，内部 278，边界 605
2026-09-11 17:00:06,122 DEBUG 层 7：检查 2420 格，内部 620，边界 1206
2026-09-11 17:00:06,122 DEBUG 层 8：检查 4824 格，内部 1222，边界 2412
2026-09-11 17:00:06,180 DEBUG 求解结束：sampled；可行点 8343，叶格 4788，边界格边长 0.070312 m
2026-09-11 17:00:06,181 INFO angle_controlled_009_angle90 | A=1212.279 m²，D=49.272 m，e=10.659 m，γmin=90.0°
2026-09-11 17:00:06,185 DEBUG 层 0：检查 40000 格，内部 1，边界 12
2026-09-11 17:00:06,186 DEBUG 层 1：检查 48 格，内部 5，边界 25
2026-09-11 17:00:06,186 DEBUG 层 2：检查 100 格，内部 13，边界 46
2026-09-11 17:00:06,186 DEBUG 层 3：检查 184 格，内部 33，边界 93
2026-09-11 17:00:06,186 DEBUG 层 4：检查 372 格，内部 104，边界 188
2026-09-11 17:00:06,186 DEBUG 层 5：检查 752 格，内部 180，边界 377
2026-09-11 17:00:06,187 DEBUG 层 6：检查 1508 格，内部 364，边界 758
2026-09-11 17:00:06,187 DEBUG 层 7：检查 3032 格，内部 774，边界 1513
2026-09-11 17:00:06,187 DEBUG 层 8：检查 6052 格，内部 1506，边界 3029
2026-09-11 17:00:06,259 DEBUG 求解结束：sampled；可行点 10456，叶格 6009，边界格边长 0.070312 m
2026-09-11 17:00:06,260 INFO angle_controlled_009_angle120 | A=1414.318 m²，D=70.168 m，e=12.887 m，γmin=60.0°
2026-09-11 17:00:06,265 DEBUG 层 0：检查 40000 格，内部 1，边界 20
2026-09-11 17:00:06,265 DEBUG 层 1：检查 80 格，内部 12，边界 44
2026-09-11 17:00:06,266 DEBUG 层 2：检查 176 格，内部 34，边界 82
2026-09-11 17:00:06,266 DEBUG 层 3：检查 328 格，内部 69，边界 159
2026-09-11 17:00:06,266 DEBUG 层 4：检查 636 格，内部 179，边界 319
2026-09-11 17:00:06,266 DEBUG 层 5：检查 1276 格，内部 379，边界 645
2026-09-11 17:00:06,266 DEBUG 层 6：检查 2580 格，内部 502，边界 1291
2026-09-11 17:00:06,267 DEBUG 层 7：检查 5164 格，内部 1255，边界 2578
2026-09-11 17:00:06,268 DEBUG 层 8：检查 10312 格，内部 2503，边界 5150
2026-09-11 17:00:06,541 DEBUG 求解结束：sampled；可行点 17509，叶格 10084，边界格边长 0.070312 m
2026-09-11 17:00:06,545 INFO angle_controlled_010_angle30 | A=2782.297 m²，D=147.276 m，e=47.859 m，γmin=30.0°
2026-09-11 17:00:06,552 DEBUG 层 0：检查 40000 格，内部 0，边界 16
2026-09-11 17:00:06,552 DEBUG 层 1：检查 64 格，内部 11，边界 29
2026-09-11 17:00:06,553 DEBUG 层 2：检查 116 格，内部 21，边界 60
2026-09-11 17:00:06,553 DEBUG 层 3：检查 240 格，内部 52，边界 118
2026-09-11 17:00:06,553 DEBUG 层 4：检查 472 格，内部 108，边界 237
2026-09-11 17:00:06,553 DEBUG 层 5：检查 948 格，内部 232，边界 475
2026-09-11 17:00:06,553 DEBUG 层 6：检查 1900 格，内部 465，边界 953
2026-09-11 17:00:06,554 DEBUG 层 7：检查 3812 格，内部 946，边界 1903
2026-09-11 17:00:06,555 DEBUG 层 8：检查 7612 格，内部 1906，边界 3809
2026-09-11 17:00:06,657 DEBUG 求解结束：sampled；可行点 13139，叶格 7550，边界格边长 0.070312 m
2026-09-11 17:00:06,659 INFO angle_controlled_010_angle45 | A=1873.221 m²，D=96.417 m，e=31.141 m，γmin=45.0°
2026-09-11 17:00:06,663 DEBUG 层 0：检查 40000 格，内部 0，边界 12
2026-09-11 17:00:06,663 DEBUG 层 1：检查 48 格，内部 9，边界 24
2026-09-11 17:00:06,664 DEBUG 层 2：检查 96 格，内部 15，边界 50
2026-09-11 17:00:06,664 DEBUG 层 3：检查 200 格，内部 42，边界 100
2026-09-11 17:00:06,664 DEBUG 层 4：检查 400 格，内部 89，边界 202
2026-09-11 17:00:06,664 DEBUG 层 5：检查 808 格，内部 195，边界 403
2026-09-11 17:00:06,664 DEBUG 层 6：检查 1612 格，内部 403，边界 806
2026-09-11 17:00:06,665 DEBUG 层 7：检查 3224 格，内部 790，边界 1613
2026-09-11 17:00:06,665 DEBUG 层 8：检查 6452 格，内部 1595，边界 3227
2026-09-11 17:00:06,749 DEBUG 求解结束：sampled；可行点 11061，叶格 6365，边界格边长 0.070312 m
2026-09-11 17:00:06,750 INFO angle_controlled_010_angle60 | A=1490.931 m²，D=72.528 m，e=23.467 m，γmin=60.0°
2026-09-11 17:00:06,754 DEBUG 层 0：检查 40000 格，内部 1，边界 9
2026-09-11 17:00:06,754 DEBUG 层 1：检查 36 格，内部 3，边界 21
2026-09-11 17:00:06,754 DEBUG 层 2：检查 84 格，内部 14，边界 43
2026-09-11 17:00:06,754 DEBUG 层 3：检查 172 格，内部 38，边界 86
2026-09-11 17:00:06,755 DEBUG 层 4：检查 344 格，内部 76，边界 172
2026-09-11 17:00:06,755 DEBUG 层 5：检查 688 格，内部 169，边界 343
2026-09-11 17:00:06,755 DEBUG 层 6：检查 1372 格，内部 340，边界 687
2026-09-11 17:00:06,756 DEBUG 层 7：检查 2748 格，内部 687，边界 1374
2026-09-11 17:00:06,756 DEBUG 层 8：检查 5496 格，内部 1361，边界 2747
2026-09-11 17:00:06,826 DEBUG 求解结束：sampled；可行点 9450，叶格 5436，边界格边长 0.070312 m
2026-09-11 17:00:06,828 INFO angle_controlled_010_angle90 | A=1253.239 m²，D=50.451 m，e=16.632 m，γmin=90.0°
2026-09-11 17:00:06,832 DEBUG 层 0：检查 40000 格，内部 1，边界 10
2026-09-11 17:00:06,832 DEBUG 层 1：检查 40 格，内部 5，边界 21
2026-09-11 17:00:06,832 DEBUG 层 2：检查 84 格，内部 16，边界 42
2026-09-11 17:00:06,832 DEBUG 层 3：检查 168 格，内部 40，边界 85
2026-09-11 17:00:06,832 DEBUG 层 4：检查 340 格，内部 47，边界 171
2026-09-11 17:00:06,832 DEBUG 层 5：检查 684 格，内部 130，边界 338
2026-09-11 17:00:06,833 DEBUG 层 6：检查 1352 格，内部 303，边界 678
2026-09-11 17:00:06,833 DEBUG 层 7：检查 2712 格，内部 709，边界 1356
2026-09-11 17:00:06,834 DEBUG 层 8：检查 5424 格，内部 1393，边界 2710
2026-09-11 17:00:06,901 DEBUG 求解结束：sampled；可行点 9271，叶格 5354，边界格边长 0.070312 m
2026-09-11 17:00:06,902 INFO angle_controlled_010_angle120 | A=1414.014 m²，D=68.837 m，e=14.393 m，γmin=60.0°
2026-09-11 17:00:06,906 DEBUG 层 0：检查 40000 格，内部 2，边界 18
2026-09-11 17:00:06,907 DEBUG 层 1：检查 72 格，内部 10，边界 44
2026-09-11 17:00:06,907 DEBUG 层 2：检查 176 格，内部 27，边界 82
2026-09-11 17:00:06,907 DEBUG 层 3：检查 328 格，内部 59，边界 158
2026-09-11 17:00:06,907 DEBUG 层 4：检查 632 格，内部 181，边界 321
2026-09-11 17:00:06,907 DEBUG 层 5：检查 1284 格，内部 246，边界 637
2026-09-11 17:00:06,907 DEBUG 层 6：检查 2548 格，内部 527，边界 1268
2026-09-11 17:00:06,908 DEBUG 层 7：检查 5072 格，内部 1093，边界 2536
2026-09-11 17:00:06,909 DEBUG 层 8：检查 10144 格，内部 2852，边界 5069
2026-09-11 17:00:07,032 DEBUG 求解结束：sampled；可行点 17448，叶格 10066，边界格边长 0.070312 m
2026-09-11 17:00:07,034 INFO angle_controlled_011_angle30 | A=2712.302 m²，D=144.729 m，e=39.099 m，γmin=30.0°
2026-09-11 17:00:07,038 DEBUG 层 0：检查 40000 格，内部 1，边界 14
2026-09-11 17:00:07,038 DEBUG 层 1：检查 56 格，内部 8，边界 30
2026-09-11 17:00:07,038 DEBUG 层 2：检查 120 格，内部 17，边界 55
2026-09-11 17:00:07,038 DEBUG 层 3：检查 220 格，内部 44，边界 110
2026-09-11 17:00:07,038 DEBUG 层 4：检查 440 格，内部 139，边界 223
2026-09-11 17:00:07,039 DEBUG 层 5：检查 892 格，内部 181，边界 445
2026-09-11 17:00:07,039 DEBUG 层 6：检查 1780 格，内部 367，边界 889
2026-09-11 17:00:07,039 DEBUG 层 7：检查 3556 格，内部 708，边界 1778
2026-09-11 17:00:07,040 DEBUG 层 8：检查 7112 格，内部 2114，边界 3558
2026-09-11 17:00:07,145 DEBUG 求解结束：sampled；可行点 12489，叶格 7137，边界格边长 0.070312 m
2026-09-11 17:00:07,147 INFO angle_controlled_011_angle45 | A=1843.175 m²，D=95.336 m，e=26.040 m，γmin=45.0°
2026-09-11 17:00:07,152 DEBUG 层 0：检查 40000 格，内部 1，边界 11
2026-09-11 17:00:07,153 DEBUG 层 1：检查 44 格，内部 5，边界 21
2026-09-11 17:00:07,153 DEBUG 层 2：检查 84 格，内部 18，边界 43
2026-09-11 17:00:07,153 DEBUG 层 3：检查 172 格，内部 34，边界 87
2026-09-11 17:00:07,153 DEBUG 层 4：检查 348 格，内部 90，边界 177
2026-09-11 17:00:07,153 DEBUG 层 5：检查 708 格，内部 127，边界 352
2026-09-11 17:00:07,153 DEBUG 层 6：检查 1408 格，内部 267，边界 701
2026-09-11 17:00:07,154 DEBUG 层 7：检查 2804 格，内部 549，边界 1401
2026-09-11 17:00:07,154 DEBUG 层 8：检查 5604 格，内部 1701，边界 2804
2026-09-11 17:00:07,240 DEBUG 求解结束：sampled；可行点 9826，叶格 5596，边界格边长 0.070312 m
2026-09-11 17:00:07,242 INFO angle_controlled_011_angle60 | A=1473.028 m²，D=71.970 m，e=20.383 m，γmin=60.0°
2026-09-11 17:00:07,245 DEBUG 层 0：检查 40000 格，内部 1，边界 8
2026-09-11 17:00:07,246 DEBUG 层 1：检查 32 格，内部 5，边界 16
2026-09-11 17:00:07,246 DEBUG 层 2：检查 64 格，内部 13，边界 32
2026-09-11 17:00:07,246 DEBUG 层 3：检查 128 格，内部 9，边界 64
2026-09-11 17:00:07,246 DEBUG 层 4：检查 256 格，内部 101，边界 128
2026-09-11 17:00:07,246 DEBUG 层 5：检查 512 格，内部 124，边界 256
2026-09-11 17:00:07,246 DEBUG 层 6：检查 1024 格，内部 207，边界 510
2026-09-11 17:00:07,247 DEBUG 层 7：检查 2040 格，内部 398，边界 1020
2026-09-11 17:00:07,247 DEBUG 层 8：检查 4080 格，内部 1262，边界 2040
2026-09-11 17:00:07,306 DEBUG 求解结束：sampled；可行点 7359，叶格 4160，边界格边长 0.070312 m
2026-09-11 17:00:07,308 INFO angle_controlled_011_angle90 | A=1244.640 m²，D=50.216 m，e=16.432 m，γmin=90.0°
2026-09-11 17:00:07,312 DEBUG 层 0：检查 40000 格，内部 1，边界 10
2026-09-11 17:00:07,313 DEBUG 层 1：检查 40 格，内部 5，边界 22
2026-09-11 17:00:07,313 DEBUG 层 2：检查 88 格，内部 17，边界 43
2026-09-11 17:00:07,313 DEBUG 层 3：检查 172 格，内部 22，边界 84
2026-09-11 17:00:07,314 DEBUG 层 4：检查 336 格，内部 105，边界 171
2026-09-11 17:00:07,314 DEBUG 层 5：检查 684 格，内部 133，边界 341
2026-09-11 17:00:07,315 DEBUG 层 6：检查 1364 格，内部 277，边界 679
2026-09-11 17:00:07,315 DEBUG 层 7：检查 2716 格，内部 529，边界 1356
2026-09-11 17:00:07,316 DEBUG 层 8：检查 5424 格，内部 1649，边界 2712
2026-09-11 17:00:07,397 DEBUG 求解结束：sampled；可行点 9591，叶格 5450，边界格边长 0.070312 m
2026-09-11 17:00:07,399 INFO angle_controlled_011_angle120 | A=1412.572 m²，D=68.997 m，e=17.799 m，γmin=60.0°
2026-09-11 17:00:07,402 DEBUG 层 0：检查 40000 格，内部 1，边界 20
2026-09-11 17:00:07,403 DEBUG 层 1：检查 80 格，内部 12，边界 38
2026-09-11 17:00:07,403 DEBUG 层 2：检查 152 格，内部 20，边界 77
2026-09-11 17:00:07,403 DEBUG 层 3：检查 308 格，内部 69，边界 151
2026-09-11 17:00:07,403 DEBUG 层 4：检查 604 格，内部 143，边界 303
2026-09-11 17:00:07,403 DEBUG 层 5：检查 1212 格，内部 293，边界 606
2026-09-11 17:00:07,404 DEBUG 层 6：检查 2424 格，内部 593，边界 1213
2026-09-11 17:00:07,404 DEBUG 层 7：检查 4852 格，内部 1198，边界 2423
2026-09-11 17:00:07,406 DEBUG 层 8：检查 9692 格，内部 2420，边界 4846
2026-09-11 17:00:07,543 DEBUG 求解结束：sampled；可行点 16689，叶格 9595，边界格边长 0.070312 m
2026-09-11 17:00:07,545 INFO angle_controlled_012_angle30 | A=2430.322 m²，D=134.199 m，e=12.183 m，γmin=30.0°
2026-09-11 17:00:07,549 DEBUG 层 0：检查 40000 格，内部 1，边界 15
2026-09-11 17:00:07,549 DEBUG 层 1：检查 60 格，内部 6，边界 29
2026-09-11 17:00:07,549 DEBUG 层 2：检查 116 格，内部 19，边界 57
2026-09-11 17:00:07,549 DEBUG 层 3：检查 228 格，内部 49，边界 111
2026-09-11 17:00:07,550 DEBUG 层 4：检查 444 格，内部 102，边界 225
2026-09-11 17:00:07,550 DEBUG 层 5：检查 900 格，内部 222，边界 455
2026-09-11 17:00:07,550 DEBUG 层 6：检查 1820 格，内部 451，边界 908
2026-09-11 17:00:07,550 DEBUG 层 7：检查 3632 格，内部 895，边界 1816
2026-09-11 17:00:07,551 DEBUG 层 8：检查 7264 格，内部 1794，边界 3634
2026-09-11 17:00:07,649 DEBUG 求解结束：sampled；可行点 12465，叶格 7173，边界格边长 0.070312 m
2026-09-11 17:00:07,651 INFO angle_controlled_012_angle45 | A=1722.259 m²，D=90.845 m，e=12.769 m，γmin=45.0°
2026-09-11 17:00:07,654 DEBUG 层 0：检查 40000 格，内部 0，边界 10
2026-09-11 17:00:07,654 DEBUG 层 1：检查 40 格，内部 7，边界 22
2026-09-11 17:00:07,655 DEBUG 层 2：检查 88 格，内部 20，边界 47
2026-09-11 17:00:07,655 DEBUG 层 3：检查 188 格，内部 35，边界 94
2026-09-11 17:00:07,655 DEBUG 层 4：检查 376 格，内部 98，边界 190
2026-09-11 17:00:07,655 DEBUG 层 5：检查 760 格，内部 214，边界 380
2026-09-11 17:00:07,655 DEBUG 层 6：检查 1520 格，内部 381，边界 757
2026-09-11 17:00:07,655 DEBUG 层 7：检查 3028 格，内部 764，边界 1513
2026-09-11 17:00:07,656 DEBUG 层 8：检查 6052 格，内部 1479，边界 3029
2026-09-11 17:00:07,725 DEBUG 求解结束：sampled；可行点 10488，叶格 6027，边界格边长 0.070312 m
2026-09-11 17:00:07,727 INFO angle_controlled_012_angle60 | A=1408.343 m²，D=69.529 m，e=13.604 m，γmin=60.0°
2026-09-11 17:00:07,730 DEBUG 层 0：检查 40000 格，内部 0，边界 10
2026-09-11 17:00:07,730 DEBUG 层 1：检查 40 格，内部 6，边界 20
2026-09-11 17:00:07,730 DEBUG 层 2：检查 80 格，内部 19，边界 38
2026-09-11 17:00:07,730 DEBUG 层 3：检查 152 格，内部 31，边界 77
2026-09-11 17:00:07,731 DEBUG 层 4：检查 308 格，内部 73，边界 153
2026-09-11 17:00:07,731 DEBUG 层 5：检查 612 格，内部 151，边界 306
2026-09-11 17:00:07,731 DEBUG 层 6：检查 1224 格，内部 305，边界 611
2026-09-11 17:00:07,732 DEBUG 层 7：检查 2444 格，内部 597，边界 1222
2026-09-11 17:00:07,733 DEBUG 层 8：检查 4888 格，内部 1211，边界 2447
2026-09-11 17:00:07,804 DEBUG 求解结束：sampled；可行点 8417，叶格 4840，边界格边长 0.070312 m
2026-09-11 17:00:07,807 INFO angle_controlled_012_angle90 | A=1221.769 m²，D=49.275 m，e=16.619 m，γmin=90.0°
2026-09-11 17:00:07,810 DEBUG 层 0：检查 40000 格，内部 0，边界 11
2026-09-11 17:00:07,810 DEBUG 层 1：检查 44 格，内部 8，边界 21
2026-09-11 17:00:07,811 DEBUG 层 2：检查 84 格，内部 18，边界 44
2026-09-11 17:00:07,811 DEBUG 层 3：检查 176 格，内部 35，边界 88
2026-09-11 17:00:07,811 DEBUG 层 4：检查 352 格，内部 83，边界 176
2026-09-11 17:00:07,811 DEBUG 层 5：检查 704 格，内部 176，边界 352
2026-09-11 17:00:07,811 DEBUG 层 6：检查 1408 格，内部 357，边界 703
2026-09-11 17:00:07,812 DEBUG 层 7：检查 2812 格，内部 689，边界 1406
2026-09-11 17:00:07,812 DEBUG 层 8：检查 5624 格，内部 1404，边界 2810
2026-09-11 17:00:07,881 DEBUG 求解结束：sampled；可行点 9713，叶格 5580，边界格边长 0.070312 m
2026-09-11 17:00:07,883 INFO angle_controlled_012_angle120 | A=1413.051 m²，D=69.726 m，e=23.477 m，γmin=60.0°
2026-09-11 17:00:07,887 DEBUG 层 0：检查 40000 格，内部 1，边界 19
2026-09-11 17:00:07,888 DEBUG 层 1：检查 76 格，内部 11，边界 36
2026-09-11 17:00:07,888 DEBUG 层 2：检查 144 格，内部 28，边界 73
2026-09-11 17:00:07,889 DEBUG 层 3：检查 292 格，内部 78，边界 153
2026-09-11 17:00:07,889 DEBUG 层 4：检查 612 格，内部 114，边界 300
2026-09-11 17:00:07,889 DEBUG 层 5：检查 1200 格，内部 229，边界 599
2026-09-11 17:00:07,890 DEBUG 层 6：检查 2396 格，内部 479，边界 1200
2026-09-11 17:00:07,891 DEBUG 层 7：检查 4800 格，内部 1049，边界 2401
2026-09-11 17:00:07,892 DEBUG 层 8：检查 9604 格，内部 2320，边界 4797
2026-09-11 17:00:08,007 DEBUG 求解结束：sampled；可行点 15658，叶格 9106，边界格边长 0.070312 m
2026-09-11 17:00:08,009 INFO angle_controlled_013_angle30 | A=2486.813 m²，D=136.495 m，e=15.954 m，γmin=30.0°
2026-09-11 17:00:08,013 DEBUG 层 0：检查 40000 格，内部 1，边界 14
2026-09-11 17:00:08,013 DEBUG 层 1：检查 56 格，内部 8，边界 28
2026-09-11 17:00:08,013 DEBUG 层 2：检查 112 格，内部 17，边界 54
2026-09-11 17:00:08,013 DEBUG 层 3：检查 216 格，内部 43，边界 111
2026-09-11 17:00:08,013 DEBUG 层 4：检查 444 格，内部 75，边界 218
2026-09-11 17:00:08,014 DEBUG 层 5：检查 872 格，内部 153，边界 431
2026-09-11 17:00:08,014 DEBUG 层 6：检查 1724 格，内部 361，边界 860
2026-09-11 17:00:08,014 DEBUG 层 7：检查 3440 格，内部 786，边界 1718
2026-09-11 17:00:08,015 DEBUG 层 8：检查 6872 格，内部 1715，边界 3435
2026-09-11 17:00:08,110 DEBUG 求解结束：sampled；可行点 11387，叶格 6594，边界格边长 0.070312 m
2026-09-11 17:00:08,110 INFO angle_controlled_013_angle45 | A=1746.385 m²，D=91.808 m，e=15.503 m，γmin=45.0°
2026-09-11 17:00:08,116 DEBUG 层 0：检查 40000 格，内部 1，边界 11
2026-09-11 17:00:08,117 DEBUG 层 1：检查 44 格，内部 5，边界 22
2026-09-11 17:00:08,117 DEBUG 层 2：检查 88 格，内部 15，边界 43
2026-09-11 17:00:08,117 DEBUG 层 3：检查 172 格，内部 42，边界 86
2026-09-11 17:00:08,117 DEBUG 层 4：检查 344 格，内部 63，边界 172
2026-09-11 17:00:08,118 DEBUG 层 5：检查 688 格，内部 131，边界 344
2026-09-11 17:00:08,118 DEBUG 层 6：检查 1376 格，内部 277，边界 684
2026-09-11 17:00:08,119 DEBUG 层 7：检查 2736 格，内部 632，边界 1367
2026-09-11 17:00:08,120 DEBUG 层 8：检查 5468 格，内部 1462，边界 2734
2026-09-11 17:00:08,198 DEBUG 求解结束：sampled；可行点 9233，叶格 5362，边界格边长 0.070312 m
2026-09-11 17:00:08,199 INFO angle_controlled_013_angle60 | A=1421.157 m²，D=70.038 m，e=16.213 m，γmin=60.0°
2026-09-11 17:00:08,206 DEBUG 层 0：检查 40000 格，内部 1，边界 8
2026-09-11 17:00:08,207 DEBUG 层 1：检查 32 格，内部 5，边界 16
2026-09-11 17:00:08,207 DEBUG 层 2：检查 64 格，内部 13，边界 32
2026-09-11 17:00:08,207 DEBUG 层 3：检查 128 格，内部 29，边界 64
2026-09-11 17:00:08,207 DEBUG 层 4：检查 256 格，内部 11，边界 128
2026-09-11 17:00:08,207 DEBUG 层 5：检查 512 格，内部 128，边界 254
2026-09-11 17:00:08,207 DEBUG 层 6：检查 1016 格，内部 122，边界 506
2026-09-11 17:00:08,208 DEBUG 层 7：检查 2024 格，内部 393，边界 1012
2026-09-11 17:00:08,208 DEBUG 层 8：检查 4048 格，内部 1030，边界 2022
2026-09-11 17:00:08,260 DEBUG 求解结束：sampled；可行点 6391，叶格 3754，边界格边长 0.070312 m
2026-09-11 17:00:08,262 INFO angle_controlled_013_angle90 | A=1225.279 m²，D=49.470 m，e=19.636 m，γmin=90.0°
2026-09-11 17:00:08,267 DEBUG 层 0：检查 40000 格，内部 0，边界 10
2026-09-11 17:00:08,267 DEBUG 层 1：检查 40 格，内部 7，边界 21
2026-09-11 17:00:08,267 DEBUG 层 2：检查 84 格，内部 21，边界 42
2026-09-11 17:00:08,267 DEBUG 层 3：检查 168 格，内部 47，边界 87
2026-09-11 17:00:08,267 DEBUG 层 4：检查 348 格，内部 69，边界 171
2026-09-11 17:00:08,268 DEBUG 层 5：检查 684 格，内部 131，边界 342
2026-09-11 17:00:08,268 DEBUG 层 6：检查 1368 格，内部 263，边界 683
2026-09-11 17:00:08,268 DEBUG 层 7：检查 2732 格，内部 638，边界 1365
2026-09-11 17:00:08,269 DEBUG 层 8：检查 5460 格，内部 1406，边界 2726
2026-09-11 17:00:08,343 DEBUG 求解结束：sampled；可行点 9142，叶格 5308，边界格边长 0.070312 m
2026-09-11 17:00:08,345 INFO angle_controlled_013_angle120 | A=1412.261 m²，D=69.609 m，e=27.668 m，γmin=60.0°
2026-09-11 17:00:08,350 DEBUG 层 0：检查 40000 格，内部 1，边界 20
2026-09-11 17:00:08,350 DEBUG 层 1：检查 80 格，内部 12，边界 38
2026-09-11 17:00:08,350 DEBUG 层 2：检查 152 格，内部 31，边界 78
2026-09-11 17:00:08,350 DEBUG 层 3：检查 312 格，内部 58，边界 157
2026-09-11 17:00:08,350 DEBUG 层 4：检查 628 格，内部 169，边界 312
2026-09-11 17:00:08,351 DEBUG 层 5：检查 1248 格，内部 318，边界 621
2026-09-11 17:00:08,351 DEBUG 层 6：检查 2484 格，内部 603，边界 1240
2026-09-11 17:00:08,351 DEBUG 层 7：检查 4960 格，内部 1214，边界 2486
2026-09-11 17:00:08,352 DEBUG 层 8：检查 9944 格，内部 2493，边界 4970
2026-09-11 17:00:08,504 DEBUG 求解结束：sampled；可行点 17188，叶格 9869，边界格边长 0.070312 m
2026-09-11 17:00:08,506 INFO angle_controlled_014_angle30 | A=2640.317 m²，D=142.152 m，e=30.231 m，γmin=30.0°
2026-09-11 17:00:08,511 DEBUG 层 0：检查 40000 格，内部 1，边界 14
2026-09-11 17:00:08,512 DEBUG 层 1：检查 56 格，内部 7，边界 28
2026-09-11 17:00:08,512 DEBUG 层 2：检查 112 格，内部 20，边界 57
2026-09-11 17:00:08,512 DEBUG 层 3：检查 228 格，内部 44，边界 117
2026-09-11 17:00:08,512 DEBUG 层 4：检查 468 格，内部 110，边界 235
2026-09-11 17:00:08,513 DEBUG 层 5：检查 940 格，内部 229，边界 469
2026-09-11 17:00:08,513 DEBUG 层 6：检查 1876 格，内部 470，边界 935
2026-09-11 17:00:08,513 DEBUG 层 7：检查 3740 格，内部 928，边界 1871
2026-09-11 17:00:08,514 DEBUG 层 8：检查 7484 格，内部 1844，边界 3745
2026-09-11 17:00:08,625 DEBUG 求解结束：sampled；可行点 12863，叶格 7398，边界格边长 0.070312 m
2026-09-11 17:00:08,628 INFO angle_controlled_014_angle45 | A=1813.435 m²，D=94.224 m，e=21.081 m，γmin=45.0°
2026-09-11 17:00:08,632 DEBUG 层 0：检查 40000 格，内部 0，边界 13
2026-09-11 17:00:08,632 DEBUG 层 1：检查 52 格，内部 9，边界 25
2026-09-11 17:00:08,632 DEBUG 层 2：检查 100 格，内部 13，边界 52
2026-09-11 17:00:08,632 DEBUG 层 3：检查 208 格，内部 42，边界 101
2026-09-11 17:00:08,633 DEBUG 层 4：检查 404 格，内部 97，边界 199
2026-09-11 17:00:08,634 DEBUG 层 5：检查 796 格，内部 191，边界 399
2026-09-11 17:00:08,634 DEBUG 层 6：检查 1596 格，内部 395，边界 798
2026-09-11 17:00:08,636 DEBUG 层 7：检查 3192 格，内部 801，边界 1595
2026-09-11 17:00:08,637 DEBUG 层 8：检查 6380 格，内部 1581，边界 3188
2026-09-11 17:00:08,726 DEBUG 求解结束：sampled；可行点 10985，叶格 6317，边界格边长 0.070312 m
2026-09-11 17:00:08,729 INFO angle_controlled_014_angle60 | A=1458.590 m²，D=71.369 m，e=17.590 m，γmin=60.0°
2026-09-11 17:00:08,734 DEBUG 层 0：检查 40000 格，内部 0，边界 10
2026-09-11 17:00:08,734 DEBUG 层 1：检查 40 格，内部 7，边界 22
2026-09-11 17:00:08,734 DEBUG 层 2：检查 88 格，内部 12，边界 43
2026-09-11 17:00:08,734 DEBUG 层 3：检查 172 格，内部 44，边界 85
2026-09-11 17:00:08,734 DEBUG 层 4：检查 340 格，内部 76，边界 171
2026-09-11 17:00:08,735 DEBUG 层 5：检查 684 格，内部 164，边界 341
2026-09-11 17:00:08,735 DEBUG 层 6：检查 1364 格，内部 338，边界 680
2026-09-11 17:00:08,735 DEBUG 层 7：检查 2720 格，内部 683，边界 1362
2026-09-11 17:00:08,736 DEBUG 层 8：检查 5448 格，内部 1352，边界 2724
2026-09-11 17:00:08,815 DEBUG 求解结束：sampled；可行点 9390，叶格 5400，边界格边长 0.070312 m
2026-09-11 17:00:08,817 INFO angle_controlled_014_angle90 | A=1241.121 m²，D=49.982 m，e=16.470 m，γmin=90.0°
2026-09-11 17:00:08,821 DEBUG 层 0：检查 40000 格，内部 1，边界 10
2026-09-11 17:00:08,822 DEBUG 层 1：检查 40 格，内部 5，边界 21
2026-09-11 17:00:08,822 DEBUG 层 2：检查 84 格，内部 14，边界 43
2026-09-11 17:00:08,822 DEBUG 层 3：检查 172 格，内部 40，边界 85
2026-09-11 17:00:08,822 DEBUG 层 4：检查 340 格，内部 69，边界 168
2026-09-11 17:00:08,822 DEBUG 层 5：检查 672 格，内部 156，边界 338
2026-09-11 17:00:08,822 DEBUG 层 6：检查 1352 格，内部 356，边界 680
2026-09-11 17:00:08,823 DEBUG 层 7：检查 2720 格，内部 682，边界 1359
2026-09-11 17:00:08,823 DEBUG 层 8：检查 5436 格，内部 1345，边界 2721
2026-09-11 17:00:08,901 DEBUG 求解结束：sampled；可行点 9371，叶格 5389，边界格边长 0.070312 m
2026-09-11 17:00:08,902 INFO angle_controlled_014_angle120 | A=1413.193 m²，D=69.204 m，e=20.506 m，γmin=60.0°
2026-09-11 17:00:08,906 DEBUG 层 0：检查 40000 格，内部 2，边界 18
2026-09-11 17:00:08,907 DEBUG 层 1：检查 72 格，内部 8，边界 38
2026-09-11 17:00:08,907 DEBUG 层 2：检查 152 格，内部 29，边界 76
2026-09-11 17:00:08,907 DEBUG 层 3：检查 304 格，内部 64，边界 151
2026-09-11 17:00:08,907 DEBUG 层 4：检查 604 格，内部 96，边界 306
2026-09-11 17:00:08,907 DEBUG 层 5：检查 1224 格，内部 292，边界 608
2026-09-11 17:00:08,908 DEBUG 层 6：检查 2432 格，内部 597，边界 1213
2026-09-11 17:00:08,908 DEBUG 层 7：检查 4852 格，内部 1234，边界 2421
2026-09-11 17:00:08,909 DEBUG 层 8：检查 9684 格，内部 2396，边界 4835
2026-09-11 17:00:09,048 DEBUG 求解结束：sampled；可行点 16612，叶格 9553，边界格边长 0.070312 m
2026-09-11 17:00:09,050 INFO angle_controlled_015_angle30 | A=2528.351 m²，D=137.935 m，e=14.528 m，γmin=30.0°
2026-09-11 17:00:09,054 DEBUG 层 0：检查 40000 格，内部 0，边界 16
2026-09-11 17:00:09,055 DEBUG 层 1：检查 64 格，内部 10，边界 28
2026-09-11 17:00:09,055 DEBUG 层 2：检查 112 格，内部 21，边界 56
2026-09-11 17:00:09,055 DEBUG 层 3：检查 224 格，内部 47，边界 115
2026-09-11 17:00:09,055 DEBUG 层 4：检查 460 格，内部 111，边界 232
2026-09-11 17:00:09,055 DEBUG 层 5：检查 928 格，内部 224，边界 460
2026-09-11 17:00:09,056 DEBUG 层 6：检查 1840 格，内部 450，边界 921
2026-09-11 17:00:09,057 DEBUG 层 7：检查 3684 格，内部 914，边界 1841
2026-09-11 17:00:09,059 DEBUG 层 8：检查 7364 格，内部 1836，边界 3682
2026-09-11 17:00:09,167 DEBUG 求解结束：sampled；可行点 12692，叶格 7295，边界格边长 0.070312 m
2026-09-11 17:00:09,169 INFO angle_controlled_015_angle45 | A=1765.414 m²，D=92.379 m，e=10.608 m，γmin=45.0°
2026-09-11 17:00:09,173 DEBUG 层 0：检查 40000 格，内部 0，边界 13
2026-09-11 17:00:09,173 DEBUG 层 1：检查 52 格，内部 8，边界 24
2026-09-11 17:00:09,173 DEBUG 层 2：检查 96 格，内部 16，边界 50
2026-09-11 17:00:09,173 DEBUG 层 3：检查 200 格，内部 43，边界 99
2026-09-11 17:00:09,174 DEBUG 层 4：检查 396 格，内部 89，边界 198
2026-09-11 17:00:09,174 DEBUG 层 5：检查 792 格，内部 192，边界 395
2026-09-11 17:00:09,174 DEBUG 层 6：检查 1580 格，内部 390，边界 789
2026-09-11 17:00:09,174 DEBUG 层 7：检查 3156 格，内部 775，边界 1577
2026-09-11 17:00:09,175 DEBUG 层 8：检查 6308 格，内部 1560，边界 3155
2026-09-11 17:00:09,266 DEBUG 求解结束：sampled；可行点 10823，叶格 6228，边界格边长 0.070312 m
2026-09-11 17:00:09,268 INFO angle_controlled_015_angle60 | A=1432.471 m²，D=70.419 m，e=9.477 m，γmin=60.0°
2026-09-11 17:00:09,272 DEBUG 层 0：检查 40000 格，内部 1，边界 9
2026-09-11 17:00:09,272 DEBUG 层 1：检查 36 格，内部 3，边界 21
2026-09-11 17:00:09,273 DEBUG 层 2：检查 84 格，内部 13，边界 43
2026-09-11 17:00:09,273 DEBUG 层 3：检查 172 格，内部 38，边界 86
2026-09-11 17:00:09,273 DEBUG 层 4：检查 344 格，内部 76，边界 169
2026-09-11 17:00:09,273 DEBUG 层 5：检查 676 格，内部 166，边界 339
2026-09-11 17:00:09,273 DEBUG 层 6：检查 1356 格，内部 342，边界 678
2026-09-11 17:00:09,274 DEBUG 层 7：检查 2712 格，内部 661，边界 1357
2026-09-11 17:00:09,274 DEBUG 层 8：检查 5428 格，内部 1355，边界 2716
2026-09-11 17:00:09,356 DEBUG 求解结束：sampled；可行点 9338，叶格 5371，边界格边长 0.070312 m
2026-09-11 17:00:09,358 INFO angle_controlled_015_angle90 | A=1231.499 m²，D=49.606 m，e=9.988 m，γmin=90.0°
2026-09-11 17:00:09,362 DEBUG 层 0：检查 40000 格，内部 1，边界 11
2026-09-11 17:00:09,363 DEBUG 层 1：检查 44 格，内部 5，边界 21
2026-09-11 17:00:09,363 DEBUG 层 2：检查 84 格，内部 15，边界 43
2026-09-11 17:00:09,363 DEBUG 层 3：检查 172 格，内部 32，边界 84
2026-09-11 17:00:09,363 DEBUG 层 4：检查 336 格，内部 89，边界 170
2026-09-11 17:00:09,363 DEBUG 层 5：检查 680 格，内部 150，边界 340
2026-09-11 17:00:09,364 DEBUG 层 6：检查 1360 格，内部 315，边界 684
2026-09-11 17:00:09,364 DEBUG 层 7：检查 2736 格，内部 686，边界 1365
2026-09-11 17:00:09,364 DEBUG 层 8：检查 5460 格，内部 1346，边界 2730
2026-09-11 17:00:09,439 DEBUG 求解结束：sampled；可行点 9350，叶格 5369，边界格边长 0.070312 m
2026-09-11 17:00:09,441 INFO angle_controlled_015_angle120 | A=1413.377 m²，D=69.506 m，e=13.379 m，γmin=60.0°
2026-09-11 17:00:09,445 DEBUG 层 0：检查 40000 格，内部 1，边界 22
2026-09-11 17:00:09,445 DEBUG 层 1：检查 88 格，内部 12，边界 43
2026-09-11 17:00:09,445 DEBUG 层 2：检查 172 格，内部 22，边界 84
2026-09-11 17:00:09,446 DEBUG 层 3：检查 336 格，内部 74，边界 168
2026-09-11 17:00:09,446 DEBUG 层 4：检查 672 格，内部 142，边界 335
2026-09-11 17:00:09,446 DEBUG 层 5：检查 1340 格，内部 323，边界 671
2026-09-11 17:00:09,446 DEBUG 层 6：检查 2684 格，内部 661，边界 1338
2026-09-11 17:00:09,447 DEBUG 层 7：检查 5352 格，内部 1327，边界 2680
2026-09-11 17:00:09,448 DEBUG 层 8：检查 10720 格，内部 2661，边界 5357
2026-09-11 17:00:09,606 DEBUG 求解结束：sampled；可行点 18394，叶格 10580，边界格边长 0.070312 m
2026-09-11 17:00:09,607 INFO angle_controlled_016_angle30 | A=2516.117 m²，D=137.475 m，e=12.729 m，γmin=30.0°
2026-09-11 17:00:09,611 DEBUG 层 0：检查 40000 格，内部 0，边界 15
2026-09-11 17:00:09,611 DEBUG 层 1：检查 60 格，内部 9，边界 29
2026-09-11 17:00:09,611 DEBUG 层 2：检查 116 格，内部 25，边界 57
2026-09-11 17:00:09,611 DEBUG 层 3：检查 228 格，内部 47，边界 115
2026-09-11 17:00:09,611 DEBUG 层 4：检查 460 格，内部 104，边界 231
2026-09-11 17:00:09,611 DEBUG 层 5：检查 924 格，内部 233，边界 461
2026-09-11 17:00:09,612 DEBUG 层 6：检查 1844 格，内部 451，边界 922
2026-09-11 17:00:09,612 DEBUG 层 7：检查 3688 格，内部 914，边界 1842
2026-09-11 17:00:09,613 DEBUG 层 8：检查 7368 格，内部 1839，边界 3685
2026-09-11 17:00:09,705 DEBUG 求解结束：sampled；可行点 12716，叶格 7307，边界格边长 0.070312 m
2026-09-11 17:00:09,707 INFO angle_controlled_016_angle45 | A=1759.518 m²，D=92.163 m，e=9.513 m，γmin=45.0°
2026-09-11 17:00:09,710 DEBUG 层 0：检查 40000 格，内部 0，边界 11
2026-09-11 17:00:09,710 DEBUG 层 1：检查 44 格，内部 8，边界 22
2026-09-11 17:00:09,710 DEBUG 层 2：检查 88 格，内部 19，边界 45
2026-09-11 17:00:09,710 DEBUG 层 3：检查 180 格，内部 35，边界 89
2026-09-11 17:00:09,710 DEBUG 层 4：检查 356 格，内部 79，边界 178
2026-09-11 17:00:09,710 DEBUG 层 5：检查 712 格，内部 179，边界 354
2026-09-11 17:00:09,711 DEBUG 层 6：检查 1416 格，内部 344，边界 708
2026-09-11 17:00:09,711 DEBUG 层 7：检查 2832 格，内部 697，边界 1416
2026-09-11 17:00:09,711 DEBUG 层 8：检查 5664 格，内部 1408，边界 2832
2026-09-11 17:00:09,775 DEBUG 求解结束：sampled；可行点 9746，叶格 5601，边界格边长 0.070312 m
2026-09-11 17:00:09,776 INFO angle_controlled_016_angle60 | A=1428.433 m²，D=70.303 m，e=8.708 m，γmin=60.0°
2026-09-11 17:00:09,780 DEBUG 层 0：检查 40000 格，内部 0，边界 10
2026-09-11 17:00:09,781 DEBUG 层 1：检查 40 格，内部 7，边界 19
2026-09-11 17:00:09,781 DEBUG 层 2：检查 76 格，内部 15，边界 38
2026-09-11 17:00:09,781 DEBUG 层 3：检查 152 格，内部 33，边界 77
2026-09-11 17:00:09,781 DEBUG 层 4：检查 308 格，内部 71，边界 152
2026-09-11 17:00:09,781 DEBUG 层 5：检查 608 格，内部 153，边界 305
2026-09-11 17:00:09,781 DEBUG 层 6：检查 1220 格，内部 297，边界 611
2026-09-11 17:00:09,781 DEBUG 层 7：检查 2444 格，内部 606，边界 1223
2026-09-11 17:00:09,782 DEBUG 层 8：检查 4892 格，内部 1227，边界 2447
2026-09-11 17:00:09,837 DEBUG 求解结束：sampled；可行点 8447，叶格 4856，边界格边长 0.070312 m
2026-09-11 17:00:09,839 INFO angle_controlled_016_angle90 | A=1229.634 m²，D=49.484 m，e=9.463 m，γmin=90.0°
2026-09-11 17:00:09,842 DEBUG 层 0：检查 40000 格，内部 0，边界 13
2026-09-11 17:00:09,842 DEBUG 层 1：检查 52 格，内部 6，边界 23
2026-09-11 17:00:09,842 DEBUG 层 2：检查 92 格，内部 24，边界 47
2026-09-11 17:00:09,843 DEBUG 层 3：检查 188 格，内部 38，边界 94
2026-09-11 17:00:09,843 DEBUG 层 4：检查 376 格，内部 96，边界 190
2026-09-11 17:00:09,843 DEBUG 层 5：检查 760 格，内部 193，边界 376
2026-09-11 17:00:09,843 DEBUG 层 6：检查 1504 格，内部 383，边界 756
2026-09-11 17:00:09,843 DEBUG 层 7：检查 3024 格，内部 745，边界 1512
2026-09-11 17:00:09,844 DEBUG 层 8：检查 6048 格，内部 1485，边界 3026
2026-09-11 17:00:09,912 DEBUG 求解结束：sampled；可行点 10432，叶格 5996，边界格边长 0.070312 m
2026-09-11 17:00:09,913 INFO angle_controlled_016_angle120 | A=1414.086 m²，D=69.535 m，e=12.854 m，γmin=60.0°
2026-09-11 17:00:09,917 DEBUG 层 0：检查 40000 格，内部 3，边界 21
2026-09-11 17:00:09,917 DEBUG 层 1：检查 84 格，内部 4，边界 43
2026-09-11 17:00:09,917 DEBUG 层 2：检查 172 格，内部 38，边界 84
2026-09-11 17:00:09,917 DEBUG 层 3：检查 336 格，内部 77，边界 168
2026-09-11 17:00:09,918 DEBUG 层 4：检查 672 格，内部 157，边界 334
2026-09-11 17:00:09,918 DEBUG 层 5：检查 1336 格，内部 330，边界 671
2026-09-11 17:00:09,918 DEBUG 层 6：检查 2684 格，内部 665，边界 1343
2026-09-11 17:00:09,919 DEBUG 层 7：检查 5372 格，内部 1333，边界 2686
2026-09-11 17:00:09,919 DEBUG 层 8：检查 10744 格，内部 2668，边界 5371
2026-09-11 17:00:10,044 DEBUG 求解结束：sampled；可行点 18522，叶格 10646，边界格边长 0.070312 m
2026-09-11 17:00:10,045 INFO angle_controlled_017_angle30 | A=2877.043 m²，D=150.715 m，e=60.129 m，γmin=30.0°
2026-09-11 17:00:10,049 DEBUG 层 0：检查 40000 格，内部 0，边界 16
2026-09-11 17:00:10,049 DEBUG 层 1：检查 64 格，内部 9，边界 30
2026-09-11 17:00:10,049 DEBUG 层 2：检查 120 格，内部 31，边界 59
2026-09-11 17:00:10,049 DEBUG 层 3：检查 236 格，内部 50，边界 120
2026-09-11 17:00:10,049 DEBUG 层 4：检查 480 格，内部 114，边界 242
2026-09-11 17:00:10,049 DEBUG 层 5：检查 968 格，内部 229，边界 482
2026-09-11 17:00:10,050 DEBUG 层 6：检查 1928 格，内部 484，边界 965
2026-09-11 17:00:10,050 DEBUG 层 7：检查 3860 格，内部 939，边界 1928
2026-09-11 17:00:10,051 DEBUG 层 8：检查 7712 格，内部 1945，边界 3855
2026-09-11 17:00:10,158 DEBUG 求解结束：sampled；可行点 13321，叶格 7656，边界格边长 0.070312 m
2026-09-11 17:00:10,160 INFO angle_controlled_017_angle45 | A=1911.945 m²，D=97.781 m，e=39.011 m，γmin=45.0°
2026-09-11 17:00:10,164 DEBUG 层 0：检查 40000 格，内部 0，边界 13
2026-09-11 17:00:10,164 DEBUG 层 1：检查 52 格，内部 8，边界 26
2026-09-11 17:00:10,164 DEBUG 层 2：检查 104 格，内部 22，边界 50
2026-09-11 17:00:10,164 DEBUG 层 3：检查 200 格，内部 34，边界 99
2026-09-11 17:00:10,165 DEBUG 层 4：检查 396 格，内部 86，边界 197
2026-09-11 17:00:10,165 DEBUG 层 5：检查 788 格，内部 209，边界 393
2026-09-11 17:00:10,165 DEBUG 层 6：检查 1572 格，内部 409，边界 785
2026-09-11 17:00:10,165 DEBUG 层 7：检查 3140 格，内部 772，边界 1571
2026-09-11 17:00:10,167 DEBUG 层 8：检查 6284 格，内部 1557，边界 3139
2026-09-11 17:00:10,255 DEBUG 求解结束：sampled；可行点 10850，叶格 6236，边界格边长 0.070312 m
2026-09-11 17:00:10,257 INFO angle_controlled_017_angle60 | A=1511.327 m²，D=73.256 m，e=29.247 m，γmin=60.0°
2026-09-11 17:00:10,261 DEBUG 层 0：检查 40000 格，内部 1，边界 10
2026-09-11 17:00:10,262 DEBUG 层 1：检查 40 格，内部 4，边界 19
2026-09-11 17:00:10,262 DEBUG 层 2：检查 76 格，内部 12，边界 40
2026-09-11 17:00:10,262 DEBUG 层 3：检查 160 格，内部 34，边界 77
2026-09-11 17:00:10,262 DEBUG 层 4：检查 308 格，内部 75，边界 154
2026-09-11 17:00:10,262 DEBUG 层 5：检查 616 格，内部 149，边界 308
2026-09-11 17:00:10,262 DEBUG 层 6：检查 1232 格，内部 306，边界 617
2026-09-11 17:00:10,263 DEBUG 层 7：检查 2468 格，内部 630，边界 1232
2026-09-11 17:00:10,263 DEBUG 层 8：检查 4928 格，内部 1245，边界 2466
2026-09-11 17:00:10,339 DEBUG 求解结束：sampled；可行点 8599，叶格 4922，边界格边长 0.070312 m
2026-09-11 17:00:10,341 INFO angle_controlled_017_angle90 | A=1260.073 m²，D=50.714 m，e=20.271 m，γmin=90.0°
2026-09-11 17:00:10,345 DEBUG 层 0：检查 40000 格，内部 1，边界 10
2026-09-11 17:00:10,345 DEBUG 层 1：检查 40 格，内部 4，边界 23
2026-09-11 17:00:10,345 DEBUG 层 2：检查 92 格，内部 18，边界 43
2026-09-11 17:00:10,345 DEBUG 层 3：检查 172 格，内部 36，边界 87
2026-09-11 17:00:10,345 DEBUG 层 4：检查 348 格，内部 83，边界 173
2026-09-11 17:00:10,346 DEBUG 层 5：检查 692 格，内部 172，边界 345
2026-09-11 17:00:10,346 DEBUG 层 6：检查 1380 格，内部 339，边界 692
2026-09-11 17:00:10,346 DEBUG 层 7：检查 2768 格，内部 678，边界 1382
2026-09-11 17:00:10,347 DEBUG 层 8：检查 5528 格，内部 1371，边界 2765
2026-09-11 17:00:10,428 DEBUG 求解结束：sampled；可行点 9511，叶格 5467，边界格边长 0.070312 m
2026-09-11 17:00:10,430 INFO angle_controlled_017_angle120 | A=1414.789 m²，D=68.612 m，e=16.493 m，γmin=60.0°
2026-09-11 17:00:10,434 DEBUG 层 0：检查 40000 格，内部 0，边界 18
2026-09-11 17:00:10,435 DEBUG 层 1：检查 72 格，内部 12，边界 37
2026-09-11 17:00:10,435 DEBUG 层 2：检查 148 格，内部 30，边界 73
2026-09-11 17:00:10,435 DEBUG 层 3：检查 292 格，内部 57，边界 143
2026-09-11 17:00:10,435 DEBUG 层 4：检查 572 格，内部 130，边界 286
2026-09-11 17:00:10,435 DEBUG 层 5：检查 1144 格，内部 273，边界 573
2026-09-11 17:00:10,436 DEBUG 层 6：检查 2292 格，内部 557，边界 1148
2026-09-11 17:00:10,436 DEBUG 层 7：检查 4592 格，内部 1130，边界 2293
2026-09-11 17:00:10,437 DEBUG 层 8：检查 9172 格，内部 2278，边界 4587
2026-09-11 17:00:10,566 DEBUG 求解结束：sampled；可行点 15742，叶格 9054，边界格边长 0.070312 m
2026-09-11 17:00:10,568 INFO angle_controlled_018_angle30 | A=2219.200 m²，D=126.108 m，e=33.784 m，γmin=30.0°
2026-09-11 17:00:10,571 DEBUG 层 0：检查 40000 格，内部 1，边界 14
2026-09-11 17:00:10,571 DEBUG 层 1：检查 56 格，内部 5，边界 28
2026-09-11 17:00:10,571 DEBUG 层 2：检查 112 格，内部 20，边界 57
2026-09-11 17:00:10,571 DEBUG 层 3：检查 228 格，内部 45，边界 109
2026-09-11 17:00:10,572 DEBUG 层 4：检查 436 格，内部 97，边界 220
2026-09-11 17:00:10,573 DEBUG 层 5：检查 880 格，内部 205，边界 438
2026-09-11 17:00:10,573 DEBUG 层 6：检查 1752 格，内部 436，边界 877
2026-09-11 17:00:10,574 DEBUG 层 7：检查 3508 格，内部 866，边界 1752
2026-09-11 17:00:10,574 DEBUG 层 8：检查 7008 格，内部 1742，边界 3504
2026-09-11 17:00:10,673 DEBUG 求解结束：sampled；可行点 12028，叶格 6921，边界格边长 0.070312 m
2026-09-11 17:00:10,675 INFO angle_controlled_018_angle45 | A=1626.878 m²，D=87.188 m，e=24.334 m，γmin=45.0°
2026-09-11 17:00:10,679 DEBUG 层 0：检查 40000 格，内部 1，边界 11
2026-09-11 17:00:10,679 DEBUG 层 1：检查 44 格，内部 5，边界 22
2026-09-11 17:00:10,679 DEBUG 层 2：检查 88 格，内部 10，边界 45
2026-09-11 17:00:10,679 DEBUG 层 3：检查 180 格，内部 40，边界 92
2026-09-11 17:00:10,679 DEBUG 层 4：检查 368 格，内部 71，边界 183
2026-09-11 17:00:10,680 DEBUG 层 5：检查 732 格，内部 197，边界 369
2026-09-11 17:00:10,680 DEBUG 层 6：检查 1476 格，内部 424，边界 737
2026-09-11 17:00:10,680 DEBUG 层 7：检查 2948 格，内部 669，边界 1475
2026-09-11 17:00:10,681 DEBUG 层 8：检查 5900 格，内部 1595，边界 2948
2026-09-11 17:00:10,764 DEBUG 求解结束：sampled；可行点 10393，叶格 5960，边界格边长 0.070312 m
2026-09-11 17:00:10,765 INFO angle_controlled_018_angle60 | A=1355.115 m²，D=67.545 m，e=19.690 m，γmin=60.0°
2026-09-11 17:00:10,770 DEBUG 层 0：检查 40000 格，内部 1，边界 9
2026-09-11 17:00:10,770 DEBUG 层 1：检查 36 格，内部 4，边界 18
2026-09-11 17:00:10,770 DEBUG 层 2：检查 72 格，内部 10，边界 38
2026-09-11 17:00:10,770 DEBUG 层 3：检查 152 格，内部 32，边界 76
2026-09-11 17:00:10,770 DEBUG 层 4：检查 304 格，内部 72，边界 152
2026-09-11 17:00:10,770 DEBUG 层 5：检查 608 格，内部 143，边界 301
2026-09-11 17:00:10,771 DEBUG 层 6：检查 1204 格，内部 298，边界 600
2026-09-11 17:00:10,771 DEBUG 层 7：检查 2400 格，内部 589，边界 1199
2026-09-11 17:00:10,771 DEBUG 层 8：检查 4796 格，内部 1201，边界 2400
2026-09-11 17:00:10,836 DEBUG 求解结束：sampled；可行点 8268，叶格 4750，边界格边长 0.070312 m
2026-09-11 17:00:10,838 INFO angle_controlled_018_angle90 | A=1201.795 m²，D=49.308 m，e=16.053 m，γmin=90.0°
2026-09-11 17:00:10,841 DEBUG 层 0：检查 40000 格，内部 1，边界 10
2026-09-11 17:00:10,841 DEBUG 层 1：检查 40 格，内部 4，边界 22
2026-09-11 17:00:10,842 DEBUG 层 2：检查 88 格，内部 18，边界 45
2026-09-11 17:00:10,842 DEBUG 层 3：检查 180 格，内部 37，边界 88
2026-09-11 17:00:10,842 DEBUG 层 4：检查 352 格，内部 78，边界 177
2026-09-11 17:00:10,842 DEBUG 层 5：检查 708 格，内部 167，边界 355
2026-09-11 17:00:10,842 DEBUG 层 6：检查 1420 格，内部 350，边界 710
2026-09-11 17:00:10,843 DEBUG 层 7：检查 2840 格，内部 715，边界 1420
2026-09-11 17:00:10,843 DEBUG 层 8：检查 5680 格，内部 1421，边界 2839
2026-09-11 17:00:10,922 DEBUG 求解结束：sampled；可行点 9798，叶格 5630，边界格边长 0.070312 m
2026-09-11 17:00:10,923 INFO angle_controlled_018_angle120 | A=1414.114 m²，D=70.506 m，e=16.975 m，γmin=60.0°
2026-09-11 17:00:10,927 DEBUG 层 0：检查 40000 格，内部 1，边界 19
2026-09-11 17:00:10,927 DEBUG 层 1：检查 76 格，内部 12，边界 38
2026-09-11 17:00:10,927 DEBUG 层 2：检查 152 格，内部 21，边界 76
2026-09-11 17:00:10,928 DEBUG 层 3：检查 304 格，内部 67，边界 152
2026-09-11 17:00:10,928 DEBUG 层 4：检查 608 格，内部 135，边界 301
2026-09-11 17:00:10,928 DEBUG 层 5：检查 1204 格，内部 287，边界 605
2026-09-11 17:00:10,928 DEBUG 层 6：检查 2420 格，内部 580，边界 1211
2026-09-11 17:00:10,929 DEBUG 层 7：检查 4844 格，内部 1184，边界 2422
2026-09-11 17:00:10,930 DEBUG 层 8：检查 9688 格，内部 2433，边界 4842
2026-09-11 17:00:11,071 DEBUG 求解结束：sampled；可行点 16613，叶格 9562，边界格边长 0.070312 m
2026-09-11 17:00:11,074 INFO angle_controlled_019_angle30 | A=2427.177 m²，D=134.086 m，e=2.293 m，γmin=30.0°
2026-09-11 17:00:11,077 DEBUG 层 0：检查 40000 格，内部 1，边界 14
2026-09-11 17:00:11,078 DEBUG 层 1：检查 56 格，内部 6，边界 29
2026-09-11 17:00:11,078 DEBUG 层 2：检查 116 格，内部 19，边界 58
2026-09-11 17:00:11,078 DEBUG 层 3：检查 232 格，内部 49，边界 114
2026-09-11 17:00:11,078 DEBUG 层 4：检查 456 格，内部 107，边界 228
2026-09-11 17:00:11,078 DEBUG 层 5：检查 912 格，内部 202，边界 453
2026-09-11 17:00:11,079 DEBUG 层 6：检查 1812 格，内部 432，边界 906
2026-09-11 17:00:11,079 DEBUG 层 7：检查 3624 格，内部 899，边界 1814
2026-09-11 17:00:11,080 DEBUG 层 8：检查 7256 格，内部 1821，边界 3627
2026-09-11 17:00:11,182 DEBUG 求解结束：sampled；可行点 12457，叶格 7163，边界格边长 0.070312 m
2026-09-11 17:00:11,184 INFO angle_controlled_019_angle45 | A=1720.863 m²，D=90.763 m，e=2.453 m，γmin=45.0°
2026-09-11 17:00:11,187 DEBUG 层 0：检查 40000 格，内部 1，边界 12
2026-09-11 17:00:11,188 DEBUG 层 1：检查 48 格，内部 5，边界 24
2026-09-11 17:00:11,188 DEBUG 层 2：检查 96 格，内部 12，边界 48
2026-09-11 17:00:11,188 DEBUG 层 3：检查 192 格，内部 37，边界 94
2026-09-11 17:00:11,188 DEBUG 层 4：检查 376 格，内部 99，边界 189
2026-09-11 17:00:11,188 DEBUG 层 5：检查 756 格，内部 176，边界 379
2026-09-11 17:00:11,188 DEBUG 层 6：检查 1516 格，内部 384，边界 755
2026-09-11 17:00:11,189 DEBUG 层 7：检查 3020 格，内部 746，边界 1508
2026-09-11 17:00:11,189 DEBUG 层 8：检查 6032 格，内部 1518，边界 3018
2026-09-11 17:00:11,279 DEBUG 求解结束：sampled；可行点 10432，叶格 5996，边界格边长 0.070312 m
2026-09-11 17:00:11,281 INFO angle_controlled_019_angle60 | A=1407.714 m²，D=69.501 m，e=2.403 m，γmin=60.0°
2026-09-11 17:00:11,284 DEBUG 层 0：检查 40000 格，内部 1，边界 9
2026-09-11 17:00:11,284 DEBUG 层 1：检查 36 格，内部 4，边界 19
2026-09-11 17:00:11,284 DEBUG 层 2：检查 76 格，内部 11，边界 38
2026-09-11 17:00:11,285 DEBUG 层 3：检查 152 格，内部 31，边界 76
2026-09-11 17:00:11,285 DEBUG 层 4：检查 304 格，内部 78，边界 152
2026-09-11 17:00:11,285 DEBUG 层 5：检查 608 格，内部 130，边界 304
2026-09-11 17:00:11,285 DEBUG 层 6：检查 1216 格，内部 314，边界 608
2026-09-11 17:00:11,285 DEBUG 层 7：检查 2432 格，内部 573，边界 1218
2026-09-11 17:00:11,286 DEBUG 层 8：检查 4872 格，内部 1238，边界 2432
2026-09-11 17:00:11,359 DEBUG 求解结束：sampled；可行点 8364，叶格 4812，边界格边长 0.070312 m
2026-09-11 17:00:11,360 INFO angle_controlled_019_angle90 | A=1221.666 m²，D=49.305 m，e=2.488 m，γmin=90.0°
2026-09-11 17:00:11,364 DEBUG 层 0：检查 40000 格，内部 1，边界 10
2026-09-11 17:00:11,364 DEBUG 层 1：检查 40 格，内部 4，边界 23
2026-09-11 17:00:11,364 DEBUG 层 2：检查 92 格，内部 17，边界 44
2026-09-11 17:00:11,365 DEBUG 层 3：检查 176 格，内部 39，边界 88
2026-09-11 17:00:11,365 DEBUG 层 4：检查 352 格，内部 84，边界 177
2026-09-11 17:00:11,365 DEBUG 层 5：检查 708 格，内部 170，边界 351
2026-09-11 17:00:11,365 DEBUG 层 6：检查 1404 格，内部 364，边界 702
2026-09-11 17:00:11,366 DEBUG 层 7：检查 2808 格，内部 734，边界 1405
2026-09-11 17:00:11,366 DEBUG 层 8：检查 5620 格，内部 1404，边界 2812
2026-09-11 17:00:11,451 DEBUG 求解结束：sampled；可行点 9805，叶格 5629，边界格边长 0.070312 m
2026-09-11 17:00:11,453 INFO angle_controlled_019_angle120 | A=1413.774 m²，D=69.805 m，e=3.117 m，γmin=60.0°
2026-09-11 17:00:11,456 DEBUG 层 0：检查 40000 格，内部 1，边界 23
2026-09-11 17:00:11,457 DEBUG 层 1：检查 92 格，内部 12，边界 49
2026-09-11 17:00:11,457 DEBUG 层 2：检查 196 格，内部 34，边界 95
2026-09-11 17:00:11,457 DEBUG 层 3：检查 380 格，内部 85，边界 191
2026-09-11 17:00:11,457 DEBUG 层 4：检查 764 格，内部 181，边界 381
2026-09-11 17:00:11,457 DEBUG 层 5：检查 1524 格，内部 374，边界 761
2026-09-11 17:00:11,458 DEBUG 层 6：检查 3044 格，内部 745，边界 1522
2026-09-11 17:00:11,459 DEBUG 层 7：检查 6088 格，内部 1509，边界 3046
2026-09-11 17:00:11,460 DEBUG 层 8：检查 12184 格，内部 3032，边界 6093
2026-09-11 17:00:11,648 DEBUG 求解结束：sampled；可行点 20984，叶格 12066，边界格边长 0.070312 m
2026-09-11 17:00:11,650 INFO angle_controlled_020_angle30 | A=2896.022 m²，D=151.244 m，e=62.339 m，γmin=30.0°
2026-09-11 17:00:11,654 DEBUG 层 0：检查 40000 格，内部 1，边界 15
2026-09-11 17:00:11,654 DEBUG 层 1：检查 60 格，内部 6，边界 31
2026-09-11 17:00:11,654 DEBUG 层 2：检查 124 格，内部 26，边界 60
2026-09-11 17:00:11,654 DEBUG 层 3：检查 240 格，内部 54，边界 122
2026-09-11 17:00:11,654 DEBUG 层 4：检查 488 格，内部 117，边界 244
2026-09-11 17:00:11,655 DEBUG 层 5：检查 976 格，内部 238，边界 489
2026-09-11 17:00:11,655 DEBUG 层 6：检查 1956 格，内部 477，边界 979
2026-09-11 17:00:11,655 DEBUG 层 7：检查 3916 格，内部 975，边界 1958
2026-09-11 17:00:11,656 DEBUG 层 8：检查 7832 格，内部 1950，边界 3915
2026-09-11 17:00:11,760 DEBUG 求解结束：sampled；可行点 13501，叶格 7759，边界格边长 0.070312 m
2026-09-11 17:00:11,762 INFO angle_controlled_020_angle45 | A=1919.197 m²，D=98.029 m，e=40.416 m，γmin=45.0°
2026-09-11 17:00:11,766 DEBUG 层 0：检查 40000 格，内部 1，边界 11
2026-09-11 17:00:11,766 DEBUG 层 1：检查 44 格，内部 4，边界 23
2026-09-11 17:00:11,766 DEBUG 层 2：检查 92 格，内部 21，边界 44
2026-09-11 17:00:11,766 DEBUG 层 3：检查 176 格，内部 38，边界 88
2026-09-11 17:00:11,766 DEBUG 层 4：检查 352 格，内部 91，边界 177
2026-09-11 17:00:11,768 DEBUG 层 5：检查 708 格，内部 219，边界 356
2026-09-11 17:00:11,768 DEBUG 层 6：检查 1424 格，内部 396，边界 714
2026-09-11 17:00:11,768 DEBUG 层 7：检查 2856 格，内部 621，边界 1429
2026-09-11 17:00:11,769 DEBUG 层 8：检查 5716 格，内部 1332，边界 2861
2026-09-11 17:00:11,837 DEBUG 求解结束：sampled；可行点 9728，叶格 5584，边界格边长 0.070312 m
2026-09-11 17:00:11,840 INFO angle_controlled_020_angle60 | A=1514.238 m²，D=73.446 m，e=30.268 m，γmin=60.0°
2026-09-11 17:00:11,844 DEBUG 层 0：检查 40000 格，内部 1，边界 9
2026-09-11 17:00:11,844 DEBUG 层 1：检查 36 格，内部 2，边界 21
2026-09-11 17:00:11,844 DEBUG 层 2：检查 84 格，内部 19，边界 44
2026-09-11 17:00:11,844 DEBUG 层 3：检查 176 格，内部 35，边界 85
2026-09-11 17:00:11,845 DEBUG 层 4：检查 340 格，内部 81，边界 171
2026-09-11 17:00:11,845 DEBUG 层 5：检查 684 格，内部 164，边界 343
2026-09-11 17:00:11,845 DEBUG 层 6：检查 1372 格，内部 330，边界 688
2026-09-11 17:00:11,845 DEBUG 层 7：检查 2752 格，内部 682，边界 1377
2026-09-11 17:00:11,846 DEBUG 层 8：检查 5508 格，内部 1367，边界 2754
2026-09-11 17:00:11,920 DEBUG 求解结束：sampled；可行点 9448，叶格 5435，边界格边长 0.070312 m
2026-09-11 17:00:11,922 INFO angle_controlled_020_angle90 | A=1262.225 m²，D=50.766 m，e=20.886 m，γmin=90.0°
2026-09-11 17:00:11,925 DEBUG 层 0：检查 40000 格，内部 1，边界 11
2026-09-11 17:00:11,926 DEBUG 层 1：检查 44 格，内部 3，边界 24
2026-09-11 17:00:11,926 DEBUG 层 2：检查 96 格，内部 20，边界 48
2026-09-11 17:00:11,926 DEBUG 层 3：检查 192 格，内部 39，边界 98
2026-09-11 17:00:11,926 DEBUG 层 4：检查 392 格，内部 93，边界 194
2026-09-11 17:00:11,926 DEBUG 层 5：检查 776 格，内部 191，边界 390
2026-09-11 17:00:11,926 DEBUG 层 6：检查 1560 格，内部 377，边界 780
2026-09-11 17:00:11,927 DEBUG 层 7：检查 3120 格，内部 777，边界 1561
2026-09-11 17:00:11,927 DEBUG 层 8：检查 6244 格，内部 1554，边界 3121
2026-09-11 17:00:12,017 DEBUG 求解结束：sampled；可行点 10735，叶格 6176，边界格边长 0.070312 m
2026-09-11 17:00:12,019 INFO angle_controlled_020_angle120 | A=1415.797 m²，D=68.555 m，e=16.775 m，γmin=60.0°
2026-09-11 17:00:12,023 DEBUG 层 0：检查 40000 格，内部 1，边界 22
2026-09-11 17:00:12,023 DEBUG 层 1：检查 88 格，内部 7，边界 42
2026-09-11 17:00:12,023 DEBUG 层 2：检查 168 格，内部 43，边界 86
2026-09-11 17:00:12,024 DEBUG 层 3：检查 344 格，内部 67，边界 168
2026-09-11 17:00:12,024 DEBUG 层 4：检查 672 格，内部 181，边界 338
2026-09-11 17:00:12,024 DEBUG 层 5：检查 1352 格，内部 298，边界 676
2026-09-11 17:00:12,024 DEBUG 层 6：检查 2704 格，内部 661，边界 1350
2026-09-11 17:00:12,025 DEBUG 层 7：检查 5400 格，内部 1342，边界 2703
2026-09-11 17:00:12,026 DEBUG 层 8：检查 10812 格，内部 2684，边界 5402
2026-09-11 17:00:12,180 DEBUG 求解结束：sampled；可行点 18578，叶格 10686，边界格边长 0.070312 m
2026-09-11 17:00:12,183 INFO angle_controlled_021_angle30 | A=2542.874 m²，D=138.432 m，e=20.962 m，γmin=30.0°
2026-09-11 17:00:12,186 DEBUG 层 0：检查 40000 格，内部 1，边界 14
2026-09-11 17:00:12,187 DEBUG 层 1：检查 56 格，内部 5，边界 26
2026-09-11 17:00:12,187 DEBUG 层 2：检查 104 格，内部 27，边界 54
2026-09-11 17:00:12,187 DEBUG 层 3：检查 216 格，内部 48，边界 107
2026-09-11 17:00:12,188 DEBUG 层 4：检查 428 格，内部 93，边界 214
2026-09-11 17:00:12,188 DEBUG 层 5：检查 856 格，内部 217，边界 432
2026-09-11 17:00:12,188 DEBUG 层 6：检查 1728 格，内部 348，边界 866
2026-09-11 17:00:12,189 DEBUG 层 7：检查 3464 格，内部 687，边界 1732
2026-09-11 17:00:12,190 DEBUG 层 8：检查 6928 格，内部 1385，边界 3462
2026-09-11 17:00:12,281 DEBUG 求解结束：sampled；可行点 11107，叶格 6273，边界格边长 0.070312 m
2026-09-11 17:00:12,283 INFO angle_controlled_021_angle45 | A=1769.199 m²，D=92.639 m，e=18.046 m，γmin=45.0°
2026-09-11 17:00:12,287 DEBUG 层 0：检查 40000 格，内部 1，边界 12
2026-09-11 17:00:12,287 DEBUG 层 1：检查 48 格，内部 3，边界 22
2026-09-11 17:00:12,287 DEBUG 层 2：检查 88 格，内部 21，边界 47
2026-09-11 17:00:12,287 DEBUG 层 3：检查 188 格，内部 39，边界 95
2026-09-11 17:00:12,287 DEBUG 层 4：检查 380 格，内部 103，边界 191
2026-09-11 17:00:12,288 DEBUG 层 5：检查 764 格，内部 157，边界 379
2026-09-11 17:00:12,288 DEBUG 层 6：检查 1516 格，内部 362，边界 760
2026-09-11 17:00:12,288 DEBUG 层 7：检查 3040 格，内部 720，边界 1519
2026-09-11 17:00:12,289 DEBUG 层 8：检查 6076 格，内部 1534，边界 3037
2026-09-11 17:00:12,374 DEBUG 求解结束：sampled；可行点 10382，叶格 5977，边界格边长 0.070312 m
2026-09-11 17:00:12,375 INFO angle_controlled_021_angle60 | A=1434.913 m²，D=70.506 m，e=17.860 m，γmin=60.0°
2026-09-11 17:00:12,378 DEBUG 层 0：检查 40000 格，内部 1，边界 12
2026-09-11 17:00:12,379 DEBUG 层 1：检查 48 格，内部 0，边界 21
2026-09-11 17:00:12,379 DEBUG 层 2：检查 84 格，内部 21，边界 44
2026-09-11 17:00:12,379 DEBUG 层 3：检查 176 格，内部 45，边界 88
2026-09-11 17:00:12,379 DEBUG 层 4：检查 352 格，内部 114，边界 176
2026-09-11 17:00:12,379 DEBUG 层 5：检查 704 格，内部 166，边界 352
2026-09-11 17:00:12,379 DEBUG 层 6：检查 1408 格，内部 271，边界 704
2026-09-11 17:00:12,380 DEBUG 层 7：检查 2816 格，内部 783，边界 1408
2026-09-11 17:00:12,380 DEBUG 层 8：检查 5632 格，内部 1554，边界 2817
2026-09-11 17:00:12,461 DEBUG 求解结束：sampled；可行点 10084，叶格 5772，边界格边长 0.070312 m
2026-09-11 17:00:12,462 INFO angle_controlled_021_angle90 | A=1231.375 m²，D=49.641 m，e=20.751 m，γmin=90.0°
2026-09-11 17:00:12,467 DEBUG 层 0：检查 40000 格，内部 1，边界 13
2026-09-11 17:00:12,469 DEBUG 层 1：检查 52 格，内部 4，边界 24
2026-09-11 17:00:12,469 DEBUG 层 2：检查 96 格，内部 18，边界 48
2026-09-11 17:00:12,469 DEBUG 层 3：检查 192 格，内部 33，边界 94
2026-09-11 17:00:12,470 DEBUG 层 4：检查 376 格，内部 94，边界 187
2026-09-11 17:00:12,470 DEBUG 层 5：检查 748 格，内部 162，边界 377
2026-09-11 17:00:12,470 DEBUG 层 6：检查 1508 格，内部 336，边界 755
2026-09-11 17:00:12,471 DEBUG 层 7：检查 3020 格，内部 742，边界 1513
2026-09-11 17:00:12,472 DEBUG 层 8：检查 6052 格，内部 1488，边界 3028
2026-09-11 17:00:12,559 DEBUG 求解结束：sampled；可行点 10252，叶格 5906，边界格边长 0.070312 m
2026-09-11 17:00:12,561 INFO angle_controlled_021_angle120 | A=1413.180 m²，D=69.488 m，e=28.789 m，γmin=60.0°
2026-09-11 17:00:12,564 DEBUG 层 0：检查 40000 格，内部 2，边界 20
2026-09-11 17:00:12,564 DEBUG 层 1：检查 80 格，内部 8，边界 40
2026-09-11 17:00:12,564 DEBUG 层 2：检查 160 格，内部 32，边界 81
2026-09-11 17:00:12,564 DEBUG 层 3：检查 324 格，内部 70，边界 162
2026-09-11 17:00:12,564 DEBUG 层 4：检查 648 格，内部 158，边界 323
2026-09-11 17:00:12,564 DEBUG 层 5：检查 1292 格，内部 313，边界 648
2026-09-11 17:00:12,565 DEBUG 层 6：检查 2592 格，内部 635，边界 1295
2026-09-11 17:00:12,565 DEBUG 层 7：检查 5180 格，内部 1295，边界 2589
2026-09-11 17:00:12,566 DEBUG 层 8：检查 10356 格，内部 2581，边界 5180
2026-09-11 17:00:12,725 DEBUG 求解结束：sampled；可行点 17877，叶格 10274，边界格边长 0.070312 m
2026-09-11 17:00:12,726 INFO angle_controlled_022_angle30 | A=2711.498 m²，D=144.703 m，e=38.231 m，γmin=30.0°
2026-09-11 17:00:12,731 DEBUG 层 0：检查 40000 格，内部 0，边界 16
2026-09-11 17:00:12,731 DEBUG 层 1：检查 64 格，内部 9，边界 30
2026-09-11 17:00:12,731 DEBUG 层 2：检查 120 格，内部 25，边界 61
2026-09-11 17:00:12,732 DEBUG 层 3：检查 244 格，内部 60，边界 119
2026-09-11 17:00:12,732 DEBUG 层 4：检查 476 格，内部 117，边界 237
2026-09-11 17:00:12,732 DEBUG 层 5：检查 948 格，内部 231，边界 472
2026-09-11 17:00:12,732 DEBUG 层 6：检查 1888 格，内部 467，边界 944
2026-09-11 17:00:12,733 DEBUG 层 7：检查 3776 格，内部 934，边界 1888
2026-09-11 17:00:12,733 DEBUG 层 8：检查 7552 格，内部 1888，边界 3775
2026-09-11 17:00:12,840 DEBUG 求解结束：sampled；可行点 13060，叶格 7506，边界格边长 0.070312 m
2026-09-11 17:00:12,841 INFO angle_controlled_022_angle45 | A=1843.482 m²，D=95.258 m，e=24.776 m，γmin=45.0°
2026-09-11 17:00:12,845 DEBUG 层 0：检查 40000 格，内部 0，边界 13
2026-09-11 17:00:12,845 DEBUG 层 1：检查 52 格，内部 9，边界 25
2026-09-11 17:00:12,845 DEBUG 层 2：检查 100 格，内部 13，边界 47
2026-09-11 17:00:12,845 DEBUG 层 3：检查 188 格，内部 43，边界 97
2026-09-11 17:00:12,845 DEBUG 层 4：检查 388 格，内部 112，边界 195
2026-09-11 17:00:12,846 DEBUG 层 5：检查 780 格，内部 165，边界 387
2026-09-11 17:00:12,846 DEBUG 层 6：检查 1548 格，内部 408，边界 775
2026-09-11 17:00:12,846 DEBUG 层 7：检查 3100 格，内部 787，边界 1552
2026-09-11 17:00:12,847 DEBUG 层 8：检查 6208 格，内部 1556，边界 3101
2026-09-11 17:00:12,939 DEBUG 求解结束：sampled；可行点 10787，叶格 6194，边界格边长 0.070312 m
2026-09-11 17:00:12,941 INFO angle_controlled_022_angle60 | A=1474.538 m²，D=71.999 m，e=18.597 m，γmin=60.0°
2026-09-11 17:00:12,944 DEBUG 层 0：检查 40000 格，内部 0，边界 10
2026-09-11 17:00:12,945 DEBUG 层 1：检查 40 格，内部 6，边界 20
2026-09-11 17:00:12,945 DEBUG 层 2：检查 80 格，内部 20，边界 38
2026-09-11 17:00:12,945 DEBUG 层 3：检查 152 格，内部 32，边界 77
2026-09-11 17:00:12,945 DEBUG 层 4：检查 308 格，内部 73，边界 153
2026-09-11 17:00:12,945 DEBUG 层 5：检查 612 格，内部 149，边界 308
2026-09-11 17:00:12,945 DEBUG 层 6：检查 1232 格，内部 304，边界 615
2026-09-11 17:00:12,946 DEBUG 层 7：检查 2460 格，内部 603，边界 1228
2026-09-11 17:00:12,946 DEBUG 层 8：检查 4912 格，内部 1230，边界 2456
2026-09-11 17:00:13,015 DEBUG 求解结束：sampled；可行点 8483，叶格 4873，边界格边长 0.070312 m
2026-09-11 17:00:13,016 INFO angle_controlled_022_angle90 | A=1246.623 m²，D=50.182 m，e=13.026 m，γmin=90.0°
2026-09-11 17:00:13,020 DEBUG 层 0：检查 40000 格，内部 0，边界 12
2026-09-11 17:00:13,020 DEBUG 层 1：检查 48 格，内部 9，边界 21
2026-09-11 17:00:13,020 DEBUG 层 2：检查 84 格，内部 13，边界 43
2026-09-11 17:00:13,020 DEBUG 层 3：检查 172 格，内部 39，边界 87
2026-09-11 17:00:13,020 DEBUG 层 4：检查 348 格，内部 88，边界 174
2026-09-11 17:00:13,021 DEBUG 层 5：检查 696 格，内部 165，边界 348
2026-09-11 17:00:13,021 DEBUG 层 6：检查 1392 格，内部 339，边界 695
2026-09-11 17:00:13,021 DEBUG 层 7：检查 2780 格，内部 686，边界 1390
2026-09-11 17:00:13,022 DEBUG 层 8：检查 5560 格，内部 1391，边界 2780
2026-09-11 17:00:13,097 DEBUG 求解结束：sampled；可行点 9586，叶格 5510，边界格边长 0.070312 m
2026-09-11 17:00:13,099 INFO angle_controlled_022_angle120 | A=1414.186 m²，D=69.010 m，e=10.991 m，γmin=60.0°
2026-09-11 17:00:13,103 DEBUG 层 0：检查 40000 格，内部 1，边界 21
2026-09-11 17:00:13,104 DEBUG 层 1：检查 84 格，内部 9，边界 37
2026-09-11 17:00:13,104 DEBUG 层 2：检查 148 格，内部 21，边界 76
2026-09-11 17:00:13,104 DEBUG 层 3：检查 304 格，内部 75，边界 154
2026-09-11 17:00:13,104 DEBUG 层 4：检查 616 格，内部 134，边界 305
2026-09-11 17:00:13,104 DEBUG 层 5：检查 1220 格，内部 286，边界 614
2026-09-11 17:00:13,105 DEBUG 层 6：检查 2456 格，内部 606，边界 1226
2026-09-11 17:00:13,105 DEBUG 层 7：检查 4904 格，内部 1206，边界 2455
2026-09-11 17:00:13,106 DEBUG 层 8：检查 9820 格，内部 2451，边界 4913
2026-09-11 17:00:13,241 DEBUG 求解结束：sampled；可行点 16865，叶格 9702，边界格边长 0.070312 m
2026-09-11 17:00:13,243 INFO angle_controlled_023_angle30 | A=2226.121 m²，D=126.371 m，e=32.269 m，γmin=30.0°
2026-09-11 17:00:13,247 DEBUG 层 0：检查 40000 格，内部 0，边界 14
2026-09-11 17:00:13,247 DEBUG 层 1：检查 56 格，内部 10，边界 26
2026-09-11 17:00:13,247 DEBUG 层 2：检查 104 格，内部 15，边界 54
2026-09-11 17:00:13,247 DEBUG 层 3：检查 216 格，内部 49，边界 109
2026-09-11 17:00:13,247 DEBUG 层 4：检查 436 格，内部 99，边界 218
2026-09-11 17:00:13,248 DEBUG 层 5：检查 872 格，内部 209，边界 436
2026-09-11 17:00:13,248 DEBUG 层 6：检查 1744 格，内部 422，边界 871
2026-09-11 17:00:13,248 DEBUG 层 7：检查 3484 格，内部 874，边界 1742
2026-09-11 17:00:13,249 DEBUG 层 8：检查 6968 格，内部 1741，边界 3486
2026-09-11 17:00:13,346 DEBUG 求解结束：sampled；可行点 12013，叶格 6905，边界格边长 0.070312 m
2026-09-11 17:00:13,348 INFO angle_controlled_023_angle45 | A=1629.666 m²，D=87.276 m，e=22.793 m，γmin=45.0°
2026-09-11 17:00:13,354 DEBUG 层 0：检查 40000 格，内部 0，边界 11
2026-09-11 17:00:13,354 DEBUG 层 1：检查 44 格，内部 7，边界 22
2026-09-11 17:00:13,355 DEBUG 层 2：检查 88 格，内部 20，边界 42
2026-09-11 17:00:13,355 DEBUG 层 3：检查 168 格，内部 36，边界 85
2026-09-11 17:00:13,355 DEBUG 层 4：检查 340 格，内部 71，边界 171
2026-09-11 17:00:13,355 DEBUG 层 5：检查 684 格，内部 164，边界 341
2026-09-11 17:00:13,355 DEBUG 层 6：检查 1364 格，内部 339，边界 681
2026-09-11 17:00:13,356 DEBUG 层 7：检查 2724 格，内部 674，边界 1361
2026-09-11 17:00:13,356 DEBUG 层 8：检查 5444 格，内部 1358，边界 2723
2026-09-11 17:00:13,430 DEBUG 求解结束：sampled；可行点 9378，叶格 5392，边界格边长 0.070312 m
2026-09-11 17:00:13,434 INFO angle_controlled_023_angle60 | A=1356.227 m²，D=67.567 m，e=17.906 m，γmin=60.0°
2026-09-11 17:00:13,438 DEBUG 层 0：检查 40000 格，内部 0，边界 10
2026-09-11 17:00:13,438 DEBUG 层 1：检查 40 格，内部 7，边界 19
2026-09-11 17:00:13,438 DEBUG 层 2：检查 76 格，内部 15，边界 36
2026-09-11 17:00:13,438 DEBUG 层 3：检查 144 格，内部 29，边界 76
2026-09-11 17:00:13,438 DEBUG 层 4：检查 304 格，内部 68，边界 150
2026-09-11 17:00:13,438 DEBUG 层 5：检查 600 格，内部 147，边界 302
2026-09-11 17:00:13,439 DEBUG 层 6：检查 1208 格，内部 290，边界 602
2026-09-11 17:00:13,439 DEBUG 层 7：检查 2408 格，内部 592，边界 1203
2026-09-11 17:00:13,439 DEBUG 层 8：检查 4812 格，内部 1195，边界 2408
2026-09-11 17:00:13,511 DEBUG 求解结束：sampled；可行点 8261，叶格 4751，边界格边长 0.070312 m
2026-09-11 17:00:13,514 INFO angle_controlled_023_angle90 | A=1202.516 m²，D=49.311 m，e=13.193 m，γmin=90.0°
2026-09-11 17:00:13,518 DEBUG 层 0：检查 40000 格，内部 1，边界 10
2026-09-11 17:00:13,518 DEBUG 层 1：检查 40 格，内部 5，边界 22
2026-09-11 17:00:13,518 DEBUG 层 2：检查 88 格，内部 11，边界 47
2026-09-11 17:00:13,519 DEBUG 层 3：检查 188 格，内部 44，边界 96
2026-09-11 17:00:13,519 DEBUG 层 4：检查 384 格，内部 95，边界 189
2026-09-11 17:00:13,519 DEBUG 层 5：检查 756 格，内部 170，边界 379
2026-09-11 17:00:13,519 DEBUG 层 6：检查 1516 格，内部 369，边界 758
2026-09-11 17:00:13,520 DEBUG 层 7：检查 3032 格，内部 743，边界 1517
2026-09-11 17:00:13,520 DEBUG 层 8：检查 6068 格，内部 1523，边界 3034
2026-09-11 17:00:13,607 DEBUG 求解结束：sampled；可行点 10420，叶格 5995，边界格边长 0.070312 m
2026-09-11 17:00:13,609 INFO angle_controlled_023_angle120 | A=1414.757 m²，D=70.505 m，e=11.444 m，γmin=60.0°
2026-09-11 17:00:13,613 DEBUG 层 0：检查 40000 格，内部 2，边界 18
2026-09-11 17:00:13,614 DEBUG 层 1：检查 72 格，内部 8，边界 38
2026-09-11 17:00:13,614 DEBUG 层 2：检查 152 格，内部 27，边界 78
2026-09-11 17:00:13,614 DEBUG 层 3：检查 312 格，内部 64，边界 153
2026-09-11 17:00:13,614 DEBUG 层 4：检查 612 格，内部 173，边界 308
2026-09-11 17:00:13,615 DEBUG 层 5：检查 1232 格，内部 258，边界 617
2026-09-11 17:00:13,615 DEBUG 层 6：检查 2468 格，内部 692，边界 1232
2026-09-11 17:00:13,615 DEBUG 层 7：检查 4928 格，内部 1379，边界 2460
2026-09-11 17:00:13,616 DEBUG 层 8：检查 9840 格，内部 2380，边界 4916
2026-09-11 17:00:13,764 DEBUG 求解结束：sampled；可行点 17185，叶格 9899，边界格边长 0.070312 m
2026-09-11 17:00:13,766 INFO angle_controlled_024_angle30 | A=2584.878 m²，D=140.100 m，e=23.492 m，γmin=30.0°
2026-09-11 17:00:13,770 DEBUG 层 0：检查 40000 格，内部 1，边界 14
2026-09-11 17:00:13,770 DEBUG 层 1：检查 56 格，内部 8，边界 28
2026-09-11 17:00:13,770 DEBUG 层 2：检查 112 格，内部 15，边界 54
2026-09-11 17:00:13,771 DEBUG 层 3：检查 216 格，内部 41，边界 108
2026-09-11 17:00:13,771 DEBUG 层 4：检查 432 格，内部 129，边界 219
2026-09-11 17:00:13,771 DEBUG 层 5：检查 876 格，内部 184，边界 438
2026-09-11 17:00:13,771 DEBUG 层 6：检查 1752 格，内部 488，边界 874
2026-09-11 17:00:13,772 DEBUG 层 7：检查 3496 格，内部 999，边界 1746
2026-09-11 17:00:13,772 DEBUG 层 8：检查 6984 格，内部 1803，边界 3488
2026-09-11 17:00:13,878 DEBUG 求解结束：sampled；可行点 12550，叶格 7156，边界格边长 0.070312 m
2026-09-11 17:00:13,879 INFO angle_controlled_024_angle45 | A=1788.970 m²，D=93.350 m，e=17.388 m，γmin=45.0°
2026-09-11 17:00:13,885 DEBUG 层 0：检查 40000 格，内部 1，边界 11
2026-09-11 17:00:13,886 DEBUG 层 1：检查 44 格，内部 5，边界 21
2026-09-11 17:00:13,886 DEBUG 层 2：检查 84 格，内部 16，边界 43
2026-09-11 17:00:13,886 DEBUG 层 3：检查 172 格，内部 28，边界 87
2026-09-11 17:00:13,886 DEBUG 层 4：检查 348 格，内部 109，边界 173
2026-09-11 17:00:13,887 DEBUG 层 5：检查 692 格，内部 138，边界 347
2026-09-11 17:00:13,887 DEBUG 层 6：检查 1388 格，内部 399，边界 694
2026-09-11 17:00:13,888 DEBUG 层 7：检查 2776 格，内部 796，边界 1386
2026-09-11 17:00:13,889 DEBUG 层 8：检查 5544 格，内部 1518，边界 2768
2026-09-11 17:00:13,974 DEBUG 求解结束：sampled；可行点 10137，叶格 5778，边界格边长 0.070312 m
2026-09-11 17:00:13,978 INFO angle_controlled_024_angle60 | A=1444.644 m²，D=70.956 m，e=15.496 m，γmin=60.0°
2026-09-11 17:00:13,983 DEBUG 层 0：检查 40000 格，内部 1，边界 8
2026-09-11 17:00:13,984 DEBUG 层 1：检查 32 格，内部 5，边界 16
2026-09-11 17:00:13,984 DEBUG 层 2：检查 64 格，内部 13，边界 32
2026-09-11 17:00:13,984 DEBUG 层 3：检查 128 格，内部 9，边界 62
2026-09-11 17:00:13,984 DEBUG 层 4：检查 248 格，内部 95，边界 126
2026-09-11 17:00:13,984 DEBUG 层 5：检查 504 格，内部 72，边界 254
2026-09-11 17:00:13,984 DEBUG 层 6：检查 1016 格，内部 339，边界 508
2026-09-11 17:00:13,985 DEBUG 层 7：检查 2032 格，内部 578，边界 1016
2026-09-11 17:00:13,985 DEBUG 层 8：检查 4064 格，内部 1154，边界 2032
2026-09-11 17:00:14,049 DEBUG 求解结束：sampled；可行点 7529，叶格 4298，边界格边长 0.070312 m
2026-09-11 17:00:14,051 INFO angle_controlled_024_angle90 | A=1234.563 m²，D=49.768 m，e=16.119 m，γmin=90.0°
2026-09-11 17:00:14,054 DEBUG 层 0：检查 40000 格，内部 1，边界 11
2026-09-11 17:00:14,055 DEBUG 层 1：检查 44 格，内部 5，边界 22
2026-09-11 17:00:14,055 DEBUG 层 2：检查 88 格，内部 17，边界 44
2026-09-11 17:00:14,055 DEBUG 层 3：检查 176 格，内部 23，边界 84
2026-09-11 17:00:14,055 DEBUG 层 4：检查 336 格，内部 91，边界 170
2026-09-11 17:00:14,056 DEBUG 层 5：检查 680 格，内部 134，边界 340
2026-09-11 17:00:14,056 DEBUG 层 6：检查 1360 格，内部 385，边界 680
2026-09-11 17:00:14,056 DEBUG 层 7：检查 2720 格，内部 752，边界 1361
2026-09-11 17:00:14,057 DEBUG 层 8：检查 5444 格，内部 1473，边界 2721
2026-09-11 17:00:14,139 DEBUG 求解结束：sampled；可行点 9775，叶格 5602，边界格边长 0.070312 m
2026-09-11 17:00:14,141 INFO angle_controlled_024_angle120 | A=1412.975 m²，D=69.373 m，e=21.368 m，γmin=60.0°
2026-09-11 17:00:14,144 DEBUG 层 0：检查 40000 格，内部 0，边界 18
2026-09-11 17:00:14,145 DEBUG 层 1：检查 72 格，内部 11，边界 38
2026-09-11 17:00:14,145 DEBUG 层 2：检查 152 格，内部 33，边界 79
2026-09-11 17:00:14,145 DEBUG 层 3：检查 316 格，内部 71，边界 157
2026-09-11 17:00:14,146 DEBUG 层 4：检查 628 格，内部 134，边界 314
2026-09-11 17:00:14,146 DEBUG 层 5：检查 1256 格，内部 300，边界 627
2026-09-11 17:00:14,147 DEBUG 层 6：检查 2508 格，内部 623，边界 1253
2026-09-11 17:00:14,148 DEBUG 层 7：检查 5012 格，内部 1241，边界 2504
2026-09-11 17:00:14,150 DEBUG 层 8：检查 10016 格，内部 2522，边界 5009
2026-09-11 17:00:14,303 DEBUG 求解结束：sampled；可行点 17274，叶格 9944，边界格边长 0.070312 m
2026-09-11 17:00:14,307 INFO angle_controlled_025_angle30 | A=2294.030 m²，D=129.000 m，e=22.859 m，γmin=30.0°
2026-09-11 17:00:14,310 DEBUG 层 0：检查 40000 格，内部 0，边界 12
2026-09-11 17:00:14,310 DEBUG 层 1：检查 48 格，内部 9，边界 26
2026-09-11 17:00:14,310 DEBUG 层 2：检查 104 格，内部 20，边界 52
2026-09-11 17:00:14,311 DEBUG 层 3：检查 208 格，内部 61，边界 106
2026-09-11 17:00:14,311 DEBUG 层 4：检查 424 格，内部 79，边界 208
2026-09-11 17:00:14,311 DEBUG 层 5：检查 832 格，内部 166，边界 418
2026-09-11 17:00:14,311 DEBUG 层 6：检查 1672 格，内部 311，边界 832
2026-09-11 17:00:14,312 DEBUG 层 7：检查 3328 格，内部 809，边界 1662
2026-09-11 17:00:14,312 DEBUG 层 8：检查 6648 格，内部 1614，边界 3326
2026-09-11 17:00:14,409 DEBUG 求解结束：sampled；可行点 11079，叶格 6395，边界格边长 0.070312 m
2026-09-11 17:00:14,411 INFO angle_controlled_025_angle45 | A=1660.056 m²，D=88.461 m，e=17.176 m，γmin=45.0°
2026-09-11 17:00:14,415 DEBUG 层 0：检查 40000 格，内部 0，边界 10
2026-09-11 17:00:14,415 DEBUG 层 1：检查 40 格，内部 7，边界 22
2026-09-11 17:00:14,416 DEBUG 层 2：检查 88 格，内部 17，边界 46
2026-09-11 17:00:14,416 DEBUG 层 3：检查 184 格，内部 42，边界 94
2026-09-11 17:00:14,416 DEBUG 层 4：检查 376 格，内部 104，边界 184
2026-09-11 17:00:14,416 DEBUG 层 5：检查 736 格，内部 170，边界 371
2026-09-11 17:00:14,416 DEBUG 层 6：检查 1484 格，内部 356，边界 746
2026-09-11 17:00:14,417 DEBUG 层 7：检查 2984 格，内部 743，边界 1492
2026-09-11 17:00:14,417 DEBUG 层 8：检查 5968 格，内部 1505，边界 2982
2026-09-11 17:00:14,498 DEBUG 求解结束：sampled；可行点 10306，叶格 5926，边界格边长 0.070312 m
2026-09-11 17:00:14,499 INFO angle_controlled_025_angle60 | A=1374.118 m²，D=68.244 m，e=14.536 m，γmin=60.0°
2026-09-11 17:00:14,503 DEBUG 层 0：检查 40000 格，内部 0，边界 11
2026-09-11 17:00:14,503 DEBUG 层 1：检查 44 格，内部 5，边界 20
2026-09-11 17:00:14,503 DEBUG 层 2：检查 80 格，内部 15，边界 42
2026-09-11 17:00:14,503 DEBUG 层 3：检查 168 格，内部 48，边界 86
2026-09-11 17:00:14,503 DEBUG 层 4：检查 344 格，内部 105，边界 174
2026-09-11 17:00:14,504 DEBUG 层 5：检查 696 格，内部 206，边界 349
2026-09-11 17:00:14,504 DEBUG 层 6：检查 1396 格，内部 319，边界 698
2026-09-11 17:00:14,504 DEBUG 层 7：检查 2792 格，内部 716，边界 1396
2026-09-11 17:00:14,506 DEBUG 层 8：检查 5584 格，内部 1420，边界 2793
2026-09-11 17:00:14,587 DEBUG 求解结束：sampled；可行点 9804，叶格 5627，边界格边长 0.070312 m
2026-09-11 17:00:14,588 INFO angle_controlled_025_angle90 | A=1209.895 m²，D=49.329 m，e=13.171 m，γmin=90.0°
2026-09-11 17:00:14,592 DEBUG 层 0：检查 40000 格，内部 0，边界 12
2026-09-11 17:00:14,592 DEBUG 层 1：检查 48 格，内部 7，边界 24
2026-09-11 17:00:14,592 DEBUG 层 2：检查 96 格，内部 16，边界 46
2026-09-11 17:00:14,592 DEBUG 层 3：检查 184 格，内部 52，边界 96
2026-09-11 17:00:14,592 DEBUG 层 4：检查 384 格，内部 107，边界 189
2026-09-11 17:00:14,592 DEBUG 层 5：检查 756 格，内部 187，边界 378
2026-09-11 17:00:14,593 DEBUG 层 6：检查 1512 格，内部 362，边界 756
2026-09-11 17:00:14,593 DEBUG 层 7：检查 3024 格，内部 729，边界 1514
2026-09-11 17:00:14,594 DEBUG 层 8：检查 6056 格，内部 1516，边界 3028
2026-09-11 17:00:14,685 DEBUG 求解结束：sampled；可行点 10463，叶格 6004，边界格边长 0.070312 m
2026-09-11 17:00:14,687 INFO angle_controlled_025_angle120 | A=1414.146 m²，D=70.225 m，e=15.655 m，γmin=60.0°
2026-09-11 17:00:14,690 DEBUG 层 0：检查 40000 格，内部 1，边界 19
2026-09-11 17:00:14,690 DEBUG 层 1：检查 76 格，内部 11，边界 37
2026-09-11 17:00:14,691 DEBUG 层 2：检查 148 格，内部 27，边界 71
2026-09-11 17:00:14,691 DEBUG 层 3：检查 284 格，内部 37，边界 141
2026-09-11 17:00:14,692 DEBUG 层 4：检查 564 格，内部 154，边界 286
2026-09-11 17:00:14,692 DEBUG 层 5：检查 1144 格，内部 305，边界 572
2026-09-11 17:00:14,693 DEBUG 层 6：检查 2288 格，内部 577，边界 1150
2026-09-11 17:00:14,693 DEBUG 层 7：检查 4600 格，内部 1193，边界 2300
2026-09-11 17:00:14,694 DEBUG 层 8：检查 9200 格，内部 2289，边界 4604
2026-09-11 17:00:14,823 DEBUG 求解结束：sampled；可行点 16024，叶格 9198，边界格边长 0.070312 m
2026-09-11 17:00:14,824 INFO angle_controlled_026_angle30 | A=2343.575 m²，D=130.888 m，e=14.467 m，γmin=30.0°
2026-09-11 17:00:14,828 DEBUG 层 0：检查 40000 格，内部 1，边界 14
2026-09-11 17:00:14,828 DEBUG 层 1：检查 56 格，内部 5，边界 29
2026-09-11 17:00:14,828 DEBUG 层 2：检查 116 格，内部 21，边界 57
2026-09-11 17:00:14,828 DEBUG 层 3：检查 228 格，内部 48，边界 111
2026-09-11 17:00:14,828 DEBUG 层 4：检查 444 格，内部 110，边界 223
2026-09-11 17:00:14,829 DEBUG 层 5：检查 892 格，内部 216，边界 448
2026-09-11 17:00:14,829 DEBUG 层 6：检查 1792 格，内部 441，边界 894
2026-09-11 17:00:14,829 DEBUG 层 7：检查 3576 格，内部 893，边界 1791
2026-09-11 17:00:14,830 DEBUG 层 8：检查 7164 格，内部 1786，边界 3579
2026-09-11 17:00:14,937 DEBUG 求解结束：sampled；可行点 12356，叶格 7100，边界格边长 0.070312 m
2026-09-11 17:00:14,938 INFO angle_controlled_026_angle45 | A=1683.737 m²，D=89.362 m，e=10.837 m，γmin=45.0°
2026-09-11 17:00:14,943 DEBUG 层 0：检查 40000 格，内部 0，边界 13
2026-09-11 17:00:14,944 DEBUG 层 1：检查 52 格，内部 7，边界 25
2026-09-11 17:00:14,944 DEBUG 层 2：检查 100 格，内部 18，边界 48
2026-09-11 17:00:14,944 DEBUG 层 3：检查 192 格，内部 41，边界 97
2026-09-11 17:00:14,944 DEBUG 层 4：检查 388 格，内部 94，边界 195
2026-09-11 17:00:14,944 DEBUG 层 5：检查 780 格，内部 193，边界 387
2026-09-11 17:00:14,944 DEBUG 层 6：检查 1548 格，内部 385，边界 775
2026-09-11 17:00:14,945 DEBUG 层 7：检查 3100 格，内部 762，边界 1549
2026-09-11 17:00:14,946 DEBUG 层 8：检查 6196 格，内部 1530，边界 3097
2026-09-11 17:00:15,038 DEBUG 求解结束：sampled；可行点 10645，叶格 6127，边界格边长 0.070312 m
2026-09-11 17:00:15,039 INFO angle_controlled_026_angle60 | A=1387.294 m²，D=68.695 m，e=8.966 m，γmin=60.0°
2026-09-11 17:00:15,042 DEBUG 层 0：检查 40000 格，内部 0，边界 12
2026-09-11 17:00:15,043 DEBUG 层 1：检查 48 格，内部 6，边界 20
2026-09-11 17:00:15,043 DEBUG 层 2：检查 80 格，内部 17，边界 42
2026-09-11 17:00:15,043 DEBUG 层 3：检查 168 格，内部 33，边界 84
2026-09-11 17:00:15,043 DEBUG 层 4：检查 336 格，内部 83，边界 168
2026-09-11 17:00:15,044 DEBUG 层 5：检查 672 格，内部 165，边界 338
2026-09-11 17:00:15,044 DEBUG 层 6：检查 1352 格，内部 343，边界 674
2026-09-11 17:00:15,044 DEBUG 层 7：检查 2696 格，内部 661，边界 1348
2026-09-11 17:00:15,045 DEBUG 层 8：检查 5392 格，内部 1342，边界 2699
2026-09-11 17:00:15,118 DEBUG 求解结束：sampled；可行点 9301，叶格 5349，边界格边长 0.070312 m
2026-09-11 17:00:15,120 INFO angle_controlled_026_angle90 | A=1214.650 m²，D=49.254 m，e=7.541 m，γmin=90.0°
2026-09-11 17:00:15,124 DEBUG 层 0：检查 40000 格，内部 1，边界 11
2026-09-11 17:00:15,124 DEBUG 层 1：检查 44 格，内部 4，边界 22
2026-09-11 17:00:15,124 DEBUG 层 2：检查 88 格，内部 19，边界 43
2026-09-11 17:00:15,124 DEBUG 层 3：检查 172 格，内部 40，边界 86
2026-09-11 17:00:15,124 DEBUG 层 4：检查 344 格，内部 60，边界 172
2026-09-11 17:00:15,124 DEBUG 层 5：检查 688 格，内部 129，边界 342
2026-09-11 17:00:15,125 DEBUG 层 6：检查 1368 格，内部 352，边界 685
2026-09-11 17:00:15,125 DEBUG 层 7：检查 2740 格，内部 696，边界 1371
2026-09-11 17:00:15,125 DEBUG 层 8：检查 5484 格，内部 1353，边界 2742
2026-09-11 17:00:15,204 DEBUG 求解结束：sampled；可行点 9357，叶格 5396，边界格边长 0.070312 m
2026-09-11 17:00:15,205 INFO angle_controlled_026_angle120 | A=1413.585 m²，D=70.040 m，e=8.163 m，γmin=60.0°
2026-09-11 17:00:15,210 DEBUG 层 0：检查 40000 格，内部 1，边界 22
2026-09-11 17:00:15,210 DEBUG 层 1：检查 88 格，内部 9，边界 42
2026-09-11 17:00:15,210 DEBUG 层 2：检查 168 格，内部 29，边界 84
2026-09-11 17:00:15,210 DEBUG 层 3：检查 336 格，内部 68，边界 167
2026-09-11 17:00:15,210 DEBUG 层 4：检查 668 格，内部 155，边界 336
2026-09-11 17:00:15,211 DEBUG 层 5：检查 1344 格，内部 329，边界 669
2026-09-11 17:00:15,211 DEBUG 层 6：检查 2676 格，内部 668，边界 1339
2026-09-11 17:00:15,212 DEBUG 层 7：检查 5356 格，内部 1323，边界 2680
2026-09-11 17:00:15,213 DEBUG 层 8：检查 10720 格，内部 2674，边界 5362
2026-09-11 17:00:15,370 DEBUG 求解结束：sampled；可行点 18468，叶格 10618，边界格边长 0.070312 m
2026-09-11 17:00:15,372 INFO angle_controlled_027_angle30 | A=2403.394 m²，D=133.109 m，e=16.052 m，γmin=30.0°
2026-09-11 17:00:15,375 DEBUG 层 0：检查 40000 格，内部 1，边界 14
2026-09-11 17:00:15,375 DEBUG 层 1：检查 56 格，内部 5，边界 29
2026-09-11 17:00:15,376 DEBUG 层 2：检查 116 格，内部 24，边界 56
2026-09-11 17:00:15,376 DEBUG 层 3：检查 224 格，内部 43，边界 114
2026-09-11 17:00:15,376 DEBUG 层 4：检查 456 格，内部 103，边界 226
2026-09-11 17:00:15,376 DEBUG 层 5：检查 904 格，内部 214，边界 452
2026-09-11 17:00:15,376 DEBUG 层 6：检查 1808 格，内部 439，边界 902
2026-09-11 17:00:15,376 DEBUG 层 7：检查 3608 格，内部 882，边界 1807
2026-09-11 17:00:15,377 DEBUG 层 8：检查 7228 格，内部 1798，边界 3613
2026-09-11 17:00:15,486 DEBUG 求解结束：sampled；可行点 12384，叶格 7122，边界格边长 0.070312 m
2026-09-11 17:00:15,487 INFO angle_controlled_027_angle45 | A=1709.593 m²，D=90.333 m，e=16.405 m，γmin=45.0°
2026-09-11 17:00:15,491 DEBUG 层 0：检查 40000 格，内部 1，边界 11
2026-09-11 17:00:15,492 DEBUG 层 1：检查 44 格，内部 4，边界 22
2026-09-11 17:00:15,492 DEBUG 层 2：检查 88 格，内部 20，边界 43
2026-09-11 17:00:15,492 DEBUG 层 3：检查 172 格，内部 37，边界 85
2026-09-11 17:00:15,493 DEBUG 层 4：检查 340 格，内部 51，边界 171
2026-09-11 17:00:15,493 DEBUG 层 5：检查 684 格，内部 134，边界 338
2026-09-11 17:00:15,494 DEBUG 层 6：检查 1352 格，内部 270，边界 677
2026-09-11 17:00:15,494 DEBUG 层 7：检查 2708 格，内部 621，边界 1354
2026-09-11 17:00:15,495 DEBUG 层 8：检查 5416 格，内部 1267，边界 2709
2026-09-11 17:00:15,564 DEBUG 求解结束：sampled；可行点 8863，叶格 5114，边界格边长 0.070312 m
2026-09-11 17:00:15,566 INFO angle_controlled_027_angle60 | A=1400.492 m²，D=69.266 m，e=17.263 m，γmin=60.0°
2026-09-11 17:00:15,570 DEBUG 层 0：检查 40000 格，内部 1，边界 9
2026-09-11 17:00:15,572 DEBUG 层 1：检查 36 格，内部 2，边界 21
2026-09-11 17:00:15,572 DEBUG 层 2：检查 84 格，内部 16，边界 42
2026-09-11 17:00:15,572 DEBUG 层 3：检查 168 格，内部 39，边界 85
2026-09-11 17:00:15,572 DEBUG 层 4：检查 340 格，内部 79，边界 168
2026-09-11 17:00:15,572 DEBUG 层 5：检查 672 格，内部 165，边界 336
2026-09-11 17:00:15,573 DEBUG 层 6：检查 1344 格，内部 340，边界 675
2026-09-11 17:00:15,573 DEBUG 层 7：检查 2700 格，内部 666，边界 1348
2026-09-11 17:00:15,573 DEBUG 层 8：检查 5392 格，内部 1351，边界 2695
2026-09-11 17:00:15,638 DEBUG 求解结束：sampled；可行点 9321，叶格 5354，边界格边长 0.070312 m
2026-09-11 17:00:15,641 INFO angle_controlled_027_angle90 | A=1219.580 m²，D=49.318 m，e=20.876 m，γmin=90.0°
2026-09-11 17:00:15,645 DEBUG 层 0：检查 40000 格，内部 0，边界 12
2026-09-11 17:00:15,646 DEBUG 层 1：检查 48 格，内部 7，边界 23
2026-09-11 17:00:15,646 DEBUG 层 2：检查 92 格，内部 19，边界 50
2026-09-11 17:00:15,646 DEBUG 层 3：检查 200 格，内部 43，边界 97
2026-09-11 17:00:15,646 DEBUG 层 4：检查 388 格，内部 90，边界 197
2026-09-11 17:00:15,647 DEBUG 层 5：检查 788 格，内部 195，边界 391
2026-09-11 17:00:15,647 DEBUG 层 6：检查 1564 格，内部 379，边界 783
2026-09-11 17:00:15,647 DEBUG 层 7：检查 3132 格，内部 775，边界 1567
2026-09-11 17:00:15,648 DEBUG 层 8：检查 6268 格，内部 1555，边界 3134
2026-09-11 17:00:15,720 DEBUG 求解结束：sampled；可行点 10774，叶格 6197，边界格边长 0.070312 m
2026-09-11 17:00:15,722 INFO angle_controlled_027_angle120 | A=1413.453 m²，D=69.884 m，e=29.397 m，γmin=60.0°
2026-09-11 17:00:15,726 DEBUG 层 0：检查 40000 格，内部 2，边界 22
2026-09-11 17:00:15,726 DEBUG 层 1：检查 88 格，内部 6，边界 43
2026-09-11 17:00:15,726 DEBUG 层 2：检查 172 格，内部 31，边界 87
2026-09-11 17:00:15,726 DEBUG 层 3：检查 348 格，内部 73，边界 176
2026-09-11 17:00:15,726 DEBUG 层 4：检查 704 格，内部 170，边界 351
2026-09-11 17:00:15,727 DEBUG 层 5：检查 1404 格，内部 345，边界 704
2026-09-11 17:00:15,727 DEBUG 层 6：检查 2816 格，内部 697，边界 1408
2026-09-11 17:00:15,728 DEBUG 层 7：检查 5632 格，内部 1404，边界 2814
2026-09-11 17:00:15,729 DEBUG 层 8：检查 11256 格，内部 2794，边界 5629
2026-09-11 17:00:15,860 DEBUG 求解结束：sampled；可行点 19398，叶格 11151，边界格边长 0.070312 m
2026-09-11 17:00:15,862 INFO angle_controlled_028_angle30 | A=2580.068 m²，D=139.809 m，e=19.981 m，γmin=30.0°
2026-09-11 17:00:15,867 DEBUG 层 0：检查 40000 格，内部 1，边界 15
2026-09-11 17:00:15,867 DEBUG 层 1：检查 60 格，内部 6，边界 29
2026-09-11 17:00:15,867 DEBUG 层 2：检查 116 格，内部 21，边界 59
2026-09-11 17:00:15,867 DEBUG 层 3：检查 236 格，内部 51，边界 117
2026-09-11 17:00:15,867 DEBUG 层 4：检查 468 格，内部 111，边界 233
2026-09-11 17:00:15,868 DEBUG 层 5：检查 932 格，内部 226，边界 464
2026-09-11 17:00:15,868 DEBUG 层 6：检查 1856 格，内部 453，边界 932
2026-09-11 17:00:15,868 DEBUG 层 7：检查 3728 格，内部 925，边界 1861
2026-09-11 17:00:15,869 DEBUG 层 8：检查 7444 格，内部 1850，边界 3722
2026-09-11 17:00:15,961 DEBUG 求解结束：sampled；可行点 12820，叶格 7366，边界格边长 0.070312 m
2026-09-11 17:00:15,963 INFO angle_controlled_028_angle45 | A=1787.007 m²，D=93.200 m，e=12.770 m，γmin=45.0°
2026-09-11 17:00:15,967 DEBUG 层 0：检查 40000 格，内部 1，边界 11
2026-09-11 17:00:15,967 DEBUG 层 1：检查 44 格，内部 5，边界 22
2026-09-11 17:00:15,967 DEBUG 层 2：检查 88 格，内部 16，边界 43
2026-09-11 17:00:15,967 DEBUG 层 3：检查 172 格，内部 40，边界 86
2026-09-11 17:00:15,967 DEBUG 层 4：检查 344 格，内部 63，边界 174
2026-09-11 17:00:15,967 DEBUG 层 5：检查 696 格，内部 139，边界 347
2026-09-11 17:00:15,968 DEBUG 层 6：检查 1388 格，内部 370，边界 692
2026-09-11 17:00:15,968 DEBUG 层 7：检查 2768 格，内部 729，边界 1384
2026-09-11 17:00:15,969 DEBUG 层 8：检查 5536 格，内部 1379，边界 2769
2026-09-11 17:00:16,034 DEBUG 求解结束：sampled；可行点 9597，叶格 5511，边界格边长 0.070312 m
2026-09-11 17:00:16,035 INFO angle_controlled_028_angle60 | A=1443.256 m²，D=70.804 m，e=9.578 m，γmin=60.0°
2026-09-11 17:00:16,038 DEBUG 层 0：检查 40000 格，内部 1，边界 12
2026-09-11 17:00:16,039 DEBUG 层 1：检查 48 格，内部 3，边界 21
2026-09-11 17:00:16,039 DEBUG 层 2：检查 84 格，内部 13，边界 41
2026-09-11 17:00:16,039 DEBUG 层 3：检查 164 格，内部 38，边界 85
2026-09-11 17:00:16,039 DEBUG 层 4：检查 340 格，内部 78，边界 170
2026-09-11 17:00:16,039 DEBUG 层 5：检查 680 格，内部 170，边界 340
2026-09-11 17:00:16,039 DEBUG 层 6：检查 1360 格，内部 345，边界 681
2026-09-11 17:00:16,039 DEBUG 层 7：检查 2724 格，内部 683，边界 1361
2026-09-11 17:00:16,040 DEBUG 层 8：检查 5444 格，内部 1348，边界 2725
2026-09-11 17:00:16,118 DEBUG 求解结束：sampled；可行点 9402，叶格 5404，边界格边长 0.070312 m
2026-09-11 17:00:16,121 INFO angle_controlled_028_angle90 | A=1235.990 m²，D=49.785 m，e=6.923 m，γmin=90.0°
2026-09-11 17:00:16,129 DEBUG 层 0：检查 40000 格，内部 0，边界 13
2026-09-11 17:00:16,129 DEBUG 层 1：检查 52 格，内部 7，边界 25
2026-09-11 17:00:16,130 DEBUG 层 2：检查 100 格，内部 20，边界 48
2026-09-11 17:00:16,130 DEBUG 层 3：检查 192 格，内部 40，边界 98
2026-09-11 17:00:16,130 DEBUG 层 4：检查 392 格，内部 87，边界 195
2026-09-11 17:00:16,130 DEBUG 层 5：检查 780 格，内部 193，边界 392
2026-09-11 17:00:16,130 DEBUG 层 6：检查 1568 格，内部 388，边界 782
2026-09-11 17:00:16,131 DEBUG 层 7：检查 3128 格，内部 775，边界 1564
2026-09-11 17:00:16,132 DEBUG 层 8：检查 6256 格，内部 1544，边界 3128
2026-09-11 17:00:16,223 DEBUG 求解结束：sampled；可行点 10751，叶格 6182，边界格边长 0.070312 m
2026-09-11 17:00:16,225 INFO angle_controlled_028_angle120 | A=1414.699 m²，D=69.399 m，e=6.453 m，γmin=60.0°
2026-09-11 17:00:16,229 DEBUG 层 0：检查 40000 格，内部 1，边界 23
2026-09-11 17:00:16,230 DEBUG 层 1：检查 92 格，内部 12，边界 45
2026-09-11 17:00:16,230 DEBUG 层 2：检查 180 格，内部 40，边界 94
2026-09-11 17:00:16,230 DEBUG 层 3：检查 376 格，内部 74，边界 186
2026-09-11 17:00:16,230 DEBUG 层 4：检查 744 格，内部 143，边界 370
2026-09-11 17:00:16,230 DEBUG 层 5：检查 1480 格，内部 320，边界 737
2026-09-11 17:00:16,231 DEBUG 层 6：检查 2948 格，内部 809，边界 1473
2026-09-11 17:00:16,231 DEBUG 层 7：检查 5892 格，内部 1472，边界 2943
2026-09-11 17:00:16,232 DEBUG 层 8：检查 11772 格，内部 2960，边界 5890
2026-09-11 17:00:16,409 DEBUG 求解结束：sampled；可行点 20406，叶格 11721，边界格边长 0.070312 m
2026-09-11 17:00:16,410 INFO angle_controlled_029_angle30 | A=2899.220 m²，D=151.428 m，e=62.885 m，γmin=30.0°
2026-09-11 17:00:16,414 DEBUG 层 0：检查 40000 格，内部 1，边界 14
2026-09-11 17:00:16,414 DEBUG 层 1：检查 56 格，内部 8，边界 30
2026-09-11 17:00:16,414 DEBUG 层 2：检查 120 格，内部 22，边界 58
2026-09-11 17:00:16,414 DEBUG 层 3：检查 232 格，内部 41，边界 115
2026-09-11 17:00:16,415 DEBUG 层 4：检查 460 格，内部 119，边界 231
2026-09-11 17:00:16,415 DEBUG 层 5：检查 924 格，内部 167，边界 457
2026-09-11 17:00:16,415 DEBUG 层 6：检查 1828 格，内部 601，边界 913
2026-09-11 17:00:16,416 DEBUG 层 7：检查 3652 格，内部 888，边界 1824
2026-09-11 17:00:16,416 DEBUG 层 8：检查 7296 格，内部 1755，边界 3654
2026-09-11 17:00:16,531 DEBUG 求解结束：sampled；可行点 12620，叶格 7256，边界格边长 0.070312 m
2026-09-11 17:00:16,533 INFO angle_controlled_029_angle45 | A=1919.733 m²，D=98.037 m，e=40.767 m，γmin=45.0°
2026-09-11 17:00:16,536 DEBUG 层 0：检查 40000 格，内部 0，边界 13
2026-09-11 17:00:16,537 DEBUG 层 1：检查 52 格，内部 8，边界 26
2026-09-11 17:00:16,537 DEBUG 层 2：检查 104 格，内部 24，边界 51
2026-09-11 17:00:16,537 DEBUG 层 3：检查 204 格，内部 30，边界 98
2026-09-11 17:00:16,537 DEBUG 层 4：检查 392 格，内部 83，边界 196
2026-09-11 17:00:16,537 DEBUG 层 5：检查 784 格，内部 166，边界 394
2026-09-11 17:00:16,538 DEBUG 层 6：检查 1576 格，内部 448，边界 788
2026-09-11 17:00:16,538 DEBUG 层 7：检查 3152 格，内部 718，边界 1574
2026-09-11 17:00:16,539 DEBUG 层 8：检查 6296 格，内部 1530，边界 3150
2026-09-11 17:00:16,634 DEBUG 求解结束：sampled；可行点 10688，叶格 6157，边界格边长 0.070312 m
2026-09-11 17:00:16,635 INFO angle_controlled_029_angle60 | A=1515.966 m²，D=73.484 m，e=30.525 m，γmin=60.0°
2026-09-11 17:00:16,641 DEBUG 层 0：检查 40000 格，内部 1，边界 11
2026-09-11 17:00:16,641 DEBUG 层 1：检查 44 格，内部 3，边界 23
2026-09-11 17:00:16,641 DEBUG 层 2：检查 92 格，内部 16，边界 45
2026-09-11 17:00:16,641 DEBUG 层 3：检查 180 格，内部 31，边界 88
2026-09-11 17:00:16,642 DEBUG 层 4：检查 352 格，内部 75，边界 178
2026-09-11 17:00:16,642 DEBUG 层 5：检查 712 格，内部 170，边界 356
2026-09-11 17:00:16,642 DEBUG 层 6：检查 1424 格，内部 430，边界 713
2026-09-11 17:00:16,642 DEBUG 层 7：检查 2852 格，内部 565，边界 1427
2026-09-11 17:00:16,643 DEBUG 层 8：检查 5708 格，内部 1409，边界 2853
2026-09-11 17:00:16,724 DEBUG 求解结束：sampled；可行点 9632，叶格 5553，边界格边长 0.070312 m
2026-09-11 17:00:16,725 INFO angle_controlled_029_angle90 | A=1262.643 m²，D=50.836 m，e=21.062 m，γmin=90.0°
2026-09-11 17:00:16,728 DEBUG 层 0：检查 40000 格，内部 0，边界 11
2026-09-11 17:00:16,728 DEBUG 层 1：检查 44 格，内部 6，边界 24
2026-09-11 17:00:16,728 DEBUG 层 2：检查 96 格，内部 25，边界 48
2026-09-11 17:00:16,729 DEBUG 层 3：检查 192 格，内部 39，边界 96
2026-09-11 17:00:16,729 DEBUG 层 4：检查 384 格，内部 85，边界 189
2026-09-11 17:00:16,729 DEBUG 层 5：检查 756 格，内部 155，边界 377
2026-09-11 17:00:16,729 DEBUG 层 6：检查 1508 格，内部 425，边界 754
2026-09-11 17:00:16,729 DEBUG 层 7：检查 3016 格，内部 684，边界 1508
2026-09-11 17:00:16,730 DEBUG 层 8：检查 6032 格，内部 1479，边界 3014
2026-09-11 17:00:16,815 DEBUG 求解结束：sampled；可行点 10261，叶格 5912，边界格边长 0.070312 m
2026-09-11 17:00:16,817 INFO angle_controlled_029_angle120 | A=1415.371 m²，D=68.607 m，e=16.902 m，γmin=60.0°
2026-09-11 17:00:18,022 INFO 图件导出：D:\My_MathModeling_Project\origin_figures\Problem2_Observation_Optimization\fig01_optimized_layout.pdf, D:\My_MathModeling_Project\origin_figures\Problem2_Observation_Optimization\fig01_optimized_layout.svg, D:\My_MathModeling_Project\origin_figures\Problem2_Observation_Optimization\fig01_optimized_layout.png
2026-09-11 17:00:18,041 DEBUG 层 0：检查 40000 格，内部 0，边界 9
2026-09-11 17:00:18,042 DEBUG 层 1：检查 36 格，内部 5，边界 18
2026-09-11 17:00:18,042 DEBUG 层 2：检查 72 格，内部 15，边界 36
2026-09-11 17:00:18,042 DEBUG 层 3：检查 144 格，内部 19，边界 70
2026-09-11 17:00:18,042 DEBUG 层 4：检查 280 格，内部 90，边界 142
2026-09-11 17:00:18,042 DEBUG 层 5：检查 568 格，内部 159，边界 285
2026-09-11 17:00:18,042 DEBUG 层 6：检查 1140 格，内部 294，边界 573
2026-09-11 17:00:18,043 DEBUG 层 7：检查 2292 格，内部 583，边界 1146
2026-09-11 17:00:18,043 DEBUG 层 8：检查 4584 格，内部 1141，边界 2290
2026-09-11 17:00:18,099 DEBUG 求解结束：sampled；可行点 8008，叶格 4596，边界格边长 0.070312 m
2026-09-11 17:00:18,106 DEBUG 层 0：检查 40000 格，内部 0，边界 8
2026-09-11 17:00:18,107 DEBUG 层 1：检查 32 格，内部 4，边界 16
2026-09-11 17:00:18,107 DEBUG 层 2：检查 64 格，内部 12，边界 32
2026-09-11 17:00:18,107 DEBUG 层 3：检查 128 格，内部 24，边界 64
2026-09-11 17:00:18,107 DEBUG 层 4：检查 256 格，内部 56，边界 127
2026-09-11 17:00:18,107 DEBUG 层 5：检查 508 格，内部 120，边界 253
2026-09-11 17:00:18,108 DEBUG 层 6：检查 1012 格，内部 246，边界 504
2026-09-11 17:00:18,108 DEBUG 层 7：检查 2016 格，内部 502，边界 1009
2026-09-11 17:00:18,108 DEBUG 层 8：检查 4036 格，内部 1005，边界 2018
2026-09-11 17:00:18,157 DEBUG 求解结束：sampled；可行点 6924，叶格 3987，边界格边长 0.070312 m
2026-09-11 17:00:18,163 DEBUG 层 0：检查 40000 格，内部 0，边界 9
2026-09-11 17:00:18,164 DEBUG 层 1：检查 36 格，内部 3，边界 17
2026-09-11 17:00:18,164 DEBUG 层 2：检查 68 格，内部 13，边界 33
2026-09-11 17:00:18,164 DEBUG 层 3：检查 132 格，内部 31，边界 64
2026-09-11 17:00:18,164 DEBUG 层 4：检查 256 格，内部 61，边界 130
2026-09-11 17:00:18,164 DEBUG 层 5：检查 520 格，内部 125，边界 262
2026-09-11 17:00:18,165 DEBUG 层 6：检查 1048 格，内部 254，边界 522
2026-09-11 17:00:18,165 DEBUG 层 7：检查 2088 格，内部 515，边界 1046
2026-09-11 17:00:18,165 DEBUG 层 8：检查 4184 格，内部 1038，边界 2093
2026-09-11 17:00:18,216 DEBUG 求解结束：sampled；可行点 7186，叶格 4133，边界格边长 0.070312 m
2026-09-11 17:00:18,228 DEBUG 层 0：检查 40000 格，内部 0，边界 9
2026-09-11 17:00:18,229 DEBUG 层 1：检查 36 格，内部 5，边界 18
2026-09-11 17:00:18,229 DEBUG 层 2：检查 72 格，内部 15，边界 36
2026-09-11 17:00:18,229 DEBUG 层 3：检查 144 格，内部 19，边界 70
2026-09-11 17:00:18,229 DEBUG 层 4：检查 280 格，内部 90，边界 142
2026-09-11 17:00:18,229 DEBUG 层 5：检查 568 格，内部 159，边界 285
2026-09-11 17:00:18,230 DEBUG 层 6：检查 1140 格，内部 294，边界 573
2026-09-11 17:00:18,230 DEBUG 层 7：检查 2292 格，内部 583，边界 1146
2026-09-11 17:00:18,231 DEBUG 层 8：检查 4584 格，内部 1141，边界 2290
2026-09-11 17:00:18,294 DEBUG 求解结束：sampled；可行点 8008，叶格 4596，边界格边长 0.070312 m
2026-09-11 17:00:18,300 DEBUG 层 0：检查 40000 格，内部 0，边界 8
2026-09-11 17:00:18,300 DEBUG 层 1：检查 32 格，内部 4，边界 16
2026-09-11 17:00:18,300 DEBUG 层 2：检查 64 格，内部 12，边界 32
2026-09-11 17:00:18,301 DEBUG 层 3：检查 128 格，内部 24，边界 64
2026-09-11 17:00:18,301 DEBUG 层 4：检查 256 格，内部 56，边界 127
2026-09-11 17:00:18,301 DEBUG 层 5：检查 508 格，内部 120，边界 253
2026-09-11 17:00:18,301 DEBUG 层 6：检查 1012 格，内部 246，边界 504
2026-09-11 17:00:18,301 DEBUG 层 7：检查 2016 格，内部 502，边界 1009
2026-09-11 17:00:18,302 DEBUG 层 8：检查 4036 格，内部 1005，边界 2018
2026-09-11 17:00:18,363 DEBUG 求解结束：sampled；可行点 6924，叶格 3987，边界格边长 0.070312 m
2026-09-11 17:00:18,367 DEBUG 层 0：检查 40000 格，内部 0，边界 9
2026-09-11 17:00:18,368 DEBUG 层 1：检查 36 格，内部 3，边界 17
2026-09-11 17:00:18,368 DEBUG 层 2：检查 68 格，内部 13，边界 33
2026-09-11 17:00:18,368 DEBUG 层 3：检查 132 格，内部 31，边界 64
2026-09-11 17:00:18,368 DEBUG 层 4：检查 256 格，内部 61，边界 130
2026-09-11 17:00:18,368 DEBUG 层 5：检查 520 格，内部 125，边界 262
2026-09-11 17:00:18,368 DEBUG 层 6：检查 1048 格，内部 254，边界 522
2026-09-11 17:00:18,369 DEBUG 层 7：检查 2088 格，内部 515，边界 1046
2026-09-11 17:00:18,369 DEBUG 层 8：检查 4184 格，内部 1038，边界 2093
2026-09-11 17:00:18,429 DEBUG 求解结束：sampled；可行点 7186，叶格 4133，边界格边长 0.070312 m
2026-09-11 17:00:19,070 INFO 图件导出：D:\My_MathModeling_Project\origin_figures\Problem2_Observation_Optimization\fig02_layout_regions.pdf, D:\My_MathModeling_Project\origin_figures\Problem2_Observation_Optimization\fig02_layout_regions.svg, D:\My_MathModeling_Project\origin_figures\Problem2_Observation_Optimization\fig02_layout_regions.png
2026-09-11 17:00:19,651 INFO 图件导出：D:\My_MathModeling_Project\origin_figures\Problem2_Observation_Optimization\fig03_number.pdf, D:\My_MathModeling_Project\origin_figures\Problem2_Observation_Optimization\fig03_number.svg, D:\My_MathModeling_Project\origin_figures\Problem2_Observation_Optimization\fig03_number.png
2026-09-11 17:00:20,308 INFO 图件导出：D:\My_MathModeling_Project\origin_figures\Problem2_Observation_Optimization\fig04_angle.pdf, D:\My_MathModeling_Project\origin_figures\Problem2_Observation_Optimization\fig04_angle.svg, D:\My_MathModeling_Project\origin_figures\Problem2_Observation_Optimization\fig04_angle.png
2026-09-11 17:00:20,924 INFO 图件导出：D:\My_MathModeling_Project\origin_figures\Problem2_Observation_Optimization\fig05_greedy_convergence.pdf, D:\My_MathModeling_Project\origin_figures\Problem2_Observation_Optimization\fig05_greedy_convergence.svg, D:\My_MathModeling_Project\origin_figures\Problem2_Observation_Optimization\fig05_greedy_convergence.png
2026-09-11 17:00:20,929 INFO 完成：420次问题一定位评价；结果目录 D:\My_MathModeling_Project\Problem2_Observation_Optimization\results
