experiment_id,experiment_type,repetition,number_of_points,angle_error,intersection_angle,status,area,area_lower,area_upper,diameter,diameter_upper,cover_radius,cover_radius_lower,centroid_x,centroid_y,centroid_error_bound,cover_center_x,cover_center_y,localization_error,valid_point_count,leaf_count,boundary_width,visited_cells,truth_feasible,runtime_s
number_000_2,number,0,2,1.0,90,sampled,1235.7856349945068,1232.589282989502,1238.9819869995117,49.92466018859106,50.01701568986806,25.00850784493403,24.96233009429553,-16.90578572676676,158.6993114125208,0.2580699155632413,-16.8046875,158.431640625,9.100307458205847,17977,10306,0.03515625,60744,True,0.1355498000048101
number_000_3,number,0,3,1.0,90,sampled,984.1578483581543,981.3519058227539,986.9637908935547,49.92466018859106,50.01701568986806,25.00850784493403,24.96233009429553,-13.344252079526127,159.36564840876392,0.28439720507056754,-16.8046875,158.431640625,8.929969506407256,15810,9064,0.03515625,58256,True,0.11411909991875291
number_000_4,number,0,4,1.0,90,sampled,970.239990234375,967.4380645751953,973.0419158935547,49.92466018859106,50.01701568986806,25.00850784493403,24.96233009429553,-13.20273748019879,159.56503780851818,0.28805328397048274,-16.8046875,158.431640625,8.791664161559941,15848,9082,0.03515625,58256,True,0.11510389996692538
number_000_5,number,0,5,1.0,90,sampled,256.31594467163086,254.72618865966797,257.90570068359375,26.361432965797857,26.4562168826755,13.976795941438743,13.917992951858562,-19.451722130941725,171.8940675645893,0.3261574267769026,-16.70966987084323,171.6148421726544,5.162796143864255,8864,5103,0.03515625,50352,True,0.0668021000456065
number_000_6,number,0,6,1.0,90,sampled,256.31594467163086,254.72618865966797,257.90570068359375,26.361432965797857,26.4562168826755,13.976795941438743,13.917992951858562,-19.451722130941725,171.8940675645893,0.3261574267769026,-16.70966987084323,171.6148421726544,5.162796143864255,8864,5103,0.03515625,50352,True,0.07269350008573383
number_001_2,number,1,2,1.0,90,sampled,1228.6026878356934,1225.658935546875,1231.5464401245117,49.649618657886336,49.75205629019306,24.87602814509653,24.824809328943168,-181.75598176880996,99.03614052572321,0.23784361645813132,-182.00390625,99.193359375,19.20601149437756,16497,9461,0.03515625,59044,True,0.11725839995779097
number_001_3,number,1,3,1.0,90,sampled,732.8810749053955,730.2869453430176,735.4752044677734,46.41690884338063,46.51883980351444,23.25941990175722,23.208454421690316,-176.26097089944312,103.03861761317671,0.32815762328560627,-179.701171875,99.66796875,12.52307854925293,14540,8344,0.03515625,56752,True,0.10740330000407994
number_001_4,number,1,4,1.0,90,sampled,46.96377182006836,46.233009338378906,47.69453430175781,13.579166982548724,13.700702309531948,6.850351154765974,6.789583491274362,-170.89925595996434,116.02034203457704,0.41983675350544275,-172.142578125,114.1171875,4.500847992938851,3979,2312,0.03515625,44736,True,0.03298690007068217
number_001_5,number,1,5,1.0,90,sampled,46.96377182006836,46.233009338378906,47.69453430175781,13.579166982548724,13.700702309531948,6.850351154765974,6.789583491274362,-170.89925595996434,116.02034203457704,0.41983675350544275,-172.142578125,114.1171875,4.500847992938851,3979,2312,0.03515625,44736,True,0.03320920001715422
number_001_6,number,1,6,1.0,90,sampled,35.90438461303711,35.27002716064453,36.53874206542969,10.858473223011755,10.980012247047473,5.584443983764351,5.518873736694408,-170.10497700382078,115.3819935960579,0.3812530044851412,-170.4433492537829,114.23680328240516,3.512178868420685,3446,2004,0.03515625,44112,True,0.03060679999180138
number_002_2,number,2,2,1.0,90,sampled,1251.1767597198486,1247.9504356384277,1254.4030838012695,50.5249560794328,50.62647702923443,25.313238514617215,25.2624780397164,-259.99746281175186,-77.13422875341855,0.2604225453622975,-259.875,-77.396484375,16.733130204620412,18185,10422,0.03515625,60868,True,0.12940219999291003
number_002_3,number,2,3,1.0,90,sampled,600.0168685913086,597.6228103637695,602.4109268188477,44.68504589251325,44.80546482679012,22.40273241339506,22.342522946256626,-268.851598369137,-77.19559441404759,0.3561253188873363,-263.794921875,-75.69140625,15.481503825672268,13418,7701,0.03515625,55472,True,0.09855560003779829
number_002_4,number,2,4,1.0,90,sampled,380.45595932006836,378.33782958984375,382.57408905029297,44.68504589251325,44.80546482679012,22.40273241339506,22.342522946256626,-265.9461548612438,-74.02143923927585,0.4961328529161377,-263.794921875,-75.69140625,12.202271877809073,11841,6798,0.03515625,53680,True,0.08796740008983761
number_002_5,number,2,5,1.0,90,sampled,342.4149055480957,340.58228302001953,344.2475280761719,36.42202770539899,36.46965751401366,18.23482875700683,18.211013852699494,-266.4606262132941,-72.0804158953694,0.388296853284101,-266.712890625,-72.861328125,10.236684182122486,10282,5905,0.03515625,51884,True,0.08151049993466586
number_002_6,number,2,6,1.0,90,sampled,334.2048740386963,332.43883895874023,335.97090911865234,35.32314487129696,35.38926684066133,17.694633420330664,17.66157243564848,-266.5217909134945,-71.65607832297619,0.3720482041643748,-264.33984375,-71.9296875,9.810628538022122,9914,5691,0.03515625,51452,True,0.07733570004347712
number_003_2,number,3,2,1.0,90,sampled,1217.5607585906982,1214.3124961853027,1220.8090209960938,49.32536513613445,49.43846328124822,24.731349012630364,24.674646195855363,279.5359202724568,42.055691286679995,0.26308636141298414,279.3473069110049,42.12489348832542,3.8080248837987916,18217,10450,0.03515625,60976,True,0.13206659990828484
number_003_3,number,3,3,1.0,90,sampled,1007.55198097229,1004.5345344543457,1010.5694274902344,49.173886500727455,49.2867680123036,24.64353810923674,24.587046766572946,277.9305274927236,39.37819537176263,0.29432947895288064,279.2334598393405,42.070597192608545,1.8319418281332498,16920,9708,0.03515625,59484,True,0.12264189997222275
number_003_4,number,3,4,1.0,90,sampled,625.6942863464355,622.944580078125,628.4439926147461,49.173886500727455,49.2867680123036,24.64353810923674,24.587046766572946,276.67791792610814,34.56899366514716,0.4313005981148079,279.2334598393405,42.070597192608545,5.568057210735744,15395,8842,0.03515625,57756,True,0.11481239995919168
number_003_5,number,3,5,1.0,90,sampled,394.7232856750488,392.66139221191406,396.7851791381836,35.62163551906654,35.72169110061687,17.877185734307947,17.82699183647446,270.6396766787738,36.15082597403393,0.3712554059224604,265.86216938218456,35.68740849244536,6.877875439329816,11559,6639,0.03515625,53336,True,0.08652969996910542
number_003_6,number,3,6,1.0,90,sampled,316.7282180786133,314.91011810302734,318.5463180541992,29.256506562977258,29.37440912179993,15.180129747970907,15.128157411442938,269.82129593283133,38.741392864256575,0.33530830199775885,267.6914835428829,40.83658909292972,6.5809009120985404,10207,5863,0.03515625,51776,True,0.07836879999376833
number_004_2,number,4,2,1.0,90,sampled,1222.5594520568848,1219.6830596923828,1225.4358444213867,49.39747127593711,49.494856133657024,24.747428066828512,24.698735637968554,-275.5053535437513,116.85920572556454,0.2323526391252165,-275.2734375,116.68359375,14.999298075883171,16115,9239,0.03515625,58596,True,0.11333159997593611
number_004_3,number,4,3,1.0,90,sampled,143.3210620880127,141.9499168395996,144.69220733642578,25.64697231693985,25.823575874050665,12.911787937025332,12.823486158469924,-264.5700554471032,129.3416709249476,0.48942336299303324,-265.8515625,125.244140625,3.323982251961502,7566,4367,0.03515625,48828,True,0.0574591999175027
number_004_4,number,4,4,1.0,90,sampled,143.3210620880127,141.9499168395996,144.69220733642578,25.64697231693985,25.823575874050665,12.911787937025332,12.823486158469924,-264.5700554471032,129.3416709249476,0.48942336299303324,-265.8515625,125.244140625,3.323982251961502,7566,4367,0.03515625,48828,True,0.05664740002248436
number_004_5,number,4,5,1.0,90,sampled,142.3058738708496,140.99915313720703,143.6125946044922,23.979874278702198,24.08059416332556,12.049680948604237,11.999096264992001,-264.61535124867964,129.42596249708265,0.4382152102788579,-266.07624307537867,126.21036305679239,3.2691826017188617,7254,4180,0.03515625,48432,True,0.0598572000162676
number_004_6,number,4,6,1.0,90,sampled,142.3058738708496,140.99915313720703,143.6125946044922,23.979874278702198,24.08059416332556,12.049680948604237,11.999096264992001,-264.61535124867964,129.42596249708265,0.4382152102788579,-266.07624307537867,126.21036305679239,3.2691826017188617,7254,4180,0.03515625,48432,True,0.059575799969024956
number_005_2,number,5,2,1.0,90,sampled,1222.837080001831,1220.1672477722168,1225.5069122314453,49.43326925700985,49.530377863477156,24.765188931738578,24.716634628504924,192.79129659992617,22.585076936234245,0.21580914451816632,193.025390625,22.412109375,20.447138433053055,15025,8612,0.03515625,57312,True,0.10847960005048662
number_005_3,number,5,3,1.0,90,sampled,89.17511558532715,88.16085433959961,90.18937683105469,20.13621597032361,20.31182578508473,10.155912892542364,10.068107985161806,179.79902550549778,9.777604197242823,0.45684976319044973,181.23046875,12.849609375,2.3292243694360693,5508,3193,0.03515625,46560,True,0.04522930004168302
number_005_4,number,5,4,1.0,90,sampled,40.97476387023926,40.32542037963867,41.624107360839844,12.673645272172616,12.797502774780234,6.398751387390117,6.336822636086308,179.67989172156473,6.89727308089796,0.39928664659194807,181.08984375,8.490234375,1.1713574889650065,3520,2047,0.03515625,44228,True,0.029412099975161254
number_005_5,number,5,5,1.0,90,sampled,40.97476387023926,40.32542037963867,41.624107360839844,12.673645272172616,12.797502774780234,6.398751387390117,6.336822636086308,179.67989172156473,6.89727308089796,0.39928664659194807,181.08984375,8.490234375,1.1713574889650065,3520,2047,0.03515625,44228,True,0.03353899996727705
number_005_6,number,5,6,1.0,90,sampled,40.97476387023926,40.32542037963867,41.624107360839844,12.673645272172616,12.797502774780234,6.398751387390117,6.336822636086308,179.67989172156473,6.89727308089796,0.39928664659194807,181.08984375,8.490234375,1.1713574889650065,3520,2047,0.03515625,44228,True,0.03092389996163547
number_006_2,number,6,2,1.0,90,sampled,1246.0849056243896,1242.6024284362793,1249.5673828125,50.30569468848254,50.38214454438796,25.19107227219398,25.15284734424127,-117.1016600195091,202.84777920317288,0.28082466216267554,-117.0703125,202.552734375,15.259066315018494,19578,11228,0.03515625,62556,True,0.13866850000340492
number_006_3,number,6,3,1.0,90,sampled,857.7688465118408,854.8681983947754,860.6694946289062,49.29029746691981,49.3817307145987,24.69086535729935,24.645148733459905,-122.27241654962714,204.10567102468207,0.3328548882204615,-117.615234375,203.009765625,12.133591924334398,16291,9348,0.03515625,58808,True,0.12080420006532222
number_006_4,number,6,4,1.0,90,sampled,483.9537105560303,481.5718574523926,486.33556365966797,44.299839465537154,44.357324824937315,22.178662412468658,22.149919732768577,-127.24799209842885,201.84891706982023,0.4344844987617514,-120.0234375,202.2890625,14.28393798460863,13304,7645,0.03515625,55412,True,0.0976819999050349
number_006_5,number,6,5,1.0,90,sampled,59.230384826660156,58.44740295410156,60.01336669921875,15.22125561902266,15.318203856352273,7.65916604888437,7.61074723114069,-125.02630542052592,216.88467845736454,0.39970681864235785,-126.97800106232295,218.49346007436262,0.9453102761904315,4318,2501,0.03515625,45104,True,0.035733799915760756
number_006_6,number,6,6,1.0,90,sampled,59.230384826660156,58.44740295410156,60.01336669921875,15.22125561902266,15.318203856352273,7.65916604888437,7.61074723114069,-125.02630542052592,216.88467845736454,0.39970681864235785,-126.97800106232295,218.49346007436262,0.9453102761904315,4318,2501,0.03515625,45104,True,0.04239469999447465
number_007_2,number,7,2,1.0,90,sampled,1225.6875171661377,1222.8727684020996,1228.5022659301758,49.528668511444984,49.65526297988525,24.827631489942625,24.764334255722492,70.04834780044996,-89.1989518472614,0.22754063053321558,69.890625,-89.4375,18.547184064336115,15811,9064,0.03515625,58212,True,0.13550109998323023
number_007_3,number,7,3,1.0,90,sampled,106.7555923461914,105.60676574707031,107.9044189453125,22.05892906792021,22.259348416315902,11.129674208157951,11.029464533960105,57.02894724630976,-77.26288013305343,0.4739774661634205,60.46875,-78.626953125,1.08849585860787,6335,3665,0.03515625,47420,True,0.059144699946045876
number_007_4,number,7,4,1.0,90,sampled,78.19822883605957,77.08787155151367,79.30858612060547,22.05892906792021,22.259348416315902,11.129674208157951,11.029464533960105,58.50568780926456,-77.47957923861546,0.6232825693227194,60.46875,-78.626953125,2.1163099697164096,6091,3529,0.03515625,47180,True,0.059875199920497835
number_007_5,number,7,5,1.0,90,sampled,47.097564697265625,46.340538024902344,47.854591369628906,12.51878471350654,12.645161157850374,6.441818413152197,6.37766477845335,55.9189390223472,-79.52235676579774,0.40007547860497455,55.928008412951286,-80.62698573869466,3.449732327340142,4135,2395,0.03515625,44900,True,0.042687099892646074
number_007_6,number,7,6,1.0,90,sampled,27.996854782104492,27.47512435913086,28.518585205078125,7.812008285307116,7.870996820122773,4.087422420896553,4.0481804705644135,57.54568244255305,-78.01946511273603,0.28799033827635656,57.62507200040831,-78.32267028552263,1.9629225203921012,2838,1653,0.03515625,43388,True,0.0314250000519678
number_008_2,number,8,2,1.0,90,sampled,1228.932689666748,1225.7615203857422,1232.103858947754,49.65240044913567,49.74481419511626,24.87240709755813,24.826200224567835,-40.29191369792869,99.98508674414158,0.2560648203790523,-40.412109375,99.720703125,14.62488453786388,17906,10264,0.03515625,60564,True,0.15571389999240637
number_008_3,number,8,3,1.0,90,sampled,373.2975769042969,371.0017776489258,375.59337615966797,40.97333869289368,41.071920072090656,20.535960036045328,20.48666934644684,-31.24573516224265,92.1445863111133,0.5021008862418388,-37.775390625,93.181640625,8.261620513794075,12812,7365,0.03515625,54820,True,0.1156411999836564
number_008_4,number,8,4,1.0,90,sampled,301.8606777191162,299.72478103637695,303.99657440185547,40.97333869289368,41.071920072090656,20.535960036045328,20.48666934644684,-33.2609815216394,92.06892735828669,0.5771471471895305,-37.775390625,93.181640625,9.765224247992844,11915,6852,0.03515625,53808,True,0.10551979998126626
number_008_5,number,8,5,1.0,90,sampled,65.93779563903809,65.13797378540039,66.73761749267578,12.625450806075822,12.703135810650382,6.564850814147703,6.521660726541082,-26.393409001528042,102.33397186738054,0.3044833187879632,-26.256603406705633,102.98515920512112,4.059841209824602,4412,2551,0.03515625,45192,True,0.047936700051650405
number_008_6,number,8,6,1.0,90,sampled,53.34473419189453,52.62355041503906,54.06591796875,11.026403470140576,11.11260089635368,5.737284829099912,5.695351232085877,-26.854781472666435,101.62965531795703,0.2964613488945854,-26.74473890954578,101.84139072297607,3.4820901245539946,3958,2292,0.03515625,44664,True,0.04050870006904006
number_009_2,number,9,2,1.0,90,sampled,1222.1308822631836,1218.7326049804688,1225.5291595458984,49.36580987702372,49.417083652703354,24.72285221700867,24.682905881967937,25.982095411996355,224.76607523823506,0.2740578654484663,25.71246409249604,224.72654212250296,0.608574319300058,19309,11065,0.03515625,62148,True,0.18095499998889863
number_009_3,number,9,3,1.0,90,sampled,1121.5398044586182,1118.5748863220215,1124.5047225952148,49.36580987702372,49.417083652703354,24.708541826351677,24.68290493851186,25.99671682692374,223.93354055733516,0.26059047087231674,25.69921875,224.71875,1.4381427029179923,16957,9714,0.03515625,59448,True,0.15083099994808435
number_009_4,number,9,4,1.0,90,sampled,623.48268699646,620.937686920166,626.0276870727539,49.36580987702372,49.417083652703354,24.708541826351677,24.68290493851186,27.122354629431733,217.61660263228396,0.40179207489824115,25.69921875,224.71875,7.827541801001675,14492,8311,0.03515625,56656,True,0.13527159998193383
number_009_5,number,9,5,1.0,90,sampled,561.6977233886719,559.6349029541016,563.7605438232422,35.920269412961076,35.97879357393926,18.008857683177457,17.969679262280156,27.241639588852895,217.04616607648424,0.2632954413311291,26.37850001355864,221.18811858118863,8.409027180964658,11774,6751,0.03515625,53500,True,0.10643209994304925
number_009_6,number,9,6,1.0,90,sampled,185.36431503295898,184.0952911376953,186.63333892822266,20.813346226989804,20.95173875972264,10.882331897333925,10.820890449838314,17.263657126479742,218.34852693720356,0.28492505450631905,18.7651064795671,219.31988456069843,11.249222426381996,7094,4081,0.03515625,48256,True,0.0709782000631094
number_010_2,number,10,2,1.0,90,sampled,1241.9121437072754,1238.4505233764648,1245.373764038086,50.13612215692476,50.230654052753316,25.115327026376658,25.06806107846238,195.79287287127448,147.57429634912526,0.27924059157167935,195.767578125,147.8671875,14.165036733623664,19474,11164,0.03515625,62388,True,0.18293720006477088
number_010_3,number,10,3,1.0,90,sampled,1022.7027111053467,1019.6806297302246,1025.7247924804688,50.13612215692476,50.230654052753316,25.115327026376658,25.06806107846238,198.95784416475362,147.41469176280472,0.29598801781115425,195.767578125,147.8671875,15.77378105583352,16996,9745,0.03515625,59564,True,0.1638198000146076
number_010_4,number,10,4,1.0,90,sampled,81.57549476623535,80.3928337097168,82.7581558227539,27.29543792837294,27.454532836874417,13.727266418437209,13.64771896418647,186.99300406523008,140.25797488820197,0.7846817389363324,188.560546875,143.138671875,5.615668539086553,6454,3747,0.03515625,47664,True,0.05954009993001819
number_010_5,number,10,5,1.0,90,sampled,57.22859001159668,56.50663375854492,57.95054626464844,14.565595437007383,14.657458159991931,7.3287290799959655,7.282797718503692,187.12594544600137,137.0839947667464,0.3652094502828198,187.69921875,136.318359375,2.8489538298522237,3914,2268,0.03515625,44676,True,0.044521400006487966
number_010_6,number,10,6,1.0,90,sampled,57.22859001159668,56.50663375854492,57.95054626464844,14.565595437007383,14.657458159991931,7.3287290799959655,7.282797718503692,187.12594544600137,137.0839947667464,0.3652094502828198,187.69921875,136.318359375,2.8489538298522237,3914,2268,0.03515625,44676,True,0.04104210005607456
number_011_2,number,11,2,1.0,90,sampled,1237.6091423034668,1234.2494888305664,1240.9687957763672,49.99436308557227,50.08071670848128,25.04035835424064,24.997181542786134,22.97421251313617,-147.34359074566171,0.27116532565144447,23.0625,-147.62109375,17.079119853382945,18868,10820,0.03515625,61708,True,0.16758130001835525
number_011_3,number,11,3,1.0,90,sampled,76.56954002380371,75.67207717895508,77.46700286865234,18.703257165886406,18.84404515277244,9.42202257638622,9.351628582943203,4.50915144984606,-150.68628567002585,0.43662023171175907,7.189453125,-149.1328125,8.534044347083663,5112,2963,0.03515625,46088,True,0.04965699999593198
number_011_4,number,11,4,1.0,90,sampled,76.56954002380371,75.67207717895508,77.46700286865234,18.703257165886406,18.84404515277244,9.42202257638622,9.351628582943203,4.50915144984606,-150.68628567002585,0.43662023171175907,7.189453125,-149.1328125,8.534044347083663,5112,2963,0.03515625,46088,True,0.053731300053186715
number_011_5,number,11,5,1.0,90,sampled,76.56954002380371,75.67207717895508,77.46700286865234,18.703257165886406,18.84404515277244,9.42202257638622,9.351628582943203,4.50915144984606,-150.68628567002585,0.43662023171175907,7.189453125,-149.1328125,8.534044347083663,5112,2963,0.03515625,46088,True,0.04987990006338805
number_011_6,number,11,6,1.0,90,sampled,76.56954002380371,75.67207717895508,77.46700286865234,18.703257165886406,18.84404515277244,9.42202257638622,9.351628582943203,4.50915144984606,-150.68628567002585,0.43662023171175907,7.189453125,-149.1328125,8.534044347083663,5112,2963,0.03515625,46084,True,0.05155740003101528
number_012_2,number,12,2,1.0,90,sampled,1229.959774017334,1226.6402893066406,1233.2792587280273,49.67480467790082,49.75109984749238,24.87554992374619,24.83740233895041,222.15184954910404,0.03136877864101084,0.26781933469676467,221.87109375,0.10546875,6.050309977514255,18702,10727,0.03515625,61520,True,0.16980519995559007
number_012_3,number,12,3,1.0,90,sampled,896.8579959869385,893.8646507263184,899.8513412475586,49.67480467790082,49.75109984749238,24.87554992374619,24.83740233895041,219.60456974354702,-3.901238867237124,0.3309929365280781,221.87109375,0.10546875,10.234112665672265,16947,9719,0.03515625,59472,True,0.14943360001780093
number_012_4,number,12,4,1.0,90,sampled,895.8460521697998,892.8635215759277,898.8285827636719,49.67480467790082,49.75109984749238,24.87554992374619,24.83740233895041,219.612535100102,-3.9211752811901412,0.3301723603797424,221.87109375,0.10546875,10.23977222269118,16835,9661,0.03515625,59368,True,0.14750329998787493
number_012_5,number,12,5,1.0,90,sampled,290.85181045532227,289.0253677368164,292.6782531738281,29.71816890882507,29.83879340588264,15.509001386902042,15.458101821860337,231.16135755051926,-7.907304657348677,0.37241473429737143,230.50507466640272,-10.537082163852245,10.714344709959187,10155,5853,0.03515625,51860,True,0.09727959998417646
number_012_6,number,12,6,1.0,90,sampled,3.706186294555664,3.4900474548339844,3.9223251342773438,3.508938954711328,3.6569260192347683,1.8870438230521716,1.8149244832480689,227.96493453270253,3.2208763902722444,0.4030281629832551,227.80670295877658,2.8287165215674865,0.9804102622915366,1066,644,0.03515625,41412,True,0.01792299991939217
number_013_2,number,13,2,1.0,90,sampled,1256.023738861084,1253.2109985351562,1258.8364791870117,50.727295330188,50.82928752537177,25.414643762685884,25.363647665094,-271.7814056370119,50.965782950621595,0.22714560488924193,-271.546875,51.134765625,20.192096584099218,15806,9058,0.03515625,58200,True,0.13851229997817427
number_013_3,number,13,3,1.0,90,sampled,1088.2144088745117,1085.5187759399414,1090.910041809082,50.727295330188,50.82928752537177,25.414643762685884,25.363647665094,-270.6893711764691,48.90062959901814,0.25119780044726214,-271.546875,51.134765625,19.426570271438532,15179,8698,0.03515625,57464,True,0.13901559996884316
number_013_4,number,13,4,1.0,90,sampled,992.8848209381104,990.1911964416504,995.5784454345703,50.727295330188,50.82928752537177,25.414643762685884,25.363647665094,-269.57873808578273,48.120554831260584,0.2750461596347331,-271.546875,51.134765625,19.73385806738828,15156,8688,0.03515625,57464,True,0.14087650005239993
number_013_5,number,13,5,1.0,90,sampled,171.14627265930176,169.86720657348633,172.4253387451172,22.499038675752523,22.62473360189332,11.342010335862241,11.281612223918074,-284.5196192020699,40.72167643495031,0.3356644639517637,-281.664314830625,40.77138771989561,5.2641764885624145,7078,4079,0.03515625,48292,True,0.06047330005094409
number_013_6,number,13,6,1.0,90,sampled,150.65356063842773,149.4543685913086,151.85275268554688,22.360065953357037,22.4851085975269,11.245122015060257,11.183074252890588,-283.7287988504552,40.71837588719748,0.3551330210602216,-281.2440176245297,41.079753691292034,5.349239778067365,6603,3808,0.03515625,47772,True,0.05296239990275353
number_014_2,number,14,2,1.0,90,sampled,1231.3429698944092,1228.5415077209473,1234.144432067871,49.74961546169403,49.87265674564711,24.936328372823557,24.874807730847014,38.343896744297325,-8.797406213688243,0.22641816910988088,38.583984375,-8.630859375,12.589603314770056,15728,9021,0.03515625,58112,True,0.11503159999847412
number_014_3,number,14,3,1.0,90,sampled,1011.1575908660889,1008.5100059509277,1013.80517578125,49.74961546169403,49.87265674564711,24.936328372823557,24.874807730847014,36.96320870038355,-5.874455524817879,0.2604881033025526,38.583984375,-8.630859375,10.282550490684375,14869,8530,0.03515625,57152,True,0.12340800010133535
number_014_4,number,14,4,1.0,90,sampled,921.9793853759766,919.3925170898438,924.5662536621094,49.74961546169403,49.87265674564711,24.936328372823557,24.874807730847014,37.907369226971596,-7.013497911660107,0.2790800411965965,38.583984375,-8.630859375,11.51109161448916,14522,8334,0.03515625,56760,True,0.10667210002429783
number_014_5,number,14,5,1.0,90,sampled,583.3768043518066,581.1672134399414,585.5863952636719,34.08611924802565,34.1804098137963,18.259354841196416,18.215507081350935,32.00713568849795,-10.6295423968825,0.2579456199776878,32.014417615128814,-11.166612135018282,8.84254196724376,12381,7109,0.03515625,54312,True,0.11311000003479421
number_014_6,number,14,6,1.0,90,sampled,320.1017761230469,318.52098083496094,321.6825714111328,32.18318031731659,32.308421602506556,16.154210801253278,16.091590158658295,26.69758194460983,-11.701182521236845,0.31753663501689317,25.41796875,-8.9296875,8.363277590955354,8825,5074,0.03515625,50236,True,0.08349999994970858
number_015_2,number,15,2,1.0,90,sampled,1189.0477352142334,1185.6400337219238,1192.455436706543,49.32544030806489,49.41768390880087,24.709436292160937,24.66344287402961,-99.25576945514658,-277.81817265150585,0.28244362014501995,-99.22629962055645,-278.19649727159504,19.647945409807317,19209,11011,0.03515625,62040,True,0.17431909998413175
number_015_3,number,15,3,1.0,90,sampled,1078.6556339263916,1075.633243560791,1081.6780242919922,48.008128193251075,48.068301243882715,24.034150621941357,24.004064096625537,-97.75820845105014,-277.8272335862455,0.2686218399701537,-99.28125,-277.5234375,19.727781099536525,17076,9784,0.03515625,59576,True,0.15714220004156232
number_015_4,number,15,4,1.0,90,sampled,772.1534557342529,769.6220512390137,774.6848602294922,48.008128193251075,48.068301243882715,24.034150621941357,24.004064096625537,-102.09457933689019,-278.1930073712917,0.3141414531096761,-99.28125,-277.5234375,20.197456447915293,14293,8194,0.03515625,56376,True,0.13699260004796088
number_015_5,number,15,5,1.0,90,sampled,354.94246101379395,353.33771896362305,356.54720306396484,27.69505974959598,27.781758049523532,14.386888611138179,14.341202541383153,-102.44736939388736,-267.9082080081413,0.25007940035219467,-104.25452574755194,-267.6665247278354,10.191675159791009,9076,5209,0.03515625,50420,True,0.08313419995829463
number_015_6,number,15,6,1.0,90,sampled,202.15362167358398,200.7677993774414,203.53944396972656,23.306260488420307,23.39761352107187,11.844213687235612,11.800179120238319,-100.09338466642279,-264.1052978349546,0.318610819226284,-98.76690698346985,-265.1319880308124,5.97034747539827,7754,4461,0.03515625,48980,True,0.07696360000409186
number_016_2,number,16,2,1.0,90,sampled,1251.7914962768555,1249.5791244506836,1254.0038681030273,50.58912913736944,50.66370590660938,25.33185295330469,25.29456456868472,176.4750060085083,140.9007717690076,0.17876652282867006,176.6953125,140.6953125,17.83602721820231,15497,8545,0.03515625,56344,True,0.1394760999828577
number_016_3,number,16,3,1.0,90,sampled,1146.5077800750732,1144.1908149719238,1148.8247451782227,50.58912913736944,50.66370590660938,25.33185295330469,25.29456456868472,176.45289369506392,140.8502742946077,0.20435847865311801,176.6953125,140.6953125,17.851743967123586,15031,8390,0.03515625,56336,True,0.13579470000695437
number_016_4,number,16,4,1.0,90,sampled,1112.5603866577148,1110.2398681640625,1114.8809051513672,50.58912913736944,50.66370590660938,25.33185295330469,25.29456456868472,176.78291991611312,141.24516682065743,0.21090336370464363,176.6953125,140.6953125,17.85546885332767,15038,8398,0.03515625,56336,True,0.13470999989658594
number_016_5,number,16,5,1.0,90,sampled,911.0670776367188,908.7793121337891,913.3548431396484,38.160874594976406,38.23377556870733,20.24432456560467,20.2066718927183,174.42889452616583,143.80447643725026,0.1915354441920241,173.78505249693006,143.53902846899305,14.428312149190564,14699,8225,0.03515625,56052,True,0.13959169993177056
number_016_6,number,16,6,1.0,90,sampled,413.8411445617676,412.23470306396484,415.4475860595703,34.03998346420227,34.12578271659872,17.370150447405088,17.324377239827943,172.86767145743045,151.56240698554268,0.26391330863616,174.3768532847444,149.537109375,10.064750152471436,10352,5789,0.03515625,51280,True,0.09183719998691231
number_017_2,number,17,2,1.0,90,sampled,1242.4547309875488,1239.6042938232422,1245.3051681518555,50.1863134108491,50.280283897891216,25.140141948945608,25.09315670542455,-32.220389542779145,293.3909439131902,0.23017778054697838,-31.9921875,293.220703125,13.148972660296714,15961,9151,0.03515625,58448,True,0.12839219998568296
number_017_3,number,17,3,1.0,90,sampled,883.6719818115234,880.9751129150391,886.3688507080078,49.79116153647029,49.893271405011525,24.946635702505763,24.895580768235146,-36.18077474396755,290.41788407786555,0.3036108764168538,-32.255859375,293.185546875,10.58745918235006,15156,8693,0.03515625,57532,True,0.13076520001050085
number_017_4,number,17,4,1.0,90,sampled,740.9897575378418,738.3488159179688,743.6306991577148,49.79116153647029,49.893271405011525,24.946635702505763,24.895580768235146,-36.34066379698867,288.11262688685343,0.35438347866585573,-32.255859375,293.185546875,11.877668546786847,14830,8503,0.03515625,57080,True,0.13916110002901405
number_017_5,number,17,5,1.0,90,sampled,642.2533950805664,639.9582138061523,644.5485763549805,37.05946530659927,37.13533569726592,19.201843794432907,19.14513003038156,-34.9671889068057,286.2830094435572,0.2644713842778042,-32.81467385424571,286.56776684248433,14.13369297956329,12912,7402,0.03515625,54872,True,0.11143000004813075
number_017_6,number,17,6,1.0,90,sampled,642.2533950805664,639.9582138061523,644.5485763549805,37.05946530659927,37.13533569726592,19.201843794432907,19.14513003038156,-34.9671889068057,286.2830094435572,0.2644713842778042,-32.81467385424571,286.56776684248433,14.13369297956329,12912,7402,0.03515625,54872,True,0.12448070000391454
number_018_2,number,18,2,1.0,90,sampled,1195.1212520599365,1191.795124053955,1198.447380065918,49.31810424057061,49.42894986336172,24.716517490859708,24.661099110885623,53.820844866766755,173.49401639211177,0.2743666800585559,54.060876830722066,173.43253469856947,15.87429431561987,18660,10707,0.03515625,61504,True,0.15972899994812906
number_018_3,number,18,3,1.0,90,sampled,870.4088745117188,867.4450378417969,873.3727111816406,48.25233414296287,48.363194644185846,24.187573364128696,24.132154241375453,56.06886437852512,177.58589138225275,0.32824613804814845,53.67428485223917,174.08776244162812,17.33739721977603,16606,9534,0.03515625,59172,True,0.1416730999480933
number_018_4,number,18,4,1.0,90,sampled,778.0615081787109,775.3423919677734,780.7806243896484,48.25233414296287,48.363194644185846,24.181597322092923,24.126167071481436,55.76240404711733,175.98520898604693,0.33685555830110814,53.54296875,173.56640625,17.191425542316196,15275,8769,0.03515625,57592,True,0.13898859999608248
number_018_5,number,18,5,1.0,90,sampled,192.4372615814209,191.0262565612793,193.8482666015625,22.707345400910473,22.81575620221915,11.94609638788785,11.887916861358246,41.9210712492893,180.26018197439512,0.33214789179237997,41.852172337487815,181.54669962117734,3.6237763524991538,7857,4524,0.03515625,49144,True,0.0763770000776276
number_018_6,number,18,6,1.0,90,sampled,130.34160804748535,129.08664321899414,131.59657287597656,22.707345400910473,22.81575620221915,11.407878101109574,11.353672700455236,40.89028386500674,182.12783065185246,0.43516287610621035,40.21875,184.693359375,4.212327428203389,6991,4027,0.03515625,48148,True,0.07215689995791763
number_019_2,number,19,2,1.0,90,sampled,1216.5359916687012,1213.0774612426758,1219.9945220947266,49.34342816316137,49.43508816513359,24.728642351820966,24.682809737621337,-267.4696059344807,121.42747741958817,0.2802844659315397,-267.4904901798547,121.253587549479,10.283682454743344,19399,11127,0.03515625,62320,True,0.1714363000355661
number_019_3,number,19,3,1.0,90,sampled,267.00021743774414,265.03040313720703,268.97003173828125,35.04199108528497,35.153226432481006,17.57680805429398,17.521208137293076,-254.28728228780471,117.60062881730701,0.5148925156397998,-259.9371617342239,116.30571129375863,3.6017006751679546,10925,6295,0.03515625,52712,True,0.09873560001142323
number_019_4,number,19,4,1.0,90,sampled,67.67509460449219,66.4731216430664,68.87706756591797,27.015239229641583,27.170891680920743,13.585445840460372,13.507619614820792,-260.2508883436759,110.47172514511574,0.9483178739292243,-261.298828125,112.552734375,7.598536671965454,6578,3821,0.03515625,47772,True,0.06022169999778271
number_019_5,number,19,5,1.0,90,sampled,57.875925064086914,56.90090560913086,58.85094451904297,21.656663766846773,21.801212396068173,10.900606198034087,10.828331883423386,-259.75220178515184,111.72743005824704,0.7223879379172026,-260.455078125,115.1015625,6.250568211106797,5377,3119,0.03515625,46304,True,0.055071800015866756
number_019_6,number,19,6,1.0,90,sampled,13.231435775756836,12.755435943603516,13.707435607910156,10.619544569692044,10.745684800015729,5.3728424000078645,5.309772284846022,-258.2028850288268,118.88027756791865,0.7463021249909485,-257.34375,120.076171875,1.2279308704543996,2502,1478,0.03515625,43088,True,0.034221400041133165
number_020_2,number,20,2,1.0,90,sampled,1212.7313919067383,1209.4264297485352,1216.0363540649414,49.32192589779497,49.4093547040982,24.713890230236107,24.670186777368954,197.26181081147476,-134.93201293770352,0.26857099627394765,197.29603767426028,-134.82790812723542,7.79103877333146,18655,10693,0.03515625,61380,True,0.16052809997927397
number_020_3,number,20,3,1.0,90,sampled,455.76729011535645,453.40552139282227,458.1290588378906,41.404884448296166,41.51435125921677,20.757673813902468,20.703063488173427,205.76233394477015,-141.246097639274,0.428033517843319,200.1830555616865,-139.95528484764404,9.76308209220683,13559,7748,0.03515625,55536,True,0.12630710005760193
number_020_4,number,20,4,1.0,90,sampled,167.65916061401367,165.78142547607422,169.53689575195312,39.08783748567629,39.323566086145405,19.661783043072703,19.543918742838144,198.45769205499826,-145.2233969963711,0.8710698808249094,199.4765625,-140.818359375,14.830141465557041,10588,6090,0.03515625,52336,True,0.09404480003286153
number_020_5,number,20,5,1.0,90,sampled,165.9320583343506,164.18178176879883,167.68233489990234,36.09196170488702,36.17593499420683,18.087967497103413,18.04598085244351,198.45124742342134,-145.25983535097694,0.7552124234801653,198.791015625,-141.486328125,14.866173726266648,10015,5736,0.03515625,51560,True,0.09651639999356121
number_020_6,number,20,6,1.0,90,sampled,143.2393341064453,141.65792083740234,144.82074737548828,32.20300985923739,32.29987045592794,16.14993522796397,16.101504929618695,199.51488361564083,-143.75367116132426,0.7054161044333747,201.568359375,-140.73046875,13.068656217869144,9060,5193,0.03515625,50448,True,0.0888717999914661
number_021_2,number,21,2,1.0,90,sampled,1231.691665649414,1229.2092361450195,1234.1740951538086,49.778096761892456,49.87751385082714,24.93875692541357,24.889048380946228,197.39002685606405,-158.91212126417525,0.20064821077565964,197.173828125,-158.712890625,13.452748914498923,14100,8087,0.03515625,56352,True,0.1313019999070093
number_021_3,number,21,3,1.0,90,sampled,1111.607614517212,1109.1061820983887,1114.1090469360352,49.778096761892456,49.87751385082714,24.93875692541357,24.889048380946228,198.52062194060107,-157.9542348918313,0.22397310292001874,197.173828125,-158.712890625,12.086905818443151,14032,8042,0.03515625,56264,True,0.12943299999460578
number_021_4,number,21,4,1.0,90,sampled,925.2806396484375,922.7969741821289,927.7643051147461,49.778096761892456,49.87751385082714,24.93875692541357,24.889048380946228,199.98739798983297,-155.90857802292575,0.2670485553576165,197.173828125,-158.712890625,10.228918536544148,13975,8005,0.03515625,56136,True,0.12789979996159673
number_021_5,number,21,5,1.0,90,sampled,477.7346591949463,475.7344093322754,479.7349090576172,34.14960573563645,34.23253080274861,17.406103603163057,17.36333203470987,206.5064574205123,-161.99239289487775,0.28546438353457987,208.45917285376694,-159.92602428841,8.236442941540709,11277,6473,0.03515625,52952,True,0.10311749996617436
number_021_6,number,21,6,1.0,90,sampled,392.9017868041992,391.0836868286133,394.71988677978516,30.924493448461615,31.016998798683588,15.51393486874253,15.467341130382444,205.99369991336687,-159.66451826651067,0.28573176395389915,205.3929941645821,-156.9318699308503,6.542671365195873,10274,5893,0.03515625,51792,True,0.09592600003816187
number_022_2,number,22,2,1.0,90,sampled,1188.7426071166992,1185.7824783325195,1191.702735900879,49.33678369226815,49.432887965378434,24.71688254752166,24.668985588464086,-142.17480279422784,-77.35066104951005,0.24557754235720297,-142.37919544676348,-77.70860274541697,19.9957825153093,16666,9550,0.03515625,59184,True,0.14283839997369796
number_022_3,number,22,3,1.0,90,sampled,338.05103302001953,335.91405487060547,340.1880111694336,38.98022047392499,39.10451353905297,19.55989883236818,19.49752901135798,-150.8870970076912,-68.69416456516917,0.49129004099325563,-144.79357680762703,-69.92862673310388,17.893436152888572,11810,6802,0.03515625,53796,True,0.10362409998197109
number_022_4,number,22,4,1.0,90,sampled,160.29962539672852,158.3551483154297,162.24410247802734,38.98022047392499,39.10451353905297,19.552256769526483,19.490110236962494,-145.27234606528003,-67.50440938285378,0.9373262780054024,-144.404296875,-70.3125,12.858136170243318,10710,6182,0.03515625,52536,True,0.10018619999755174
number_022_5,number,22,5,1.0,90,sampled,155.7699794769287,153.96223068237305,157.57772827148438,35.40058938521788,35.50022350831928,17.75011175415964,17.70029469260894,-145.61828781953992,-67.78400191598514,0.8145248311113541,-145.6875,-71.578125,13.299416298995597,9972,5749,0.03515625,51684,True,0.09164699993561953
number_022_6,number,22,6,1.0,90,sampled,154.243257522583,152.50132369995117,155.98519134521484,33.85936564897339,33.95900858264292,16.97950429132146,16.929682824486694,-145.502262180071,-67.6373501409187,0.7584610452185107,-145.142578125,-71.033203125,13.113326364148257,9600,5535,0.03515625,51252,True,0.09290019993204623
number_023_2,number,23,2,1.0,90,sampled,1227.8692989349365,1224.4758110046387,1231.2627868652344,49.598236400260376,49.69523404946842,24.84761702473421,24.799118200130188,-7.2145694291836975,50.84194701195952,0.273930437497509,-7.294921875,51.1171875,14.155703230195213,19014,10910,0.03515625,61944,True,0.16314810002222657
number_023_3,number,23,3,1.0,90,sampled,284.5349636077881,282.6654167175293,286.4045104980469,36.163001113515634,36.272323574862575,18.136161787431288,18.081500556757817,6.20216903939974,50.522796348469285,0.473545682810099,0.84375,47.8125,0.7574462295851729,10387,5983,0.03515625,52104,True,0.09280810004565865
number_023_4,number,23,4,1.0,90,sampled,166.10787391662598,164.70088577270508,167.51486206054688,25.504666069819613,25.649514284052486,12.824757142026243,12.752333034909807,8.561339903205313,54.27128392126062,0.43086997835389274,4.46484375,53.3671875,4.2759852325157155,7791,4494,0.03515625,49116,True,0.06538809998892248
number_023_5,number,23,5,1.0,90,sampled,166.10787391662598,164.70088577270508,167.51486206054688,25.504666069819613,25.649514284052486,12.824757142026243,12.752333034909807,8.561339903205313,54.27128392126062,0.43086997835389274,4.46484375,53.3671875,4.2759852325157155,7791,4494,0.03515625,49116,True,0.07427420001477003
number_023_6,number,23,6,1.0,90,sampled,153.35769081115723,152.11323165893555,154.6021499633789,22.03971641676556,22.13115955540065,11.065579777700325,11.01985820838278,8.639262131829803,55.07868427524954,0.35628643022778683,5.958984375,55.65234375,5.0576272159566935,6930,3993,0.03515625,48088,True,0.06736590003129095
number_024_2,number,24,2,1.0,90,sampled,1191.8782424926758,1188.9230575561523,1194.8334274291992,49.32556559436104,49.44566275897036,24.723759360855446,24.663847154811076,120.37053403347797,-40.4740195669505,0.2445881985008084,120.66425504954239,-40.30854640207281,18.111407343609194,16595,9513,0.03515625,59096,True,0.14762390009127557
number_024_3,number,24,3,1.0,90,sampled,815.9834461212158,813.3831367492676,818.5837554931641,47.83634085066964,47.93241081428856,23.97371772410519,23.925685910000322,121.64048757433362,-45.72296039833019,0.3045237490337876,120.39437811472152,-41.353371161780956,16.040494555242873,14617,8383,0.03515625,56820,True,0.12864060001447797
number_024_4,number,24,4,1.0,90,sampled,762.8386287689209,760.3294715881348,765.347785949707,47.83634085066964,47.93241081428856,23.96620540714428,23.91817042533482,121.0110311607275,-44.91119093940127,0.31428836666149645,120.09375,-40.833984375,15.888837596442906,14109,8091,0.03515625,56244,True,0.13237070001196116
number_024_5,number,24,5,1.0,90,sampled,411.89187812805176,410.05353927612305,413.73021697998047,30.24403120691783,30.346523924203026,15.373521642066095,15.325464150428889,113.43580946495346,-48.12535907358524,0.26967908874563046,114.44211578567256,-49.90379722254989,7.829876136954896,10277,5903,0.03515625,51880,True,0.09334980009589344
number_024_6,number,24,6,1.0,90,sampled,411.2797679901123,409.4652214050293,413.0943145751953,29.828788482176964,29.926085396493193,15.114672747882642,15.070166295387939,113.4146748826425,-48.11473935781213,0.26290497905763155,114.16348168217084,-49.82979683733805,7.820422121875099,10169,5839,0.03515625,51736,True,0.09141979995183647
number_025_2,number,25,2,1.0,90,sampled,1223.1004943847656,1219.6985092163086,1226.5024795532227,49.40203735227591,49.5122457442368,24.7561228721184,24.701018676137956,122.27953751460072,-56.12153087940873,0.2746670772981248,122.23828125,-56.408203125,17.182973171056076,19177,10998,0.03515625,62076,True,0.1575959000037983
number_025_3,number,25,3,1.0,90,sampled,289.61523056030273,287.5582809448242,291.67218017578125,36.46824257308856,36.61752545115543,18.308762725577715,18.23412128654428,110.17623771189093,-50.63656988539045,0.5164730133064853,116.244140625,-50.185546875,4.872712732615518,11438,6595,0.03515625,53404,True,0.10032540000975132
number_025_4,number,25,4,1.0,90,sampled,75.46829795837402,74.52386856079102,76.41272735595703,17.251225966964817,17.395950530184685,8.697975265092342,8.625612983482409,103.6753969657628,-52.65027340591766,0.4300133668328049,106.505859375,-53.2265625,1.9370278570760067,5232,3030,0.03515625,46164,True,0.05047040001954883
number_025_5,number,25,5,1.0,90,sampled,75.4610366821289,74.52046966552734,76.40160369873047,17.188817864958793,17.30580466907392,8.65290233453696,8.594408932479396,103.67534420331639,-52.649865176115064,0.42609757595312675,106.470703125,-53.173828125,1.9369800934140322,5228,3025,0.03515625,46128,True,0.05440899997483939
number_025_6,number,25,6,1.0,90,sampled,75.4610366821289,74.52046966552734,76.40160369873047,17.188817864958793,17.30580466907392,8.65290233453696,8.594408932479396,103.67534420331639,-52.649865176115064,0.42609757595312675,106.470703125,-53.173828125,1.9369800934140322,5228,3025,0.03515625,46124,True,0.050631499965675175
number_026_2,number,26,2,1.0,90,sampled,1228.312391281128,1224.9213752746582,1231.7034072875977,49.58674719248428,49.71727715497982,24.85863857748991,24.79337359624214,-230.7094611884546,132.8162678604807,0.2737543496804871,-230.994140625,132.873046875,5.315081961135589,19439,11123,0.03515625,62100,True,0.16396789997816086
number_026_3,number,26,3,1.0,90,sampled,1130.0575904846191,1126.981590270996,1133.1335906982422,49.58674719248428,49.71727715497982,24.85863857748991,24.79337359624214,-230.72882763752494,132.84024647062748,0.2699246697915605,-230.994140625,132.873046875,5.345808559352129,17510,10032,0.03515625,60160,True,0.14662430004682392
number_026_4,number,26,4,1.0,90,sampled,1098.6222896575928,1095.6601524353027,1101.5844268798828,49.58674719248428,49.71727715497982,24.85863857748991,24.79337359624214,-230.71333540532152,133.33089660678354,0.26737741322070135,-230.994140625,132.873046875,5.749141338397037,16991,9725,0.03515625,59468,True,0.13621869997587055
number_026_5,number,26,5,1.0,90,sampled,988.0166759490967,985.4605522155762,990.5727996826172,37.829440069206775,37.92681603606859,19.24500137758278,19.207380001006523,-230.8515539882385,133.40336803660378,0.19573651656440152,-230.9010558664286,133.48059667264482,5.8837282029562985,14599,8360,0.03515625,56756,True,0.11552520003169775
number_026_6,number,26,6,1.0,90,sampled,727.620512008667,725.251636505127,729.989387512207,36.554698874791185,36.654618404984646,18.3351940512188,18.285200817057056,-227.88263464914056,130.6436137851408,0.2378944930339114,-230.28231519260677,132.48760290200096,2.2203564435431398,13472,7719,0.03515625,55536,True,0.10379059996921569
number_027_2,number,27,2,1.0,90,sampled,1224.2035903930664,1221.6513290405273,1226.7558517456055,49.490860528777496,49.59025529688425,24.795127648442126,24.745430264388748,-131.01958840987245,-228.31861374404005,0.20634471297069418,-131.23828125,-228.515625,22.201767826112274,14361,8232,0.03515625,56568,True,0.11787800001911819
number_027_3,number,27,3,1.0,90,sampled,544.4211387634277,542.2665481567383,546.5757293701172,43.66109732912024,43.73455869384654,21.86727934692327,21.83054866456012,-127.50221824714902,-237.11475925231036,0.34480151344466975,-131.37890625,-232.962890625,14.343844934147057,12208,7000,0.03515625,54036,True,0.09095540002454072
number_027_4,number,27,4,1.0,90,sampled,53.127668380737305,52.39829635620117,53.85704040527344,14.450929415159223,14.600005873587484,7.300002936793742,7.2254647075796115,-117.55813716201224,-242.91522877289125,0.3954482371153558,-119.232421875,-241.171875,3.084951406177984,4047,2348,0.03515625,44708,True,0.046631100005470216
number_027_5,number,27,5,1.0,90,sampled,53.127668380737305,52.39829635620117,53.85704040527344,14.450929415159223,14.600005873587484,7.300002936793742,7.2254647075796115,-117.55813716201224,-242.91522877289125,0.3954482371153558,-119.232421875,-241.171875,3.084951406177984,4047,2348,0.03515625,44708,True,0.04083910002373159
number_027_6,number,27,6,1.0,90,sampled,47.39450454711914,46.781776428222656,48.007232666015625,12.126842555412745,12.229120638932404,6.114560319466202,6.0634212777063725,-116.99693431797054,-242.64506747506226,0.312166549443939,-117.38671875,-241.20703125,2.562589813335924,3419,1979,0.03515625,43976,True,0.040743299992755055
number_028_2,number,28,2,1.0,90,sampled,1244.4265537261963,1241.5617485046387,1247.291358947754,50.262649765873036,50.35579055779181,25.177895278895907,25.131324882936518,171.63669481061183,-124.73315336208442,0.23131649344115504,171.474609375,-124.98046875,15.278336886601473,16260,9308,0.03515625,58632,True,0.14370290003716946
number_028_3,number,28,3,1.0,90,sampled,843.374834060669,840.6558723449707,846.0937957763672,49.54547873616523,49.64769558355969,24.823847791779844,24.772739368082615,174.94579598844814,-129.18710171197296,0.3190903520110885,171.5625,-125.47265625,15.190346131159517,15333,8791,0.03515625,57620,True,0.1402186999330297
number_028_4,number,28,4,1.0,90,sampled,828.3093852996826,825.6401710510254,830.9785995483398,49.54547873616523,49.64769558355969,24.823847791779844,24.772739368082615,174.6708262900022,-129.04543048655376,0.3189500584892619,171.5625,-125.47265625,15.281243517831046,15099,8656,0.03515625,57388,True,0.13950030005071312
number_028_5,number,28,5,1.0,90,sampled,141.39898681640625,140.12532806396484,142.67264556884766,21.112608757213216,21.22939782832571,10.952693331526515,10.888675970060127,183.32995804606153,-115.51405282770418,0.3790356342703376,185.19247988084598,-116.11915012388602,3.4438164872239136,7053,4069,0.03515625,48252,True,0.05614339991007
number_028_6,number,28,6,1.0,90,sampled,141.39898681640625,140.12532806396484,142.67264556884766,21.112608757213216,21.22939782832571,10.952693331526515,10.888675970060127,183.32995804606153,-115.51405282770418,0.3790356342703376,185.19247988084598,-116.11915012388602,3.4438164872239136,7053,4069,0.03515625,48252,True,0.06590980000328273
number_029_2,number,29,2,1.0,90,sampled,1195.7384605407715,1192.4313354492188,1199.0455856323242,49.30679415918609,49.439363273298135,24.72141533732616,24.65550135792835,-136.4816949995441,-232.3929100482469,0.27272050495943584,-136.55794335252315,-232.64521994749032,17.23496537390245,18570,10652,0.03515625,61452,True,0.14251349994447082
number_029_3,number,29,3,1.0,90,sampled,563.5706691741943,561.0065116882324,566.1348266601562,43.192325482553265,43.30326764681392,21.657270869252635,21.600980490454326,-143.789379548486,-227.2402468137792,0.3922613224776721,-138.93816979383914,-228.59316779144052,12.302807957737492,14295,8207,0.03515625,56608,True,0.11469939991366118
number_029_4,number,29,4,1.0,90,sampled,563.5706691741943,561.0065116882324,566.1348266601562,43.192325482553265,43.30326764681392,21.657270869252635,21.600980490454326,-143.789379548486,-227.2402468137792,0.3922613224776721,-138.93816979383914,-228.59316779144052,12.302807957737492,14295,8207,0.03515625,56608,True,0.1191308000124991
number_029_5,number,29,5,1.0,90,sampled,79.34041213989258,78.45515441894531,80.22566986083984,15.220687210268531,15.319131715237292,7.660143866111045,7.610780659727169,-133.3678624491942,-214.45143411934637,0.33808080761795145,-134.94199686436843,-214.83444235031294,6.745989507463686,4912,2834,0.03515625,45776,True,0.05144900002051145
number_029_6,number,29,6,1.0,90,sampled,79.34041213989258,78.45515441894531,80.22566986083984,15.220687210268531,15.319131715237292,7.660143866111045,7.610780659727169,-133.3678624491942,-214.45143411934637,0.33808080761795145,-134.94199686436843,-214.83444235031294,6.745989507463686,4912,2834,0.03515625,45776,True,0.05174829997122288
error_000_0.2,error,0,3,0.2,90,sampled,39.4885196685791,38.93434524536133,40.042694091796875,9.874150879484286,9.95263440706153,4.976317203530765,4.937075439742143,-15.753168680062299,166.13165003372882,0.27548073660511224,-16.453125,165.97265625,1.7479521115577252,3085,1784,0.03515625,43636,True,0.03141040005721152
error_000_0.5,error,0,3,0.5,90,sampled,276.68645095825195,275.2616958618164,278.1112060546875,24.70152529435532,24.803101880914795,12.401550940457398,12.35076264717766,-15.709456983533556,166.17131920120937,0.2541310457320771,-16.400390625,165.90234375,1.725810303042498,7962,4576,0.03515625,49236,True,0.07197920000180602
error_000_1.0,error,0,3,1.0,90,sampled,1123.0351638793945,1120.1899795532227,1125.8803482055664,49.46765467093198,49.56001389029911,24.780006945149555,24.73382733546599,-15.62157009831213,166.07369660941927,0.25048376579319054,-16.294921875,165.603515625,1.8491195080521297,16095,9219,0.03515625,58488,True,0.14823880000039935
error_000_1.5,error,0,3,1.5,90,sampled,2533.8413486480713,2529.555805206299,2538.1268920898438,74.25687445981696,74.34922679917233,37.174613399586164,37.12843722990848,-15.482014358515883,165.8966055403106,0.25107242849288375,-16.083984375,165.111328125,2.067089634317647,24114,13812,0.03515625,67724,True,0.21327580010984093
error_000_2.0,error,0,3,2.0,90,sampled,4510.791938781738,4505.074996948242,4516.508880615234,99.08305239069459,99.1846228833074,49.5923114416537,49.541526195347295,-15.286921392087173,165.64641371263562,0.2510933709152248,-15.78515625,164.390625,2.3765108340459706,32327,18501,0.03515625,76996,True,0.2954226000001654
error_001_0.2,error,1,3,0.2,90,sampled,29.600360870361328,29.083419799804688,30.11730194091797,9.274389332206814,9.372751195130505,4.686422801634727,4.637194666103407,-169.72381188976775,110.63667865993264,0.32175259565924563,-170.42495539652435,109.93289955672195,2.4999506252922647,2839,1645,0.03515625,43360,True,0.033710399991832674
error_001_0.5,error,1,3,0.5,90,sampled,263.2932586669922,261.89662170410156,264.6898956298828,24.685909171697542,24.758837422576573,12.379418711288286,12.342954585848771,-169.99607783858062,110.80653737935987,0.26128014762544793,-170.912109375,109.880859375,2.5714109621807983,7874,4523,0.03515625,49088,True,0.07389940007124096
error_001_1.0,error,1,3,1.0,90,sampled,1109.5064792633057,1106.7071800231934,1112.305778503418,49.396126392170366,49.49856426584394,24.74928213292197,24.698063196085183,-170.1351614983779,110.91010132160226,0.2491424498800286,-171.17578125,110.056640625,2.6120005739781447,15822,9063,0.03515625,58168,True,0.14398929988965392
error_001_1.5,error,1,3,1.5,90,sampled,2520.190149307251,2515.9818534851074,2524.3984451293945,74.16016571470837,74.27651226772971,37.13825613386486,37.080082857354185,-170.35138440952488,110.99043428627166,0.2476451662080306,-171.650390625,110.337890625,2.7401923573730698,23728,13589,0.03515625,67224,True,0.21808090002741665
error_001_2.0,error,1,3,2.0,90,sampled,4496.921047210693,4491.308235168457,4502.53385925293,98.97282071259326,99.06485427321262,49.53242713660631,49.48641035629663,-170.6532196611833,111.09136938494913,0.24698644114997634,-172.283203125,110.7421875,2.9455342649318914,31737,18162,0.03515625,76320,True,0.28861950000282377
error_002_0.2,error,2,3,0.2,90,sampled,24.174179077148438,23.698951721191406,24.64940643310547,8.803464762313135,8.924149365319433,4.462074682659717,4.401732381156568,-267.21275150896207,-64.89429633412051,0.34410564153386536,-266.203125,-64.546875,3.0715178183901233,2575,1501,0.03515625,43072,True,0.030764700029976666
error_002_0.5,error,2,3,0.5,90,sampled,253.70420265197754,252.28485488891602,255.12355041503906,24.77087770227598,24.88618041620706,12.44309020810353,12.38543885113799,-266.9935277552769,-65.22256168449572,0.276902265176432,-265.4296875,-64.951171875,3.3780669288688276,7910,4549,0.03515625,49204,True,0.07559210003819317
error_002_1.0,error,2,3,1.0,90,sampled,1100.5806713104248,1097.721118927002,1103.4402236938477,49.58786258473596,49.680097841912826,24.840048920956413,24.79393129236798,-266.9561830052569,-65.43906007495292,0.2574907804556126,-265.2890625,-65.25,3.5925189158887374,16159,9259,0.03515625,58476,True,0.15058850008063018
error_002_1.5,error,2,3,1.5,90,sampled,2512.351369857788,2508.0766410827637,2516.6260986328125,74.40484979266108,74.5387203287464,37.2693601643732,37.20242489633054,-266.82634882007096,-65.63890262350756,0.253222211130919,-265.078125,-65.759765625,3.789334554272142,24134,13816,0.03515625,67748,True,0.2260510999476537
error_002_2.0,error,2,3,2.0,90,sampled,4490.724088668823,4485.005138397217,4496.44303894043,99.30959565973521,99.41111496428547,49.70555748214274,49.654797829867604,-266.6353760380643,-65.90006841810387,0.252878650080563,-264.779296875,-66.4453125,4.054114604335345,32283,18483,0.03515625,77008,True,0.28662999998778105
error_003_0.2,error,3,3,0.2,90,sampled,40.81841468811035,40.217891693115234,41.41893768310547,9.832349005964835,9.912379345153543,4.9562004330461775,4.9161765820653,276.612353238395,39.96213855505574,0.2874343025126585,276.9221549425228,40.50790797172742,0.3902169977472475,3333,1928,0.03515625,43920,True,0.037212900002487004
error_003_0.5,error,3,3,0.5,90,sampled,277.7042655944824,276.1905212402344,279.21800994873047,24.614723191178086,24.705040063043846,12.352520031521923,12.307361595589043,276.5957254280614,39.918141692138235,0.2678703635469018,276.837890625,40.53515625,0.3957417161957327,8522,4896,0.03515625,49828,True,0.08109530003275722
error_003_1.0,error,3,3,1.0,90,sampled,1122.4436016082764,1119.416576385498,1125.4706268310547,49.307577489428304,49.397884116631914,24.698942058315957,24.653788744714152,276.4647899498507,39.924039974443076,0.26571753648328883,276.5390625,40.658203125,0.2870902507375893,17083,9791,0.03515625,59636,True,0.14425539993681014
error_003_1.5,error,3,3,1.5,90,sampled,2530.4897289276123,2525.9492683410645,2535.03018951416,74.03341992387627,74.10292051173921,37.05146025586961,37.01670996193813,276.24174452332886,39.94398505988492,0.2654496118613272,276.029296875,40.833984375,0.1776233351099767,25606,14669,0.03515625,69460,True,0.1795084000332281
error_003_2.0,error,3,3,2.0,90,sampled,4503.548120498657,4497.47537612915,4509.620864868164,98.79399488631961,98.89470621873964,49.44735310936982,49.396997443159805,275.9292647259771,39.97329574149555,0.26634712245657527,275.326171875,41.09765625,0.35854485746231607,34240,19605,0.03515625,79312,True,0.2639408999821171
error_004_0.2,error,4,3,0.2,90,sampled,5.918249130249023,5.646183013916016,6.190315246582031,5.05523159866225,5.228952998726478,2.614476499363239,2.527616463919102,-267.2127549868659,129.6894579348629,0.4596279440330103,-267.486328125,128.865234375,0.6585327183604067,1406,834,0.03515625,41776,True,0.02104319992940873
error_004_0.5,error,4,3,0.5,90,sampled,208.04900550842285,206.6982536315918,209.3997573852539,24.29458405221253,24.445756302898527,12.222878151449263,12.147292026106266,-267.214686789812,128.87798815304595,0.315379077979964,-269.068359375,127.177734375,1.1029867146813164,7531,4334,0.03515625,48788,True,0.0673157999990508
error_004_1.0,error,4,3,1.0,90,sampled,1043.0622482299805,1040.2733001708984,1045.8511962890625,49.343753788122285,49.46549339925202,24.73274669962601,24.671876894061143,-267.4394748277812,129.0798384302254,0.26381705599588784,-269.033203125,126.94921875,0.8096831983857936,15522,8918,0.03515625,58064,True,0.12192980002146214
error_004_1.5,error,4,3,1.5,90,sampled,2451.747058868408,2447.5518951416016,2455.942222595215,74.08616457128679,74.18356125104602,37.09178062552301,37.04308228564339,-267.24051928366634,129.11468500240622,0.2534360803951376,-268.59375,126.650390625,0.9046625506030266,23616,13527,0.03515625,67144,True,0.1737656999612227
error_004_2.0,error,4,3,2.0,90,sampled,4425.785259246826,4420.20149230957,4431.369026184082,98.86295682189251,98.97968569323525,49.48984284661763,49.431478410946255,-266.94631177971405,129.04849146710484,0.24943961704303574,-267.943359375,126.228515625,1.1679950828630004,31623,18095,0.03515625,76208,True,0.24753309995867312
error_005_0.2,error,5,3,0.2,90,sampled,3.7109756469726562,3.5119857788085938,3.9099655151367188,3.9689210869865583,4.066743952115785,2.033410609376868,1.9844605434932792,179.0016611701016,8.090795223968414,0.4139375857693323,179.2865809610445,8.694020226883561,0.46345305204639065,1006,602,0.03515625,41320,True,0.012230499996803701
error_005_0.5,error,5,3,0.5,90,sampled,197.89032554626465,196.64679336547852,199.13385772705078,23.788340891149083,23.913616167531163,11.95680889319753,11.894170445574542,179.0411235196911,9.110112042546396,0.2986669530005591,181.08687493743372,10.526049938380662,1.4572689222483297,6940,3990,0.03515625,48028,True,0.05325610004365444
error_005_1.0,error,5,3,1.0,90,sampled,1029.2429580688477,1026.6529998779297,1031.8329162597656,49.358936796933065,49.454048328909984,24.727024164454992,24.679468398466533,179.54953407073563,8.703540557910301,0.2482648411872687,181.951171875,10.37109375,1.2734999986820246,14610,8377,0.03515625,56796,True,0.13555719994474202
error_005_1.5,error,5,3,1.5,90,sampled,2437.725534439087,2433.8324089050293,2441.6186599731445,74.09934278188983,74.19845456470127,37.09922728235063,37.049671390944916,179.7570275492224,8.47195255277401,0.23661671889141744,182.35546875,10.037109375,1.2454959394801872,22049,12628,0.03515625,65216,True,0.1665924999397248
error_005_2.0,error,5,3,2.0,90,sampled,4411.469730377197,4406.274055480957,4416.6654052734375,98.88930704073657,98.98841998258894,49.49420999129447,49.444653520368284,180.04352960013023,8.292452458628418,0.2328959074454413,182.935546875,9.52734375,1.387771860514329,29306,16782,0.03515625,73640,True,0.23146150005050004
error_006_0.2,error,6,3,0.2,90,sampled,34.675838470458984,34.100189208984375,35.251487731933594,9.806829478427026,9.882908997799639,4.9414544988998195,4.903414739213513,-124.3827641320168,213.58656246106491,0.32277158394370437,-123.416015625,213.3984375,2.4207706909881024,3149,1829,0.03515625,43744,True,0.026980499969795346
error_006_0.5,error,6,3,0.5,90,sampled,271.17931365966797,269.65846252441406,272.7001647949219,24.727930112504882,24.820262703561944,12.410131351780972,12.363965056252441,-124.39895915662083,213.37911487236423,0.2768456318198404,-123.345703125,213.275390625,2.619865641327196,8509,4896,0.03515625,49904,True,0.07026539999060333
error_006_1.0,error,6,3,1.0,90,sampled,1118.4404754638672,1115.3864135742188,1121.4945373535156,49.525886009336226,49.63410124448368,24.81705062224184,24.762943004668113,-124.37265801127619,213.2293406826871,0.2703278740803124,-123.328125,212.94140625,2.7718607244020776,17277,9909,0.03515625,59808,True,0.1542767999926582
error_006_1.5,error,6,3,1.5,90,sampled,2530.6187324523926,2526.0398025512695,2535.1976623535156,74.37794706772812,74.45434748635664,37.22717374317832,37.18897353386406,-124.30003597946718,213.01099854498443,0.26895041995060415,-123.275390625,212.396484375,3.0004961186574355,25869,14814,0.03515625,69728,True,0.216486299992539
error_006_2.0,error,6,3,2.0,90,sampled,4509.653926849365,4503.526336669922,4515.781517028809,99.2491043396324,99.34141692823577,49.67070846411789,49.6245521698162,-124.19263126501804,212.709051993877,0.26959829145231096,-123.205078125,211.640625,3.318560637821208,34464,19735,0.03515625,79644,True,0.269959699944593
error_007_0.2,error,7,3,0.2,90,sampled,4.441583633422852,4.210613250732422,4.672554016113281,4.359941999417108,4.529702389269251,2.2648511946346255,2.179970999708554,56.864878349279,-76.40788264452007,0.4478180843775645,57.568359375,-76.67578125,0.21790074547516292,1152,691,0.03515625,41480,True,0.014954700018279254
error_007_0.5,error,7,3,0.5,90,sampled,201.2875213623047,199.99285125732422,202.58219146728516,23.94976795060226,24.048545377840195,12.024272688920098,11.97488397530113,57.80020290114288,-76.41715279586992,0.30738074796652487,59.326171875,-78.36328125,1.0006375710515634,7208,4150,0.03515625,48400,True,0.06270929996389896
error_007_1.0,error,7,3,1.0,90,sampled,1034.5041389465332,1031.8088150024414,1037.199462890625,49.3811175069515,49.472239252585275,24.736119626292638,24.69055875347575,57.431041130281436,-76.92083929845491,0.2571225994539346,59.203125,-79.154296875,0.946692740834578,15263,8747,0.03515625,57500,True,0.1255112000508234
error_007_1.5,error,7,3,1.5,90,sampled,2443.299722671509,2439.244068145752,2447.3553771972656,74.1522988907703,74.2506741579835,37.12533707899175,37.07614944538515,57.2245255208107,-77.14256976842925,0.24609019637694354,58.88671875,-79.576171875,1.029621088911237,22820,13073,0.03515625,66256,True,0.19362909998744726
error_007_2.0,error,7,3,2.0,90,sampled,4417.420269012451,4412.010154724121,4422.830383300781,98.93074318133435,99.02911573031994,49.51455786515997,49.465371590667175,57.067069619601654,-77.43993283030613,0.24226967237819202,58.4296875,-80.208984375,1.2695635740764688,30688,17558,0.03515625,75052,True,0.24210149992723018
error_008_0.2,error,8,3,0.2,90,sampled,15.210365295410156,14.758003234863281,15.662727355957031,8.093958318084102,8.220400336325058,4.110200168162529,4.046979159042051,-26.854975990981323,97.1035128442852,0.4748339353868568,-28.142578125,97.330078125,1.6382216791227278,2418,1418,0.03515625,42932,True,0.021707499981857836
error_008_0.5,error,8,3,0.5,90,sampled,234.79769325256348,233.32519912719727,236.2701873779297,24.67843546503613,24.77081533249013,12.385407666245065,12.339217732518065,-27.03801941903185,97.39444979057993,0.3087556704670405,-28.705078125,98.560546875,1.5786780902809487,8227,4732,0.03515625,49556,True,0.060540699982084334
error_008_1.0,error,8,3,1.0,90,sampled,1077.7563171386719,1074.7646713256836,1080.7479629516602,49.39384938919936,49.52772023232175,24.763860116160874,24.69692469459968,-26.896611385315353,97.39836514648098,0.27419787395242623,-28.845703125,98.26171875,1.4642408927548327,16790,9632,0.03515625,59380,True,0.1232064999639988
error_008_1.5,error,8,3,1.5,90,sampled,2487.3602199554443,2482.867961883545,2491.8524780273438,74.17385566530712,74.26624467183089,37.133122335915445,37.08692783265356,-26.88572599174861,97.18988110906032,0.26777117830089153,-29.0390625,97.76953125,1.5964527234813612,25379,14538,0.03515625,69072,True,0.20744499994907528
error_008_2.0,error,8,3,2.0,90,sampled,4462.604564666748,4456.609222412109,4468.599906921387,98.9769572404365,99.0554404646435,49.52772023232175,49.48847862021825,-26.91860148172804,96.88207435056195,0.2657974668305743,-29.35546875,97.06640625,1.848326188552038,33879,19390,0.03515625,78792,True,0.2611515000462532
error_009_0.2,error,9,3,0.2,90,sampled,45.283945083618164,44.69145584106445,45.876434326171875,9.840265147660887,9.906330096285027,4.953165048142513,4.920132573830443,26.06692071141893,225.09454344648154,0.25587838730031975,26.05078125,225.24609375,0.2764784662631402,3294,1905,0.03515625,43892,True,0.028801399981603026
error_009_0.5,error,9,3,0.5,90,sampled,282.3196563720703,280.82167053222656,283.81764221191406,24.648179506623254,24.743257471141572,12.371628735570786,12.324089753311627,26.033063132230403,225.07866805813288,0.26118918496055515,25.962890625,225.228515625,0.29256612399683113,8383,4818,0.03515625,49748,True,0.06335099996067584
error_009_1.0,error,9,3,1.0,90,sampled,1127.5111999511719,1124.5127563476562,1130.5096435546875,49.36580987702372,49.44626266812997,24.723131334064984,24.68290493851186,25.909916485416748,225.02421649983225,0.2622920217625471,25.646484375,225.193359375,0.3744154668729834,16952,9711,0.03515625,59464,True,0.12169729999732226
error_009_1.5,error,9,3,1.5,90,sampled,2536.280828475952,2531.7842445373535,2540.777412414551,74.06882080919375,74.17848784574967,37.089243922874836,37.034410404596876,25.704224703905417,224.933393480608,0.26255727511348814,25.1015625,225.10546875,0.5586808186826483,25429,14565,0.03515625,69196,True,0.1804938999703154
error_009_2.0,error,9,3,2.0,90,sampled,4510.395503997803,4504.379768371582,4516.411239624023,98.86139096284207,98.95645085414803,49.478225427074015,49.43069548142103,25.415952898353986,224.80622121934343,0.2636145449399833,24.36328125,224.982421875,0.8503643421056529,34001,19462,0.03515625,78928,True,0.2683782000094652
error_010_0.2,error,10,3,0.2,90,sampled,41.000410079956055,40.4051399230957,41.595680236816406,9.859212883101591,9.953876173577118,4.976938086788559,4.929606441550796,191.09774447780848,137.51360690276928,0.28489715266006505,190.4765625,137.56640625,3.1321012759683926,3265,1894,0.03515625,43892,True,0.028908599982969463
error_010_0.5,error,10,3,0.5,90,sampled,278.29227447509766,276.7905807495117,279.7939682006836,24.725043458967903,24.80479607505765,12.402398037528824,12.362521729483952,191.11496332191766,137.5880535856444,0.266261684409405,190.458984375,137.63671875,3.2011446398327426,8425,4840,0.03515625,49760,True,0.06236700003501028
error_010_1.0,error,10,3,1.0,90,sampled,1124.4560565948486,1121.4392280578613,1127.472885131836,49.514642110442395,49.62405248549344,24.81202624274672,24.757321055221198,191.06693429196636,137.71919696933037,0.2655624975702845,190.40625,137.970703125,3.276866597955516,17001,9745,0.03515625,59516,True,0.13895980000961572
error_010_1.5,error,10,3,1.5,90,sampled,2534.846031188965,2530.321174621582,2539.3708877563477,74.32918002695176,74.42372199855477,37.211860999277384,37.16459001347588,190.98098945770423,137.92988455588417,0.2652284224237708,190.3359375,138.498046875,3.4022295046976616,25514,14617,0.03515625,69296,True,0.20107260008808225
error_010_2.0,error,10,3,2.0,90,sampled,4511.193780899048,4505.154407501221,4517.233154296875,99.16847182054715,99.24810497098689,49.62405248549344,49.58423591027358,190.85956041164337,138.22461745180416,0.2653820799027731,190.23046875,139.25390625,3.593899182144276,34188,19563,0.03515625,79100,True,0.2726364000700414
error_011_0.2,error,11,3,0.2,90,sampled,3.1399612426757812,2.9817581176757812,3.2981643676757812,3.6738701776899427,3.832192513808593,1.9160962569042965,1.8369350888449714,6.196154266515544,-144.06683998542746,0.3676377303859846,6.732421875,-143.736328125,1.7030136256270147,1098,633,0.03515625,41172,True,0.014148500049486756
error_011_0.5,error,11,3,0.5,90,sampled,195.3335838317871,194.13191986083984,196.53524780273438,23.726275671216552,23.844776776405386,11.922388388202693,11.863137835608276,6.818117941271618,-143.1738112261312,0.2915854480845729,9.31640625,-143.138671875,0.7814702410940719,6312,3801,0.03515625,48476,True,0.058682499919086695
error_011_1.0,error,11,3,1.0,90,sampled,1026.7291660308838,1023.8340797424316,1029.624252319336,49.48251866387071,49.568866335287765,24.784433167643883,24.741259331935353,7.0176737440879755,-143.81494433801737,0.278754399846636,10.01953125,-143.7890625,1.4525497363754518,16382,9386,0.03515625,58764,True,0.12617040006443858
error_011_1.5,error,11,3,1.5,90,sampled,2436.7617931365967,2432.401165008545,2441.1224212646484,74.27927861789335,74.37794706772812,37.18897353386406,37.13963930894668,7.054741840013506,-144.13264262871834,0.2657257704611595,10.142578125,-144.333984375,1.7690295957916862,24554,14071,0.03515625,68212,True,0.1814001000020653
error_011_2.0,error,11,3,2.0,90,sampled,4412.645902633667,4406.818187713623,4418.473617553711,99.10995827229145,99.1962921341768,49.5981460670884,49.554979136145725,7.187852818206316,-144.44768104994438,0.26166851348246295,10.353515625,-145.0546875,2.1077284407537733,33000,18887,0.03515625,77724,True,0.24065849999897182
error_012_0.2,error,12,3,0.2,90,sampled,36.068458557128906,35.47272491455078,36.66419219970703,9.853036913854593,9.940954219831276,4.970477109915638,4.926518456927297,226.16609499058706,1.0148702188060748,0.32304875753568574,226.65234375,1.79296875,2.035394386733363,3251,1886,0.03515625,43872,True,0.027319599990732968
error_012_0.5,error,12,3,0.5,90,sampled,272.6348133087158,271.1048469543457,274.16477966308594,24.67650720694828,24.797993683414315,12.398996841707158,12.33825360347414,226.2380572833679,0.9359015272337867,0.2767685626004201,226.58203125,1.828125,2.029478193050044,8531,4911,0.03515625,49960,True,0.06474729999899864
error_012_1.0,error,12,3,1.0,90,sampled,1119.089973449707,1116.0284957885742,1122.1514511108398,49.418915661502446,49.518436119763216,24.759218059881608,24.709457830751223,226.11260056004565,0.9196496155653371,0.27019451936691047,226.265625,1.916015625,2.13635097763647,17322,9933,0.03515625,59924,True,0.12864440004341304
error_012_1.5,error,12,3,1.5,90,sampled,2529.966453552246,2525.372383117676,2534.5605239868164,74.19493141650844,74.28283520244021,37.141417601220105,37.09746570825422,225.88871198454797,0.9245018947174923,0.26928579828331967,225.755859375,2.091796875,2.3122646556078195,26020,14907,0.03515625,69848,True,0.21506890002638102
error_012_2.0,error,12,3,2.0,90,sampled,4507.014221191406,4500.85604095459,4513.172401428223,99.00454736149443,99.07046844491808,49.53523422245904,49.502273680747216,225.57303325875444,0.9353472709236623,0.27036139839753065,225.017578125,2.3203125,2.5709489125326477,34815,19929,0.03515625,79848,True,0.2799945001024753
error_013_0.2,error,13,3,0.2,90,sampled,43.41903305053711,42.890350341796875,43.947715759277344,9.87549638104195,9.998477056883775,4.999238528441888,4.937748190520975,-281.97101009127715,38.132276744225834,0.2405595759590542,-282.1640625,38.53125,3.8307851189135826,2904,1681,0.03515625,43444,True,0.02557400008663535
error_013_0.5,error,13,3,0.5,90,sampled,281.2324733734131,279.9067497253418,282.5581970214844,24.77481915420444,24.897799217677637,12.448899608838818,12.38740957710222,-281.9307839946702,38.15894422907755,0.23363400216838404,-282.09375,38.583984375,3.8782243039842803,7418,4264,0.03515625,48584,True,0.055162500008009374
error_013_1.0,error,13,3,1.0,90,sampled,1129.3747215270996,1126.7257461547852,1132.023696899414,49.62342359215401,49.69721124143468,24.84860562071734,24.811711796077006,-281.8427871525899,38.26547936112821,0.2325864538204396,-281.84765625,38.77734375,4.015579173864892,14860,8554,0.03515625,57204,True,0.10662900004535913
error_013_1.5,error,13,3,1.5,90,sampled,2543.305727005005,2539.3131065368652,2547.2983474731445,74.47202881939668,74.5950097631697,37.29750488158485,37.23601440969834,-281.69831733429214,38.44368487812755,0.23383956033022016,-281.390625,39.111328125,4.243517947877543,22494,12881,0.03515625,65824,True,0.16389550000894815
error_013_2.0,error,13,3,2.0,90,sampled,4524.626832962036,4519.3098793029785,4529.943786621094,99.41901882444884,99.49280863322014,49.74640431661007,49.70950941222442,-281.4965850729322,38.69356434654277,0.23355638737711654,-280.79296875,39.55078125,4.562786490657216,30044,17194,0.03515625,74448,True,0.24627799994777888
error_014_0.2,error,14,3,0.2,90,sampled,40.74920082092285,40.22159957885742,41.27680206298828,9.84729637568833,9.970314979283895,4.9851574896419475,4.923648187844165,28.977400985410537,-3.8750096177576037,0.25488169160132423,29.267578125,-4.4296875,2.0504786345572965,2922,1688,0.03515625,43424,True,0.03125599992927164
error_014_0.5,error,14,3,0.5,90,sampled,277.7648277282715,276.45316314697266,279.0764923095703,24.68672275526883,24.757040236259375,12.378520118129687,12.343361377634414,28.94917614658801,-3.836679230729252,0.23271707729270327,29.337890625,-4.376953125,2.0134983835381823,7394,4244,0.03515625,48552,True,0.061942500062286854
error_014_1.0,error,14,3,1.0,90,sampled,1123.2006282806396,1120.561695098877,1125.8395614624023,49.422660751440255,49.54219199057956,24.77109599528978,24.711330375720127,29.02690393233278,-3.7294830434481003,0.23225073770080779,29.583984375,-4.18359375,2.066250441548016,14906,8542,0.03515625,57136,True,0.10864510003011674
error_014_1.5,error,14,3,1.5,90,sampled,2532.5290660858154,2528.5590019226074,2536.4991302490234,74.20429695828102,74.30625033266702,37.15312516633351,37.10214847914051,29.166914763036655,-3.552939705985189,0.2326045201672294,30.041015625,-3.8671875,2.1799523259968496,22407,12828,0.03515625,65700,True,0.18236630002502352
error_014_2.0,error,14,3,2.0,90,sampled,4507.451442718506,4502.151947021484,4512.750938415527,99.01757968528092,99.11250224465272,49.55625112232636,49.50878984264046,29.364637957354347,-3.305587551123132,0.23278318982566698,30.638671875,-3.41015625,2.3678687254178827,29941,17140,0.03515625,74284,True,0.2119386000558734
error_015_0.2,error,15,3,0.2,90,sampled,44.348167419433594,43.7431640625,44.95317077636719,9.79077893284372,9.882908997799639,4.9414544988998195,4.89538946642186,-99.09304265993198,-262.1731223853113,0.2660187486966497,-99.404296875,-262.16015625,4.01686308032958,3337,1933,0.03515625,43956,True,0.031592900049872696
error_015_0.5,error,15,3,0.5,90,sampled,280.4340419769287,278.92477798461914,281.9433059692383,24.5084831965626,24.60065972908949,12.300329864544745,12.2542415982813,-99.10264754275937,-262.13485902350124,0.26337841069527546,-99.421875,-262.072265625,3.977921739452344,8552,4903,0.03515625,49892,True,0.07911499997135252
error_015_1.0,error,15,3,1.0,90,sampled,1122.2739658355713,1119.2268562316895,1125.3210754394531,49.07102901893388,49.16319688525672,24.58159844262836,24.53551450946694,-99.14749659672941,-262.01040530949035,0.26624516799011905,-99.439453125,-261.755859375,3.8502850655856253,17195,9854,0.03515625,59744,True,0.13392639998346567
error_015_1.5,error,15,3,1.5,90,sampled,2525.41316986084,2520.844436645508,2529.981903076172,73.66554503931904,73.75768682216413,36.878843411082066,36.83277251965952,-99.22324050301455,-261.80352887196676,0.266388619824316,-99.474609375,-261.2109375,3.6387824845497097,25713,14740,0.03515625,69628,True,0.21280310000292957
error_015_2.0,error,15,3,2.0,90,sampled,4491.586017608643,4485.475112915039,4497.696922302246,98.29509265249709,98.38721999936833,49.19360999968416,49.147546326248545,-99.32970669705705,-261.5133122560478,0.26735235160175536,-99.544921875,-260.47265625,3.3439859724567516,34457,19726,0.03515625,79532,True,0.3090690999524668
error_016_0.2,error,16,3,0.2,90,sampled,45.38390350341797,45.016822814941406,45.75098419189453,9.894095584812503,9.943813405772865,4.971906702886432,4.947047792406251,165.51843552126948,150.13886569943028,0.1595673595026294,165.533203125,150.134765625,3.5046352206781366,2778,1551,0.03515625,43196,True,0.029870899976231158
error_016_0.5,error,16,3,0.5,90,sampled,283.07282066345215,281.9633903503418,284.1822509765625,24.76009787125726,24.83467460270157,12.417337301350784,12.38004893562863,165.55268556244596,150.11617328145906,0.193906134009342,165.5859375,150.064453125,3.5454539731667363,6695,3830,0.03515625,48024,True,0.0637926000636071
error_016_1.0,error,16,3,1.0,90,sampled,1131.0160789489746,1128.5685653686523,1133.4635925292969,49.594772472550005,49.66934920540314,24.83467460270157,24.797386236275003,165.66935221964667,150.04750276508372,0.21450429904805426,165.83203125,149.8359375,3.6790269186760614,13902,7963,0.03515625,56128,True,0.1217646999284625
error_016_1.5,error,16,3,1.5,90,sampled,2544.3493423461914,2540.601905822754,2548.096778869629,74.45418563359495,74.52876248797025,37.26438124398513,37.22709281679747,165.8665973278097,149.93225544871655,0.2192160116602134,166.21875,149.44921875,3.9045998286519885,21228,12152,0.03515625,64344,True,0.18846799992024899
error_016_2.0,error,16,3,2.0,90,sampled,4524.936595916748,4519.8935623168945,4529.979629516602,99.3633209851097,99.43789789778381,49.71894894889191,49.68166049255485,166.14349099089424,149.7705518143443,0.2213999625648821,166.763671875,148.904296875,4.221731101728784,28528,16326,0.03515625,72656,True,0.2586097000166774
error_017_0.2,error,17,3,0.2,90,sampled,35.67897605895996,35.14179611206055,36.216156005859375,9.857457671262031,9.959648354079278,4.979824177039639,4.9287288356310155,-43.29345758508564,295.03357873719017,0.29545506558540074,-42.521484375,295.62890625,2.108462021835247,3033,1754,0.03515625,43512,True,0.034640499972738326
error_017_0.5,error,17,3,0.5,90,sampled,272.2766933441162,270.91018295288086,273.64320373535156,24.74985018598124,24.847934125843654,12.423967062921827,12.37492509299062,-43.17281589202035,294.89950266897387,0.24816958521312812,-42.451171875,295.576171875,2.2826768858518514,7632,4384,0.03515625,48840,True,0.06794710003305227
error_017_1.0,error,17,3,1.0,90,sampled,1119.0411529541016,1116.3183288574219,1121.7639770507812,49.5038013732565,49.59778161779265,24.798890808896324,24.75190068662825,-43.04284955764476,294.826370774364,0.24077441902855695,-42.1875,295.3828125,2.4314216169875245,15379,8806,0.03515625,57708,True,0.1413458000170067
error_017_1.5,error,17,3,1.5,90,sampled,2530.5971031188965,2526.484748840332,2534.709457397461,74.32720539966785,74.42528304923003,37.212641524615016,37.16360269983392,-42.829789117569646,294.7407478273517,0.24149760461707914,-41.748046875,295.06640625,2.6568572683434515,23124,13248,0.03515625,66608,True,0.20346150000113994
error_017_2.0,error,17,3,2.0,90,sampled,4508.568597793579,4503.083553314209,4514.053642272949,99.1792301415336,99.30182622515252,49.65091311257626,49.5896150707668,-42.532137711172595,294.6255341336089,0.24132408557439514,-41.115234375,294.626953125,2.9705882244570883,30837,17661,0.03515625,75484,True,0.2710044999839738
error_018_0.2,error,18,3,0.2,90,sampled,35.92555046081543,35.32966232299805,36.52143859863281,9.801377133514398,9.865384986043452,4.9327845437408,4.900755383698606,42.27735358916249,178.29776154953692,0.3219295906051778,41.808191113961676,177.5155380235156,3.5275591588231374,3286,1903,0.03515625,43880,True,0.0346636000322178
error_018_0.5,error,18,3,0.5,90,sampled,271.35327529907227,269.81233978271484,272.8942108154297,24.539692080927946,24.625064752948653,12.312532376474326,12.269846040463973,42.12986909464233,178.37346820312877,0.27809777830783067,41.712890625,177.50390625,3.376712372271691,8635,4966,0.03515625,49988,True,0.08014259999617934
error_018_1.0,error,18,3,1.0,90,sampled,1113.5188751220703,1110.4407119750977,1116.597038269043,49.122050655440916,49.24150841020912,24.62075420510456,24.561025327720458,41.98701175815195,178.3915604545766,0.27149166851565365,41.4140625,177.591796875,3.2333160091500486,17252,9901,0.03515625,59984,True,0.15225729998201132
error_018_1.5,error,18,3,1.5,90,sampled,2517.273124694824,2512.641357421875,2521.9048919677734,73.73850587403543,73.82387264539352,36.91193632269676,36.86925293701771,41.7641067157216,178.39162252770797,0.27117200047500783,40.88671875,177.71484375,3.010535119171895,26094,14949,0.03515625,69980,True,0.21012980001978576
error_018_2.0,error,18,3,2.0,90,sampled,4484.1833782196045,4477.995380401611,4490.371376037598,98.40181307634238,98.49991394658856,49.24995697329428,49.20090653817119,41.45342868222817,178.38865533110516,0.2714774353972726,40.166015625,177.890625,2.7001846453754927,34680,19873,0.03515625,80008,True,0.258268199977465
error_019_0.2,error,19,3,0.2,90,sampled,10.963136672973633,10.569019317626953,11.357254028320312,6.9372822495387645,7.09302937212501,3.546514686062505,3.468674911516207,-257.1609124899503,117.68596844850899,0.4922820200318561,-258.310546875,117.439453125,0.7269124935044884,2050,1211,0.03515625,42532,True,0.028304400038905442
error_019_0.5,error,19,3,0.5,90,sampled,224.36107635498047,222.8587646484375,225.86338806152344,24.62285624046237,24.6975346126366,12.348768966387329,12.311430067260167,-257.61584146073886,117.67424421692503,0.32854723104753436,-259.798298147503,118.35309635222559,0.2726231973269601,8414,4840,0.03515625,49708,True,0.08319720008876175
error_019_1.0,error,19,3,1.0,90,sampled,1064.0291061401367,1060.9126281738281,1067.1455841064453,49.297242795899166,49.3882752933345,24.69413764666725,24.648621397949583,-257.50175681474224,117.80915577203194,0.2884657427028385,-259.822265625,118.01953125,0.40299309951813383,17527,10047,0.03515625,60180,True,0.15808199997991323
error_019_1.5,error,19,3,1.5,90,sampled,2472.1398124694824,2467.4613876342773,2476.8182373046875,74.02317287427964,74.1141779752911,37.05708898764555,37.01158643713982,-257.4039972021797,117.63055150720996,0.27998631926881834,-259.875,117.4921875,0.48786256261421973,26313,15074,0.03515625,70244,True,0.24248290003743023
error_019_2.0,error,19,3,2.0,90,sampled,4445.250732421875,4439.0109786987305,4451.4904861450195,98.7677412489816,98.87518904676341,49.437594523381705,49.3838706244908,-257.3244747312169,117.33630779868848,0.2771911254899455,-259.927734375,116.736328125,0.6669935096044289,35238,20173,0.03515625,80352,True,0.2660767000634223
error_020_0.2,error,20,3,0.2,90,sampled,18.8291072845459,18.345073699951172,19.313140869140625,8.321938111441593,8.44818659177537,4.2240952886279794,4.1610665365226955,204.5744085325222,-133.55306281817934,0.4234635958023844,203.4352433295896,-133.29688543437348,1.9790396721272783,2588,1511,0.03515625,43136,True,0.022706200019456446
error_020_0.5,error,20,3,0.5,90,sampled,242.00968551635742,240.5045928955078,243.51477813720703,24.61064310348848,24.710117457939294,12.355073615379453,12.305345717158003,204.50511184089447,-133.14821779112802,0.3054518147175156,202.9402120524886,-132.19312117978072,1.5685552374105127,8455,4858,0.03515625,49812,True,0.0636297999881208
error_020_1.0,error,20,3,1.0,90,sampled,1084.669979095459,1081.6001586914062,1087.7397994995117,49.25490998709584,49.409942546873616,24.704971273436808,24.62745499354792,204.6512695717584,-132.912610496741,0.2788895834523228,203.009765625,-131.87109375,1.3652970752129405,17231,9882,0.03515625,59872,True,0.1358120999066159
error_020_1.5,error,20,3,1.5,90,sampled,2490.9574871063232,2486.4046669006348,2495.5103073120117,73.96501538962129,74.07615423729092,37.03807711864546,36.98250769481064,204.69055831569383,-132.6752234296466,0.2702897365585334,203.16796875,-131.361328125,1.1501861592638745,26173,14981,0.03515625,69780,True,0.20043740002438426
error_020_2.0,error,20,3,2.0,90,sampled,4461.655500411987,4455.523120880127,4467.787879943848,98.71015149351932,98.80960987938674,49.40480493969337,49.35507574675966,204.71292478894458,-132.35720367162637,0.27124744748762475,203.396484375,-130.640625,0.8681270632728831,34607,19819,0.03515625,79756,True,0.26624529995024204
error_021_0.2,error,21,3,0.2,90,sampled,44.47902488708496,44.0042610168457,44.95378875732422,9.821941522851798,9.945677649423894,4.972838824711947,4.910970761425899,207.82541866020833,-155.2761668801742,0.21007565962827782,207.59765625,-155.4609375,2.4044182121550106,2753,1584,0.03515625,43216,True,0.024532999959774315
error_021_0.5,error,21,3,0.5,90,sampled,281.78525733947754,280.5618095397949,283.00870513916016,24.690214601791528,24.764777193690335,12.382388596845168,12.345107300895764,207.79244734019048,-155.25375196948357,0.21411646791820385,207.52734375,-155.390625,2.4299074969106536,6891,3959,0.03515625,48080,True,0.0617486999835819
error_021_1.0,error,21,3,1.0,90,sampled,1128.1979312896729,1125.7267799377441,1130.6690826416016,49.43013757796515,49.52955438738067,24.764777193690335,24.715068788982574,207.67372473309138,-155.18772832091673,0.21650017173698385,207.28125,-155.1796875,2.528167124470248,13668,7866,0.03515625,56160,True,0.12454280001111329
error_021_1.5,error,21,3,1.5,90,sampled,2539.191827774048,2535.5205574035645,2542.8630981445312,74.21927353844953,74.31869103748002,37.15934551874001,37.109636769224764,207.47561122359434,-155.07800843164412,0.21459590850808957,206.89453125,-154.810546875,2.6994828229516896,21269,12175,0.03515625,64300,True,0.19337669992819428
error_021_2.0,error,21,3,2.0,90,sampled,4516.717758178711,4511.669471740723,4521.766044616699,99.03326862717856,99.10881720465177,49.554408602325886,49.51663431358928,207.19834693307223,-154.924673926518,0.22129835681125562,206.349609375,-154.248046875,2.9517735631429463,28559,16336,0.03515625,72632,True,0.24536089994944632
error_022_0.2,error,22,3,0.2,90,sampled,13.966060638427734,13.532546997070312,14.399574279785156,7.855671732521709,8.02956743835372,4.014784113242918,3.9278791536842466,-139.31217221963763,-60.32722942377728,0.4834763793832998,-138.00712107471202,-60.64327733855782,3.6111224135717457,2387,1395,0.03515625,42780,True,0.03384000004734844
error_022_0.5,error,22,3,0.5,90,sampled,231.25249099731445,229.83824157714844,232.66674041748047,24.50873534508323,24.59814755047703,12.299221641473585,12.25456283046195,-139.08535135979236,-60.61952877864711,0.29903643166186367,-137.58357097722737,-61.9680506640031,3.6175587077809657,7947,4566,0.03515625,49160,True,0.060488900053314865
error_022_1.0,error,22,3,1.0,90,sampled,1069.8364276885986,1066.972858428955,1072.6999969482422,49.06543084398883,49.161361632272374,24.580680816136187,24.532715421994414,-139.22646731699126,-60.629391334812006,0.26247219974437597,-137.35546875,-61.734375,3.7304269367708525,16093,9227,0.03515625,58564,True,0.12221689999569207
error_022_1.5,error,22,3,1.5,90,sampled,2473.649076461792,2469.3477745056152,2477.9503784179688,73.67009174215384,73.74204244840857,36.871021224204284,36.83504587107692,-139.22414486651002,-60.425757545853955,0.25600737948458446,-137.091796875,-61.259765625,3.5999288548152046,24335,13927,0.03515625,67868,True,0.17543529998511076
error_022_2.0,error,22,3,2.0,90,sampled,4440.722322463989,4434.97278213501,4446.471862792969,98.3052802032766,98.40121331746185,49.200606658730926,49.1526401016383,-139.16445073753204,-60.130132388220616,0.25447670056047,-136.740234375,-60.609375,3.376716237291566,32431,18566,0.03515625,77176,True,0.24554829997941852
error_023_0.2,error,23,3,0.2,90,sampled,11.657129287719727,11.285877227783203,12.02838134765625,7.163813829006178,7.322718596368535,3.6613592981842675,3.581906914503089,6.786225776437371,50.35732145148871,0.4520266334533906,5.712890625,49.81640625,0.15041007552076874,1968,1159,0.03515625,42432,True,0.018388999975286424
error_023_0.5,error,23,3,0.5,90,sampled,225.7876853942871,224.3752899169922,227.20008087158203,24.685558696665222,24.755692260900446,12.377846130450223,12.342779348332611,6.368390826467556,50.32490433518676,0.30778886743762646,4.078125,50.51953125,0.5630886111981004,7900,4546,0.03515625,49132,True,0.05946570006199181
error_023_1.0,error,23,3,1.0,90,sampled,1067.1871433258057,1064.241382598877,1070.1329040527344,49.398121811224385,49.48161945674879,24.740809728374394,24.699060905612193,6.349145704067579,50.728055938286005,0.27241665170467333,4.0078125,50.8359375,0.712115887854694,16667,9554,0.03515625,59152,True,0.12174460000824183
error_023_1.5,error,23,3,1.5,90,sampled,2476.326015472412,2471.904052734375,2480.747978210449,74.15979489270336,74.25679955993114,37.12839977996557,37.07989744635168,6.283622808777391,50.98010109056459,0.26472725450876095,3.90234375,51.380859375,0.9262174035441876,25063,14349,0.03515625,68720,True,0.1987496999790892
error_023_2.0,error,23,3,2.0,90,sampled,4450.875440597534,4444.977893829346,4456.772987365723,98.94847569460157,99.03198003093574,49.51599001546787,49.474237847300785,6.152912609535321,51.27908199844105,0.26209355308624965,3.7265625,52.1015625,1.2367467676800814,33530,19203,0.03515625,78320,True,0.3033509999513626
error_024_0.2,error,24,3,0.2,90,sampled,33.166419982910156,32.64793395996094,33.684906005859375,9.608949828627582,9.69802855288125,4.849101187106719,4.80449293511296,110.28527309367902,-51.65609533601292,0.29854868848122734,110.01821949840514,-50.72057117365614,3.2287733911427225,2845,1650,0.03515625,43392,True,0.03032509994227439
error_024_0.5,error,24,3,0.5,90,sampled,267.590389251709,266.2379379272461,268.9428405761719,24.51019775534966,24.61268950893586,12.30634475446793,12.25509887767483,110.44088710797051,-51.604473538880306,0.24754304263047514,109.96875,-50.625,3.390926834665491,7684,4411,0.03515625,48928,True,0.07503409998025745
error_024_1.0,error,24,3,1.0,90,sampled,1109.765567779541,1107.0133895874023,1112.5177459716797,49.09255935322682,49.212848418506425,24.606424209253213,24.54627967661341,110.38347127527578,-51.71104340672326,0.24348830152303447,109.669921875,-50.783203125,3.2925539815375315,15533,8897,0.03515625,57848,True,0.14244770002551377
error_024_1.5,error,24,3,1.5,90,sampled,2513.5417556762695,2509.4080810546875,2517.6754302978516,73.70524791112986,73.77741562066309,36.888707810331546,36.85262395556493,110.23474749720435,-51.870671678370364,0.24226461197261262,109.23046875,-51.046875,3.09073479296303,23220,13305,0.03515625,66760,True,0.21687939995899796
error_024_2.0,error,24,3,2.0,90,sampled,4480.695339202881,4475.173988342285,4486.216690063477,98.3597802842375,98.45601179173657,49.228005895868286,49.17989014211875,110.02024935333526,-52.09236705732232,0.24234682494992624,108.580078125,-51.43359375,2.807103653549095,31107,17810,0.03515625,75696,True,0.27689690003171563
error_025_0.2,error,25,3,0.2,90,sampled,11.874195098876953,11.460456848144531,12.287933349609375,7.232709589959721,7.405378459400514,3.702689229700257,3.6163547949798605,106.47096757886223,-51.875382410184685,0.49868244604391915,107.701171875,-51.767578125,0.9658368719643299,2144,1267,0.03515625,42680,True,0.025856500025838614
error_025_0.5,error,25,3,0.5,90,sampled,226.27419090270996,224.78346633911133,227.7649154663086,24.64923251119826,24.74553015834138,12.372766941964327,12.324620411321076,106.86037136418918,-52.02042440001539,0.32391968333478405,108.87224102830633,-53.06706684286259,1.3155440494007535,8409,4838,0.03515625,49772,True,0.07398649991955608
error_025_1.0,error,25,3,1.0,90,sampled,1067.6059799194336,1064.5000076293945,1070.7119522094727,49.360889900631115,49.44320055555423,24.721600277777114,24.680444950315557,106.72244971625378,-52.39501896517036,0.28685438794158774,108.80859375,-53.384765625,1.1873706767462495,17486,10029,0.03515625,60148,True,0.15858289995230734
error_025_1.5,error,25,3,1.5,90,sampled,2476.4819011688232,2471.8067207336426,2481.157081604004,74.09974309591014,74.18206175850847,37.091030879254234,37.04987154795507,106.68559758174794,-52.65159446303769,0.27955869972612607,108.720703125,-53.9296875,1.225160436664274,26335,15088,0.03515625,70264,True,0.24275680002756417
error_025_2.0,error,25,3,2.0,90,sampled,4450.6599197387695,4444.426963806152,4456.892875671387,98.86650726072288,98.94880670461166,49.47440335230583,49.43325363036144,106.69040296169494,-52.97689943353509,0.2767594236520635,108.580078125,-54.66796875,1.3871554100868184,35211,20157,0.03515625,80352,True,0.3012275999644771
error_026_0.2,error,26,3,0.2,90,sampled,45.589073181152344,44.97047424316406,46.207672119140625,9.846919830036201,9.94294330578382,4.97147165289191,4.923459915018101,-228.2823887011303,129.31506955239968,0.2662196075827744,-228.3046875,129.3046875,1.0552882340671406,3433,1988,0.03515625,44028,True,0.0369959999807179
error_026_0.5,error,26,3,0.5,90,sampled,282.72891426086426,281.1779365539551,284.27989196777344,24.67308856088554,24.76901901526412,12.38450950763206,12.33654428044277,-228.32007394758,129.31202769217884,0.270270232964906,-228.392578125,129.322265625,1.0737859440984399,8667,4985,0.03515625,50076,True,0.08187069999985397
error_026_1.0,error,26,3,1.0,90,sampled,1128.2224960327148,1125.1245574951172,1131.3204345703125,49.407509832950154,49.50345807567584,24.75172903783792,24.703754916475077,-228.45491769462853,129.30192825176732,0.2711144708974223,-228.708984375,129.375,1.1483547148966016,17565,10058,0.03515625,60156,True,0.14830580004490912
error_026_1.5,error,26,3,1.5,90,sampled,2537.485273361206,2532.825542449951,2542.145004272461,74.17021053576975,74.23156231927462,37.11578115963731,37.08510526788488,-228.67956763123033,129.2851458926296,0.27213168796314224,-229.236328125,129.48046875,1.294629770674249,26355,15090,0.03515625,70256,True,0.23528889997396618
error_026_2.0,error,26,3,2.0,90,sampled,4512.2752475738525,4506.038120269775,4518.51237487793,98.97380725115889,99.06974485842525,49.534872429212626,49.486903625579444,-228.99508631023622,129.2616435957017,0.27350178970402134,-229.9921875,129.603515625,1.53279345064865,35182,20145,0.03515625,80364,True,0.2989126000320539
error_027_0.2,error,27,3,0.2,90,sampled,22.243606567382812,21.819053649902344,22.66815948486328,8.6404307448779,8.738290854096197,4.369164704227673,4.32023358102179,-117.11119502904877,-241.92336345085607,0.32731963778327133,-117.83633519274912,-241.11221475830408,2.894139576158631,2295,1338,0.03515625,42780,True,0.025162399979308248
error_027_0.5,error,27,3,0.5,90,sampled,249.33847618103027,248.10853958129883,250.56841278076172,24.670884347442094,24.769567903793256,12.384783951896628,12.335445594576983,-116.95100751346183,-241.6213282300793,0.24316710782746898,-117.87890625,-240.2578125,2.8946840048388567,6971,4006,0.03515625,48056,True,0.06519999995362014
error_027_1.0,error,27,3,1.0,90,sampled,1093.301628112793,1090.8525695800781,1095.7506866455078,49.365897505746325,49.439738265150254,24.719869132575127,24.682948752873163,-116.8910882579106,-241.7353768713083,0.22100066069614302,-118.125,-240.46875,2.78488472649016,14049,8045,0.03515625,56088,True,0.1277787999715656
error_027_1.5,error,27,3,1.5,90,sampled,2501.0982456207275,2497.3905143737793,2504.805976867676,74.11132624625277,74.18516067634548,37.09258033817274,37.055663123126386,-116.98687117120352,-241.92790991152756,0.21962470613674437,-118.51171875,-240.837890625,2.779654113745366,21010,12053,0.03515625,64180,True,0.1875550999538973
error_027_2.0,error,27,3,2.0,90,sampled,4473.808713912964,4468.887577056885,4478.729850769043,98.90645341174285,99.00584879851027,49.502924399255136,49.45322670587142,-117.14742474520091,-242.19555747869197,0.21757120778610164,-119.07421875,-241.365234375,2.8257852685295624,28044,16044,0.03515625,72348,True,0.24871840002015233
error_028_0.2,error,28,3,0.2,90,sampled,33.710397720336914,33.172908782958984,34.247886657714844,9.710414636089705,9.81262517958569,4.906312589792845,4.855207318044853,183.3813866472536,-120.3672321079276,0.3080001714193563,182.724609375,-119.6015625,2.9859102317083943,2952,1714,0.03515625,43496,True,0.030332599999383092
error_028_0.5,error,28,3,0.5,90,sampled,269.71747970581055,268.33721923828125,271.09774017333984,24.73886135185547,24.83659058102487,12.418295290512434,12.369430675927735,183.50429316096066,-120.26448580827643,0.25290483133706587,182.654296875,-119.583984375,2.8266538157402836,7738,4444,0.03515625,48964,True,0.07918540004175156
error_028_1.0,error,28,3,1.0,90,sampled,1116.7733173370361,1114.0018272399902,1119.544807434082,49.53118261098038,49.65333390120831,24.826666950604157,24.76559130549019,183.4921880899526,-120.38817651635043,0.24583870565737015,182.478515625,-119.84765625,2.925417289002007,15600,8943,0.03515625,57928,True,0.129871099954471
error_028_1.5,error,28,3,1.5,90,sampled,2528.781629562378,2524.6218452453613,2532.9414138793945,74.34793429246793,74.44105778798905,37.220528893994526,37.17396714623396,183.4209401963075,-120.60150845633584,0.24450525624620528,182.162109375,-120.3046875,3.132592116008574,23427,13425,0.03515625,66940,True,0.20924390002619475
error_028_2.0,error,28,3,2.0,90,sampled,4507.427341461182,4501.8781814575195,4512.976501464844,99.23337479106672,99.33569364709058,49.66784682354529,49.61668739553336,183.31430590487358,-120.90132148215447,0.2442865181963817,181.72265625,-120.919921875,3.431593275929499,31384,17960,0.03515625,75916,True,0.2899807000067085
error_029_0.2,error,29,3,0.2,90,sampled,23.025352478027344,22.50933837890625,23.541366577148438,8.660612143362265,8.794474895995158,4.3973250015112235,4.330324387084668,-140.79766600382817,-217.87898746040557,0.3855403233136955,-139.7717178440009,-218.18661665086975,2.4751650848187663,2778,1620,0.03515625,43348,True,0.028920099954120815
error_029_0.5,error,29,3,0.5,90,sampled,250.36540603637695,248.8436279296875,251.8871841430664,24.53645586307853,24.634799924285367,12.317486752594894,12.26830084786969,-140.77718479230614,-218.22125546078757,0.29766261681785056,-139.35138046832196,-218.83597637939823,2.796912738148642,8544,4907,0.03515625,49900,True,0.08388799999374896
error_029_1.0,error,29,3,1.0,90,sampled,1092.6227760314941,1089.5393600463867,1095.7061920166016,49.14096811535619,49.20157066257197,24.600785331285984,24.570484057678094,-140.8854048035826,-218.15304147703458,0.2769153091927916,-139.21875,-218.53125,2.762915923601362,17343,9946,0.03515625,59992,True,0.15699349995702505
error_029_1.5,error,29,3,1.5,90,sampled,2497.139768600464,2492.5066108703613,2501.7729263305664,73.73288220387712,73.85264659728742,36.92632329864371,36.86644110193856,-140.90816531507323,-217.9419389114079,0.2735427798977957,-139.095703125,-218.021484375,2.5707899967269356,26134,14973,0.03515625,69976,True,0.22738000005483627
error_029_2.0,error,29,3,2.0,90,sampled,4465.2146072387695,4459.037269592285,4471.391944885254,98.41428472062759,98.48744059625164,49.24372029812582,49.207142360313796,-140.91806472755698,-217.6352995460926,0.2721256297815921,-138.90234375,-217.283203125,2.2889472766759567,34939,19996,0.03515625,80000,True,0.30781159992329776
angle_000_30,angle,0,2,1.0,30,sampled,2610.398374557495,2604.190601348877,2616.6061477661133,141.30169412362696,141.480430409017,70.7402152045085,70.65084706181348,-22.35059061043593,143.15242511973173,0.6713111380455014,-22.552734375,141.486328125,25.35402945287298,34825,19969,0.03515625,80160,True,0.28108139999676496
angle_000_45,angle,0,2,1.0,45,sampled,1798.7848262786865,1794.1547584533691,1803.414894104004,93.87234887495242,93.97818665334201,46.989093326671004,46.93617443747621,-19.309193399054703,151.6576660246649,0.4825571527970495,-19.318359375,150.873046875,16.396558062788753,26017,14920,0.03515625,70004,True,0.22115040000062436
angle_000_60,angle,0,2,1.0,60,sampled,1449.2759628295898,1445.3894805908203,1453.1624450683594,71.23659156317814,71.35094969985535,35.675474849927674,35.61829578158907,-17.96666498150565,155.48821658340736,0.381656159184297,-17.89453125,155.021484375,12.401590338751415,21893,12552,0.03515625,65152,True,0.16754449997097254
angle_000_90,angle,0,2,1.0,90,sampled,1235.7856349945068,1232.589282989502,1238.9819869995117,49.92466018859106,50.01701568986806,25.00850784493403,24.96233009429553,-16.90578572676676,158.6993114125208,0.2580699155632413,-16.8046875,158.431640625,9.100307458205847,17977,10306,0.03515625,60744,True,0.15455520001705736
angle_000_120,angle,0,2,1.0,120,sampled,1410.4902420043945,1407.076515197754,1413.9039688110352,69.31807835578303,69.41675230878086,34.70837615439043,34.659039177891515,-16.894751357887976,159.16366728627014,0.3351993252917846,-17.2265625,159.591796875,8.636201830177518,19240,11029,0.03515625,62128,True,0.17133949999697506
angle_001_30,angle,1,2,1.0,30,sampled,2535.54852104187,2528.9749031066895,2542.122138977051,138.50599908058507,138.68693255617424,69.34346627808712,69.25299954029254,-187.052186230558,119.08297770142211,0.71725499986662,-187.822265625,120.515625,20.08131504499154,36694,21057,0.03515625,82476,True,0.3321418999694288
angle_001_45,angle,1,2,1.0,45,sampled,1766.1668643951416,1761.6520500183105,1770.6816787719727,92.65818025530773,92.80939048413222,46.40469524206611,46.32909012765386,-185.03313474028306,111.65356352992961,0.47328345403482114,-185.484375,112.271484375,16.980004360992233,25424,14580,0.03515625,69348,True,0.23071030003484339
angle_001_60,angle,1,2,1.0,60,sampled,1431.0073642730713,1427.51469039917,1434.5000381469727,70.5638398414093,70.66318796100626,35.33159398050313,35.28191992070465,-183.79236885772076,106.98972815168263,0.3440968475076496,-184.11328125,107.33203125,16.660507868122178,19633,11251,0.03515625,62668,True,0.18349540000781417
angle_001_90,angle,1,2,1.0,90,sampled,1228.6026878356934,1225.658935546875,1231.5464401245117,49.649618657886336,49.75205629019306,24.87602814509653,24.824809328943168,-181.75598176880996,99.03614052572321,0.23784361645813132,-182.00390625,99.193359375,19.20601149437756,16497,9461,0.03515625,59044,True,0.15060269995592535
angle_001_120,angle,1,2,1.0,120,sampled,1409.6888751983643,1406.0083351135254,1413.3694152832031,69.50484427714893,69.63777829609174,34.81888914804587,34.75242213857447,-179.11516050070568,88.31703634652365,0.36268597815459425,-178.59375,88.171875,26.598253295927883,20728,11893,0.03515625,63812,True,0.1854308000765741
angle_002_30,angle,2,2,1.0,30,sampled,2793.71732711792,2787.243667602539,2800.190986633301,148.00372897424984,148.151832950826,74.075916475413,74.00186448712492,-272.6526506446068,-111.54580509071249,0.6850136491985125,-272.865234375,-113.361328125,50.0387428194757,36392,20864,0.03515625,81892,True,0.3208686999278143
angle_002_45,angle,2,2,1.0,45,sampled,1875.8589477539062,1871.1029663085938,1880.6149291992188,96.66659890095758,96.82531645565783,48.41265822782891,48.33329945047879,-266.27742941799454,-94.27792672120601,0.48973280106385636,-266.2734375,-95.09765625,32.43264623641965,26779,15355,0.03515625,70752,True,0.23680409998632967
angle_002_60,angle,2,2,1.0,60,sampled,1490.845687866211,1486.8967895507812,1494.7945861816406,72.7530627048413,72.86242012337603,36.43121006168801,36.37653135242065,-263.1781575117933,-85.85374784380343,0.38497100637527537,-263.091796875,-86.34375,24.27697273657846,22232,12747,0.03515625,65564,True,0.19433399999979883
angle_002_90,angle,2,2,1.0,90,sampled,1251.1767597198486,1247.9504356384277,1254.4030838012695,50.5249560794328,50.62647702923443,25.313238514617215,25.2624780397164,-259.99746281175186,-77.13422875341855,0.2604225453622975,-259.875,-77.396484375,16.733130204620412,18185,10422,0.03515625,60868,True,0.1609109001001343
angle_002_120,angle,2,2,1.0,120,sampled,1411.1031246185303,1407.7077827453613,1414.4984664916992,68.86523412572853,68.94226677497113,34.471133387485565,34.43261706286427,-258.234048228551,-72.16313997648672,0.33097606078403946,-258.57421875,-71.736328125,13.411744995069,19116,10955,0.03515625,61980,True,0.17303619999438524
angle_003_30,angle,3,2,1.0,30,sampled,2405.9690380096436,2399.35648727417,2412.581588745117,133.5810376352971,133.77904296423182,66.88952148211591,66.79051881764855,280.5595726907903,38.31229083546527,0.7333395173625754,279.5625,39.515625,4.668265004354529,37170,21310,0.03515625,82728,True,0.3198676999891177
angle_003_45,angle,3,2,1.0,45,sampled,1709.4541339874268,1704.9597129821777,1713.9485549926758,90.52679763184788,90.70162607773099,45.350813038865496,45.26339881592394,280.381135476282,39.374980684099114,0.47568673198098266,279.84375,39.8671875,4.192102064587644,25281,14492,0.03515625,69088,True,0.20726619998458773
angle_003_60,angle,3,2,1.0,60,sampled,1399.8336238861084,1396.4370460510254,1403.2302017211914,69.40312128001307,69.5011409967744,34.7505704983872,34.701560640006534,280.10777638293166,40.34379711767508,0.3364608810914504,279.720703125,40.623046875,3.8582575848534812,19085,10941,0.03515625,61952,True,0.16440510004758835
angle_003_90,angle,3,2,1.0,90,sampled,1217.5607585906982,1214.3124961853027,1220.8090209960938,49.32536513613445,49.43846328124822,24.731349012630364,24.674646195855363,279.5359202724568,42.055691286679995,0.26308636141298414,279.3473069110049,42.12489348832542,3.8080248837987916,18217,10450,0.03515625,60976,True,0.1540918000973761
angle_003_120,angle,3,2,1.0,120,sampled,1410.7952156066895,1406.9424133300781,1414.6480178833008,69.89413523158082,70.00586654058112,35.00293327029056,34.94706761579041,278.7848781899096,44.086649508942806,0.3813227864091205,279.31640625,44.05078125,4.703352030205154,21612,12396,0.03515625,64912,True,0.18721940007526428
angle_004_30,angle,4,2,1.0,30,sampled,2467.107130050659,2460.719524383545,2473.4947357177734,135.8932772558846,136.12910392186643,68.06455196093322,67.9466386279423,-275.5869170485689,120.58774630140167,0.7030854144253287,-274.88671875,119.14453125,11.994754453775505,35876,20570,0.03515625,81332,True,0.28062830003909767
angle_004_45,angle,4,2,1.0,45,sampled,1736.4137077331543,1731.9596099853516,1740.867805480957,91.53858509412933,91.7140857556841,45.85704287784205,45.769292547064666,-276.0223543944445,121.32189406809356,0.46931019290499243,-275.607421875,120.69140625,11.740837300780283,25110,14395,0.03515625,68860,True,0.20384169998578727
angle_004_60,angle,4,2,1.0,60,sampled,1414.7342262268066,1411.2658081054688,1418.2026443481445,69.93286428351819,70.05688889670141,35.028444448350704,34.96643214175909,-276.02350223691957,120.51281932381681,0.34266835412023866,-275.712890625,120.146484375,12.336414996557945,19476,11165,0.03515625,62436,True,0.16687079996336251
angle_004_90,angle,4,2,1.0,90,sampled,1222.5594520568848,1219.6830596923828,1225.4358444213867,49.39747127593711,49.494856133657024,24.747428066828512,24.698735637968554,-275.5053535437513,116.85920572556454,0.2323526391252165,-275.2734375,116.68359375,14.999298075883171,16115,9239,0.03515625,58596,True,0.13446530001237988
angle_004_120,angle,4,2,1.0,120,sampled,1409.9729919433594,1406.3139266967773,1413.6320571899414,69.71983866608907,69.85344285719857,34.926721428599286,34.85991933304454,-274.24515169759275,109.57662425640702,0.3616192824899073,-274.74609375,109.7578125,21.17461764533057,20623,11821,0.03515625,63688,True,0.19067299994640052
angle_005_30,angle,5,2,1.0,30,sampled,2474.5885620117188,2468.4359436035156,2480.741180419922,136.21240177576334,136.34611321376556,68.17305660688278,68.10620088788167,194.90734855469935,7.265177926552411,0.6763185234051389,195.46875,5.783203125,16.110630080990436,34560,19813,0.03515625,79776,True,0.31434629997238517
angle_005_45,angle,5,2,1.0,45,sampled,1739.5915203094482,1735.2383079528809,1743.9447326660156,91.66768876864175,91.82487446989042,45.91243723494521,45.83384438432088,194.1548055047836,12.076349652284875,0.4584241354615554,194.501953125,11.42578125,15.972020680019272,24488,14040,0.03515625,68140,True,0.20896339998580515
angle_005_60,angle,5,2,1.0,60,sampled,1416.4251766204834,1413.0038795471191,1419.8464736938477,70.03746648566721,70.11095038850837,35.055475194254186,35.018733242833605,193.66410585172483,15.535665661596163,0.3378821496819269,193.939453125,15.15234375,16.81408762783342,19277,11047,0.03515625,62172,True,0.16488260007463396
angle_005_90,angle,5,2,1.0,90,sampled,1222.837080001831,1220.1672477722168,1225.5069122314453,49.43326925700985,49.530377863477156,24.765188931738578,24.716634628504924,192.79129659992617,22.585076936234245,0.21580914451816632,193.025390625,22.412109375,20.447138433053055,15025,8612,0.03515625,57312,True,0.13207089994102716
angle_005_120,angle,5,2,1.0,120,sampled,1409.2893505096436,1405.780918121338,1412.7977828979492,69.68050786679663,69.81437321320962,34.90718660660481,34.840253933398316,191.57406626640835,33.5465381781472,0.3467431944125251,191.091796875,33.78515625,28.85461390344453,19695,11294,0.03515625,62672,True,0.1721089999191463
angle_006_30,angle,6,2,1.0,30,sampled,2729.510959625244,2722.7301635742188,2736.2917556762695,145.64665397784256,145.80378141797712,72.90189070898856,72.82332698892128,-137.74341601234812,176.264344807405,0.7226317904241476,-138.48046875,174.65625,41.69633137201466,38143,21865,0.03515625,83840,True,0.2963208999717608
angle_006_45,angle,6,2,1.0,45,sampled,1848.7609462738037,1844.2520027160645,1853.269889831543,95.73614935633823,95.84729232187297,47.923646160936485,47.868074678169116,-127.9667970818102,188.84625490049854,0.46638650270279153,-128.197265625,188.0859375,27.267050776242563,25313,14511,0.03515625,69148,True,0.17690799990668893
angle_006_60,angle,6,2,1.0,60,sampled,1476.3792171478271,1472.46724319458,1480.2911911010742,72.22571136979916,72.32119158024786,36.16059579012393,36.11285568489958,-122.95871339409288,195.29715532435554,0.3822472489609016,-123.029296875,194.80078125,20.74100690434191,21991,12610,0.03515625,65312,True,0.15931120002642274
angle_006_90,angle,6,2,1.0,90,sampled,1246.0849056243896,1242.6024284362793,1249.5673828125,50.30569468848254,50.38214454438796,25.19107227219398,25.15284734424127,-117.1016600195091,202.84777920317288,0.28082466216267554,-117.0703125,202.552734375,15.259066315018494,19578,11228,0.03515625,62556,True,0.17613389994949102
angle_006_120,angle,6,2,1.0,120,sampled,1410.9554271697998,1407.3481178283691,1414.5627365112305,69.01666158114043,69.10732480655683,34.553662403278416,34.50833079057021,-112.46182063815341,208.83424310569492,0.35246439327365436,-112.640625,209.337890625,14.355356858918377,20268,11622,0.03515625,63392,True,0.18083789991214871
angle_007_30,angle,7,2,1.0,30,sampled,2503.7954235076904,2497.4146156311035,2510.1762313842773,137.2665978073187,137.4789909819889,68.73949549099444,68.63329890365935,53.04268456652187,-92.61697390162772,0.6989366065659341,51.57421875,-93.26953125,16.85315495666235,35821,20536,0.03515625,81204,True,0.30320570000912994
angle_007_45,angle,7,2,1.0,45,sampled,1752.4155521392822,1747.9625358581543,1756.8685684204102,92.1312175914484,92.28785487125747,46.14392743562873,46.0656087957242,59.00466203954427,-91.35175316115757,0.4678316041154656,58.359375,-91.7578125,15.313994875367504,25027,14346,0.03515625,68792,True,0.21321919991169125
angle_007_60,angle,7,2,1.0,60,sampled,1423.4876174926758,1420.0201263427734,1426.9551086425781,70.30346865826252,70.37762316190386,35.18881158095193,35.15173432913126,62.91349701387443,-90.55576325178072,0.3420342854334167,62.54296875,-90.861328125,15.599386727161297,19565,11209,0.03515625,62452,True,0.1662407999392599
angle_007_90,angle,7,2,1.0,90,sampled,1225.6875171661377,1222.8727684020996,1228.5022659301758,49.528668511444984,49.65526297988525,24.827631489942625,24.764334255722492,70.04834780044996,-89.1989518472614,0.22754063053321558,69.890625,-89.4375,18.547184064336115,15811,9064,0.03515625,58212,True,0.11904090002644807
angle_007_120,angle,7,2,1.0,120,sampled,1409.6224422454834,1406.018222808838,1413.226661682129,69.60264527128093,69.71377114814054,34.85688557407027,34.80132263564047,80.27656645933558,-87.37213305370167,0.3555887187620872,80.47265625,-86.87109375,25.979630541063123,20229,11597,0.03515625,63268,True,0.14273009996395558
angle_008_30,angle,8,2,1.0,30,sampled,2535.023546218872,2528.2197303771973,2541.827362060547,138.45856241549149,138.65889739010422,69.32944869505211,69.22928120774574,-43.53760351900768,98.02276824033835,0.742308165167576,-44.876953125,97.048828125,17.778431974426965,38191,21897,0.03515625,83964,True,0.28440779994707555
angle_008_45,angle,8,2,1.0,45,sampled,1765.9942932128906,1761.393424987793,1770.5951614379883,92.64734840283698,92.79701131414681,46.39850565707341,46.32367420141849,-39.67141494435039,99.84811058313059,0.48226362529144273,-40.236328125,99.333984375,13.992995237647612,25940,14864,0.03515625,69740,True,0.24439699994400144
angle_008_60,angle,8,2,1.0,60,sampled,1430.921464920044,1427.436824798584,1434.406105041504,70.53624751242985,70.65703964635735,35.328519823178674,35.268123756214926,-38.767962855211366,100.3714674087745,0.3432979744716854,-39.05859375,100.001953125,13.166484070506447,19591,11226,0.03515625,62540,True,0.18227370001841336
angle_008_90,angle,8,2,1.0,90,sampled,1228.932689666748,1225.7615203857422,1232.103858947754,49.65240044913567,49.74481419511626,24.87240709755813,24.826200224567835,-40.29191369792869,99.98508674414158,0.2560648203790523,-40.412109375,99.720703125,14.62488453786388,17906,10264,0.03515625,60564,True,0.12633509992156178
angle_008_120,angle,8,2,1.0,120,sampled,1410.2747211456299,1406.453899383545,1414.0955429077148,69.52922409706612,69.6390295498545,34.81951477492725,34.76461204853306,-45.74638300940653,98.02871005069716,0.37632297326592484,-45.66796875,98.560546875,19.986841674674558,21482,12316,0.03515625,64688,True,0.15472879994194955
angle_009_30,angle,9,2,1.0,30,sampled,2453.5838527679443,2447.4409675598145,2459.726737976074,135.42154871821091,135.55531994811327,67.77765997405663,67.71077435910546,23.198537017642465,226.00548815286663,0.677067705884879,21.7265625,226.564453125,2.9232497454105766,34552,19806,0.03515625,79740,True,0.2431790999835357
angle_009_45,angle,9,2,1.0,45,sampled,1730.6125659942627,1726.2089881896973,1735.0161437988281,91.32448867333073,91.5118267983419,45.75591339917095,45.66224433666537,24.769948416984143,225.2166872497168,0.4645253022972897,24.029296875,225.38671875,1.2912736040419335,24790,14214,0.03515625,68548,True,0.22403729998040944
angle_009_60,angle,9,2,1.0,60,sampled,1412.0109386444092,1408.1595268249512,1415.8623504638672,69.83323821772225,69.96113183076025,34.980565915380126,34.91661910886113,25.38974594929998,224.9589578417104,0.3806148669005465,24.943359375,225.017578125,0.7797849599583809,21639,12408,0.03515625,64872,True,0.1963294999441132
angle_009_90,angle,9,2,1.0,90,sampled,1222.1308822631836,1218.7326049804688,1225.5291595458984,49.36580987702372,49.417083652703354,24.72285221700867,24.682905881967937,25.982095411996355,224.76607523823506,0.2740578654484663,25.71246409249604,224.72654212250296,0.608574319300058,19309,11065,0.03515625,62148,True,0.16998120001517236
angle_009_120,angle,9,2,1.0,120,sampled,1410.4751014709473,1406.9461212158203,1414.0040817260742,69.74957472148576,69.87453934137201,34.93726967068601,34.87478736074288,26.43619886205287,224.63420150739103,0.3487767437994748,26.9296875,224.841796875,0.8306081004582955,19901,11400,0.03515625,62852,True,0.17809739999938756
angle_010_30,angle,10,2,1.0,30,sampled,2680.125783920288,2673.5373344421387,2686.7142333984375,143.8313920445164,144.04361255152736,72.02180627576368,71.9156960222582,207.89089066003868,164.95378557656835,0.7064570188735271,208.546875,166.5703125,35.28043879201926,37141,21302,0.03515625,82576,True,0.3426099999342114
angle_010_45,angle,10,2,1.0,45,sampled,1828.1163654327393,1823.5904273986816,1832.6423034667969,94.96958761796674,95.10194508582065,47.55097254291032,47.48479380898337,200.97788578868526,155.14574262242652,0.4697321562015038,201.181640625,155.91796875,23.307073602127783,25452,14590,0.03515625,69308,True,0.22348499996587634
angle_010_60,angle,10,2,1.0,60,sampled,1465.2364025115967,1461.3170127868652,1469.1557922363281,71.81696945106535,71.91065490042493,35.955327450212465,35.908484725532674,197.96479068227825,150.82282007591607,0.38368413126073253,198.017578125,151.3125,18.057307301548878,22051,12644,0.03515625,65372,True,0.1944118000101298
angle_010_90,angle,10,2,1.0,90,sampled,1241.9121437072754,1238.4505233764648,1245.373764038086,50.13612215692476,50.230654052753316,25.115327026376658,25.06806107846238,195.79287287127448,147.57429634912526,0.27924059157167935,195.767578125,147.8671875,14.165036733623664,19474,11164,0.03515625,62388,True,0.1792486000340432
angle_010_120,angle,10,2,1.0,120,sampled,1410.6615772247314,1407.1139030456543,1414.2092514038086,69.10508471494317,69.23894690706112,34.61947345353056,34.55254235747159,196.33983439976993,148.03962324488964,0.3473845527242077,196.541015625,147.533203125,14.835095962803008,19920,11425,0.03515625,62960,True,0.17584809998515993
angle_011_30,angle,11,2,1.0,30,sampled,2632.048719406128,2625.92622756958,2638.171211242676,142.0886196790058,142.31036351224841,71.15518175612421,71.0443098395029,9.974125451702406,-172.37455568408865,0.6605288050652987,9.5625,-174.0234375,30.144004563265483,34573,19799,0.03515625,79648,True,0.27752609993331134
angle_011_45,angle,11,2,1.0,45,sampled,1807.9629249572754,1803.3462982177734,1812.5795516967773,94.2234887596793,94.35189548644354,47.17594774322177,47.11174437983965,15.497503855066682,-161.69038064429287,0.480627162783173,15.416015625,-162.474609375,21.21869222622634,26004,14898,0.03515625,69872,True,0.20101140008773655
angle_011_60,angle,11,2,1.0,60,sampled,1454.2315521240234,1450.2950134277344,1458.1680908203125,71.40692205133689,71.51279020285571,35.756395101427856,35.703461025668446,18.59570786502502,-155.71640872849505,0.3861185383020883,18.59765625,-156.19921875,17.89563201816973,22126,12687,0.03515625,65468,True,0.15807910007424653
angle_011_90,angle,11,2,1.0,90,sampled,1237.6091423034668,1234.2494888305664,1240.9687957763672,49.99436308557227,50.08071670848128,25.04035835424064,24.997181542786134,22.97421251313617,-147.34359074566171,0.27116532565144447,23.0625,-147.62109375,17.079119853382945,18868,10820,0.03515625,61708,True,0.1737223999807611
angle_011_120,angle,11,2,1.0,120,sampled,1409.9323596954346,1406.5898551940918,1413.2748641967773,69.22998975168252,69.33248373880458,34.66624186940229,34.61499487584126,27.757639030036724,-138.30935028055598,0.3279533866442021,27.474609375,-137.84765625,21.53231177114071,18960,10856,0.03515625,61728,True,0.17074820003472269
angle_012_30,angle,12,2,1.0,30,sampled,2542.7739543914795,2535.8765144348145,2549.6713943481445,138.74601244995893,138.9696146185613,69.48480730928065,69.37300622497946,215.118350965897,11.757688346572408,0.7518887137826387,213.99609375,12.955078125,15.826623849384038,38732,22210,0.03515625,84560,True,0.3444899999303743
angle_012_45,angle,12,2,1.0,45,sampled,1769.3800563812256,1764.7913932800293,1773.9687194824219,92.80696339132348,92.93068425340289,46.465342126701444,46.40348169566174,218.43872431568684,6.1990091165154375,0.4807611285580375,217.828125,6.697265625,10.135877115047421,25767,14774,0.03515625,69664,True,0.22774720005691051
angle_012_60,angle,12,2,1.0,60,sampled,1432.7733993530273,1429.3689422607422,1436.1778564453125,70.64430402403325,70.72256207274177,35.36128103637088,35.32215201201662,220.12289928438676,3.39930811636647,0.33529541895188125,219.7265625,3.65625,7.738938299586064,19266,11037,0.03515625,62104,True,0.16857830004300922
angle_012_90,angle,12,2,1.0,90,sampled,1229.959774017334,1226.6402893066406,1233.2792587280273,49.67480467790082,49.75109984749238,24.87554992374619,24.83740233895041,222.15184954910404,0.03136877864101084,0.26781933469676467,221.87109375,0.10546875,6.050309977514255,18702,10727,0.03515625,61520,True,0.16713900002650917
angle_012_120,angle,12,2,1.0,120,sampled,1410.8330669403076,1406.970531463623,1414.6956024169922,69.50293709017019,69.57545338248904,34.78772669124452,34.751468545085096,223.9257207617744,-2.9331737115601317,0.379922941072471,224.47265625,-2.953125,6.464447908788693,21750,12468,0.03515625,64980,True,0.18720539996866137
angle_013_30,angle,13,2,1.0,30,sampled,2859.3552474975586,2852.7842559814453,2865.926239013672,150.34218766441984,150.52090445792905,75.26045222896452,75.17109383220992,-226.87230570683343,45.869835114123106,0.6902282220153337,-225.052734375,46.08984375,58.7736694778561,36968,21185,0.03515625,82452,True,0.3145725999493152
angle_013_45,angle,13,2,1.0,45,sampled,1902.699405670166,1898.0562057495117,1907.3426055908203,97.6738634897217,97.82751365218358,48.91375682609179,48.83693174486085,-248.75030801601633,48.36346244636577,0.47629901654393375,-247.95703125,48.568359375,38.210845886046805,26126,14978,0.03515625,70028,True,0.21545870008412749
angle_013_60,angle,13,2,1.0,60,sampled,1504.9960613250732,1501.2731895446777,1508.7189331054688,73.27748758706697,73.37867376693275,36.689336883466375,36.638743793533486,-259.697197621935,49.60637631631834,0.36213424231041336,-259.2421875,49.798828125,28.741515901411578,20879,11972,0.03515625,64076,True,0.1644660000456497
angle_013_90,angle,13,2,1.0,90,sampled,1256.023738861084,1253.2109985351562,1258.8364791870117,50.727295330188,50.82928752537177,25.414643762685884,25.363647665094,-271.7814056370119,50.965782950621595,0.22714560488924193,-271.546875,51.134765625,20.192096584099218,15806,9058,0.03515625,58200,True,0.13604589994065464
angle_013_120,angle,13,2,1.0,120,sampled,1411.316946029663,1407.9296379089355,1414.7042541503906,68.68295542406203,68.83403422419846,34.41701711209923,34.341477712031015,-280.1002443554708,51.879699204998325,0.3296266091319443,-280.44140625,51.46875,17.05523996027352,19018,10902,0.03515625,61936,True,0.1405183000024408
angle_014_30,angle,14,2,1.0,30,sampled,2565.009527206421,2558.8598442077637,2571.159210205078,139.5904152025434,139.71465743113222,69.85732871556611,69.7952076012717,46.64044222094958,-9.354896584848962,0.6683373398716307,48.287109375,-9.17578125,20.54268180079734,34592,19829,0.03515625,79780,True,0.27780439995694906
angle_014_45,angle,14,2,1.0,45,sampled,1779.1249980926514,1774.654987335205,1783.5950088500977,93.13228710772921,93.29854753841734,46.64927376920867,46.566143553864606,40.591305379206005,-8.768347315363298,0.467645972411319,41.361328125,-8.578125,14.636759755519687,25152,14422,0.03515625,68980,True,0.23227280005812645
angle_014_60,angle,14,2,1.0,60,sampled,1438.3441886901855,1434.7089157104492,1441.9794616699219,70.83330944584462,70.95723640040534,35.47861820020267,35.41665472292231,38.46739417055729,-8.618594666963174,0.35777059390905896,38.935546875,-8.4375,12.625269081796453,20554,11781,0.03515625,63588,True,0.19325090001802891
angle_014_90,angle,14,2,1.0,90,sampled,1231.3429698944092,1228.5415077209473,1234.144432067871,49.74961546169403,49.87265674564711,24.936328372823557,24.874807730847014,38.343896744297325,-8.797406213688243,0.22641816910988088,38.583984375,-8.630859375,12.589603314770056,15728,9021,0.03515625,58112,True,0.14368059998378158
angle_014_120,angle,14,2,1.0,120,sampled,1410.123779296875,1406.6995468139648,1413.5480117797852,69.43419006864184,69.53309030219106,34.76654515109553,34.71709503432092,42.13904353739394,-9.51696264921324,0.33687920674176675,41.80078125,-9.94921875,16.352182872981746,19322,11072,0.03515625,62200,True,0.17037469998467714
angle_015_30,angle,15,2,1.0,30,sampled,2110.792751312256,2105.0983657836914,2116.4871368408203,122.09899244337963,122.33473835345303,61.16736917672652,61.049496221689814,-121.34078765379905,-302.54987387254937,0.658280555165986,-120.76171875,-301.32421875,49.48964989363545,31993,18344,0.03515625,76880,True,0.2893932000733912
angle_015_45,angle,15,2,1.0,45,sampled,1574.4072189331055,1570.325454711914,1578.4889831542969,85.40428586474675,85.51544451507196,42.75772225753598,42.70214293237338,-110.96690601614686,-290.8977798337961,0.4422633106800464,-110.759765625,-290.25,34.69814372391323,22987,13178,0.03515625,66476,True,0.1999466000124812
angle_015_60,angle,15,2,1.0,60,sampled,1324.394525527954,1320.731288909912,1328.057762145996,66.52380501449055,66.6541454127799,33.32707270638995,33.261902507245274,-105.3572867185378,-284.611591003942,0.3677097686260862,-105.29296875,-284.185546875,27.0950772884445,20591,11818,0.03515625,63780,True,0.18415230000391603
angle_015_90,angle,15,2,1.0,90,sampled,1189.0477352142334,1185.6400337219238,1192.455436706543,49.32544030806489,49.41768390880087,24.709436292160937,24.66344287402961,-99.25576945514658,-277.81817265150585,0.28244362014501995,-99.22629962055645,-278.19649727159504,19.647945409807317,19209,11011,0.03515625,62040,True,0.16645349992904812
angle_015_120,angle,15,2,1.0,120,sampled,1411.7059650421143,1408.0544700622559,1415.3574600219727,70.93616571053788,71.05937409382696,35.52968704691348,35.46808285526894,-95.93305923947284,-274.21127775200597,0.3666535912015625,-95.73046875,-274.728515625,16.418602143092592,20571,11786,0.03515625,63632,True,0.1799618999939412
angle_016_30,angle,16,2,1.0,30,sampled,2816.698802947998,2810.4086837768555,2822.9889221191406,148.8268871442124,149.01499832755928,74.50749916377964,74.4134435721062,177.8774193881464,101.43927215504443,0.664063603242437,178.34765625,99.703125,53.13000194673412,38581,21733,0.03515625,81564,True,0.3432664000429213
angle_016_45,angle,16,2,1.0,45,sampled,1884.325595855713,1880.2738037109375,1888.3773880004883,97.0263840491861,97.13723406825851,48.568617034129254,48.51319202459305,177.20072281309785,121.07038931944086,0.41684451896527,177.521484375,120.322265625,34.46160175081181,26980,15063,0.03515625,68844,True,0.2259848000248894
angle_016_60,angle,16,2,1.0,60,sampled,1494.885274887085,1491.7340354919434,1498.0365142822266,72.91047305005846,73.04331751029765,36.52165875514883,36.45523652502923,176.85812045187959,130.721580047628,0.3073048987735442,177.1171875,130.2890625,25.81399451844047,21324,11819,0.03515625,62644,True,0.17686250002589077
angle_016_90,angle,16,2,1.0,90,sampled,1251.7914962768555,1249.5791244506836,1254.0038681030273,50.58912913736944,50.66370590660938,25.33185295330469,25.29456456868472,176.4750060085083,140.9007717690076,0.17876652282867006,176.6953125,140.6953125,17.83602721820231,15497,8545,0.03515625,56344,True,0.13655639998614788
angle_016_120,angle,16,2,1.0,120,sampled,1410.5455513000488,1407.5294952392578,1413.5616073608398,68.81254240861048,68.91501160017707,34.45750580008853,34.40627120430524,176.20380191781925,147.06317039289894,0.2940820369396733,175.728515625,147.33984375,14.390896674205418,20410,11373,0.03515625,61636,True,0.17399339994881302
angle_017_30,angle,17,2,1.0,30,sampled,2693.355983734131,2686.629570007324,2700.0823974609375,144.33830980057382,144.51876181267656,72.25938090633828,72.16915490028691,-26.35829646658351,264.5719618325311,0.7200469023849116,-25.646484375,263.021484375,36.718861771468404,37811,21676,0.03515625,83492,True,0.3479628999484703
angle_017_45,angle,17,2,1.0,45,sampled,1833.7135734558105,1829.1086883544922,1838.318458557129,95.15604254037575,95.3069921884526,47.6534960942263,47.578021270187875,-29.14605483866554,278.3230122420699,0.47747738846569576,-28.705078125,277.646484375,23.91577918030721,25875,14835,0.03515625,69816,True,0.24982819997239858
angle_017_60,angle,17,2,1.0,60,sampled,1467.8311500549316,1464.2978439331055,1471.3644561767578,71.9355724086407,72.03457288380183,36.017286441900914,35.96778620432035,-30.569808231186354,285.3174284983185,0.3459648577006193,-30.251953125,284.94140625,18.110660719256085,19911,11416,0.03515625,63008,True,0.14986759994644672
angle_017_90,angle,17,2,1.0,90,sampled,1242.4547309875488,1239.6042938232422,1245.3051681518555,50.1863134108491,50.280283897891216,25.140141948945608,25.09315670542455,-32.220389542779145,293.3909439131902,0.23017778054697838,-31.9921875,293.220703125,13.148972660296714,15961,9151,0.03515625,58448,True,0.13030820002313703
angle_017_120,angle,17,2,1.0,120,sampled,1410.8849773406982,1407.2690162658691,1414.5009384155273,69.10095756960342,69.22416497054436,34.61208248527218,34.55047878480171,-33.50271636720936,299.6242422439752,0.3539225449386084,-34.013671875,299.794921875,12.077625350128743,20328,11653,0.03515625,63396,True,0.14808660000562668
angle_018_30,angle,18,2,1.0,30,sampled,2171.771095275879,2165.584487915039,2177.9577026367188,124.4864147081898,124.68526251370028,62.34263125685014,62.2432073540949,66.76115925274806,150.1826999772065,0.7083505450281663,65.7421875,151.154296875,39.824593662989614,34756,19929,0.03515625,80020,True,0.3022953999461606
angle_018_45,angle,18,2,1.0,45,sampled,1602.9193153381348,1598.6666793823242,1607.1719512939453,86.47501735769794,86.64715530647892,43.32357765323946,43.23750867884897,60.670060974772255,161.11239525018107,0.4585431046483459,60.099609375,161.525390625,27.972525298948113,23895,13702,0.03515625,67504,True,0.21009750000666827
angle_018_60,angle,18,2,1.0,60,sampled,1340.1253852844238,1336.8639907836914,1343.3867797851562,67.18377771756602,67.2794094516088,33.6397047258044,33.59188885878301,57.37669074140398,167.03846231599314,0.32667389511320605,56.98828125,167.255859375,21.864145690224863,18520,10619,0.03515625,61220,True,0.1643095000181347
angle_018_90,angle,18,2,1.0,90,sampled,1195.1212520599365,1191.795124053955,1198.447380065918,49.31810424057061,49.42894986336172,24.716517490859708,24.661099110885623,53.820844866766755,173.49401639211177,0.2743666800585559,54.060876830722066,173.43253469856947,15.87429431561987,18660,10707,0.03515625,61504,True,0.14531839999835938
angle_018_120,angle,18,2,1.0,120,sampled,1411.5574951171875,1407.6747207641602,1415.4402694702148,70.70932260906625,70.81599804149681,35.407999020748406,35.354661304533124,51.95108494362968,177.01352886717243,0.38851874842090534,52.48828125,177.01171875,13.27876108879192,21761,12485,0.03515625,65120,True,0.1755127999931574
angle_019_30,angle,19,2,1.0,30,sampled,2393.4716091156006,2386.9913063049316,2399.9519119262695,133.14052257034737,133.32084842085737,66.66042421042869,66.57026128517369,-260.5192383263418,126.63090046654682,0.7199806499864508,-261.38671875,125.349609375,9.316775977913847,36655,20990,0.03515625,81980,True,0.277154800016433
angle_019_45,angle,19,2,1.0,45,sampled,1703.6760120391846,1699.4213676452637,1707.9306564331055,90.31752497543313,90.49830617426028,45.24915308713014,45.158762487716565,-262.48828914429816,125.29121881315439,0.4508826041307542,-262.828125,124.62890625,8.882032878574828,23947,13727,0.03515625,67488,True,0.2143657999113202
angle_019_60,angle,19,2,1.0,60,sampled,1396.965419769287,1393.3276748657227,1400.6031646728516,69.28502647833804,69.41850607435818,34.70925303717909,34.64251323916902,-264.1788773309691,124.02843454802128,0.3605972384676696,-264.322265625,123.591796875,8.928027826599234,20424,11710,0.03515625,63500,True,0.1755288999993354
angle_019_90,angle,19,2,1.0,90,sampled,1216.5359916687012,1213.0774612426758,1219.9945220947266,49.34342816316137,49.43508816513359,24.728642351820966,24.682809737621337,-267.4696059344807,121.42747741958817,0.2802844659315397,-267.4904901798547,121.253587549479,10.283682454743344,19399,11127,0.03515625,62320,True,0.17416749999392778
angle_019_120,angle,19,2,1.0,120,sampled,1410.4788093566895,1406.681625366211,1414.275993347168,69.93751669057693,70.05418957877582,35.02709478938791,34.968758345288464,-272.0511580087593,117.66767211877703,0.3761764300402379,-272.14453125,118.1953125,14.163395152287224,21317,12234,0.03515625,64536,True,0.19387850002385676
angle_020_30,angle,20,2,1.0,30,sampled,2354.2905349731445,2347.7485885620117,2360.8324813842773,131.59178564181306,131.7913283903444,65.8956641951722,65.79589282090653,192.82075097031944,-136.60252012588163,0.7303964297171173,193.939453125,-135.5625,12.525700939874769,36652,21028,0.03515625,82268,True,0.3349879999877885
angle_020_45,angle,20,2,1.0,45,sampled,1686.2749042510986,1681.8744163513184,1690.675392150879,89.66498698347684,89.79114101695642,44.89557050847821,44.83249349173842,195.36565639552757,-135.55617161574241,0.4674165500805009,195.837890625,-134.982421875,9.774890122246516,25026,14317,0.03515625,68692,True,0.21945670002605766
angle_020_60,angle,20,2,1.0,60,sampled,1386.9053077697754,1383.5944747924805,1390.2161407470703,68.93415410766322,69.04231026471705,34.52115513235852,34.46707705383161,196.61582683252718,-135.06206981647546,0.32885182519923145,196.857421875,-134.666015625,8.43193466131544,18736,10736,0.03515625,61584,True,0.16037850000429899
angle_020_90,angle,20,2,1.0,90,sampled,1212.7313919067383,1209.4264297485352,1216.0363540649414,49.32192589779497,49.4093547040982,24.713890230236107,24.670186777368954,197.26181081147476,-134.93201293770352,0.26857099627394765,197.29603767426028,-134.82790812723542,7.79103877333146,18655,10693,0.03515625,61380,True,0.16412860003765672
angle_020_120,angle,20,2,1.0,120,sampled,1410.787799835205,1406.920783996582,1414.6548156738281,70.05510700568607,70.19755056949658,35.09877528474829,35.027553502843034,195.9741776191259,-135.79914494060273,0.38377565590866225,195.9609375,-136.3359375,9.328929451481526,21813,12504,0.03515625,65040,True,0.1953948000445962
angle_021_30,angle,21,2,1.0,30,sampled,2572.9661865234375,2566.866714477539,2579.065658569336,139.88540005308008,140.08576790446904,70.04288395223452,69.94270002654004,196.0533548113287,-137.9462856879606,0.6626037010903454,195.591796875,-136.388671875,21.804631721894793,34338,19687,0.03515625,79496,True,0.3038352000294253
angle_021_45,angle,21,2,1.0,45,sampled,1782.4189910888672,1778.0999221801758,1786.7380599975586,93.25347897991747,93.3873356403737,46.69366782018685,46.62673948995874,196.6400731041326,-146.78267951112042,0.45148905355541374,196.3125,-146.07421875,15.59127043308695,24392,13981,0.03515625,68008,True,0.22804079996421933
angle_021_60,angle,21,2,1.0,60,sampled,1439.9988327026367,1436.5875778198242,1443.4100875854492,70.90656122750464,71.00905465428693,35.504527327143464,35.45328061375232,196.9623386359507,-151.7531486013656,0.3356357094864713,196.69921875,-151.330078125,13.473012607481854,19304,11065,0.03515625,62148,True,0.166687999968417
angle_021_90,angle,21,2,1.0,90,sampled,1231.691665649414,1229.2092361450195,1234.1740951538086,49.778096761892456,49.87751385082714,24.93875692541357,24.889048380946228,197.39002685606405,-158.91212126417525,0.20064821077565964,197.173828125,-158.712890625,13.452748914498923,14100,8087,0.03515625,56352,True,0.11746430001221597
angle_021_120,angle,21,2,1.0,120,sampled,1410.03324508667,1406.6593780517578,1413.407112121582,69.44111855981569,69.51240582513766,34.75620291256883,34.720559279907846,197.81293402973225,-166.9907413601785,0.33185854594835296,198.28125,-167.255859375,17.474743949452712,19207,11000,0.03515625,61912,True,0.16625210002530366
angle_022_30,angle,22,2,1.0,30,sampled,2112.699686050415,2106.8259315490723,2118.573440551758,122.19059311642029,122.39556418964203,61.197782094821015,61.095296558210144,-177.30830396213116,-85.70673818000479,0.6786845169890013,-176.09765625,-85.0078125,49.30153437791075,32864,18851,0.03515625,77952,True,0.2752745000179857
angle_022_45,angle,22,2,1.0,45,sampled,1575.3318729400635,1571.1285209655762,1579.5352249145508,85.47909450938593,85.52840072351562,42.76420036175781,42.739547254692965,-161.6139326173978,-81.9638256492897,0.4552047543927097,-161.068359375,-81.544921875,34.65021930334314,23659,13559,0.03515625,67220,True,0.20490039989817888
angle_022_60,angle,22,2,1.0,60,sampled,1324.4958744049072,1321.1892127990723,1327.8025360107422,66.57322602152158,66.67260232568476,33.33630116284238,33.28661301076079,-152.78542842472285,-79.86289154587492,0.3320730730546834,-152.47265625,-79.55859375,27.16135100446529,18628,10673,0.03515625,61388,True,0.16262990003451705
angle_022_90,angle,22,2,1.0,90,sampled,1188.7426071166992,1185.7824783325195,1191.702735900879,49.33678369226815,49.432887965378434,24.71688254752166,24.668985588464086,-142.17480279422784,-77.35066104951005,0.24557754235720297,-142.37919544676348,-77.70860274541697,19.9957825153093,16666,9550,0.03515625,59184,True,0.1393366000847891
angle_022_120,angle,22,2,1.0,120,sampled,1411.7336196899414,1407.9750595092773,1415.4921798706055,70.91553754912493,71.04807620252696,35.52403810126348,35.45776877456247,-134.29703893849972,-75.5107481128485,0.37730829449303577,-134.455078125,-76.025390625,17.425278435339926,21431,12265,0.03515625,64300,True,0.17671440006233752
angle_023_30,angle,23,2,1.0,30,sampled,2519.6761436462402,2513.607879638672,2525.7444076538086,137.86772774325533,138.06801140052218,69.03400570026109,68.93386387162766,1.060276202533398,65.19363118070062,0.663434622790355,1.529296875,66.7265625,15.992224829247666,34145,19568,0.03515625,79248,True,0.2959254999877885
angle_023_45,angle,23,2,1.0,45,sampled,1759.5816593170166,1755.0643730163574,1764.0989456176758,92.45727810308368,92.55295296630574,46.27647648315287,46.22863905154184,-2.1025297884147562,59.620968041881525,0.47399629999082427,-1.986328125,60.380859375,12.96747809115033,25381,14552,0.03515625,69200,True,0.21732510009314865
angle_023_60,angle,23,2,1.0,60,sampled,1427.7822761535645,1423.9443054199219,1431.620246887207,70.4507741935648,70.52413851845006,35.26206925922503,35.2253870967824,-4.021793934888208,56.27534412466764,0.37813041585251034,-4.0078125,56.7421875,12.468431021903402,21992,12599,0.03515625,65144,True,0.1814491000259295
angle_023_90,angle,23,2,1.0,90,sampled,1227.8692989349365,1224.4758110046387,1231.2627868652344,49.598236400260376,49.69523404946842,24.84761702473421,24.799118200130188,-7.2145694291836975,50.84194701195952,0.273930437497509,-7.294921875,51.1171875,14.155703230195213,19014,10910,0.03515625,61944,True,0.1366891999496147
angle_023_120,angle,23,2,1.0,120,sampled,1409.8802947998047,1406.4548263549805,1413.305763244629,69.5847967972351,69.68000677903643,34.840003389518216,34.79239839861755,-11.463903188659245,43.793054989556,0.33777073675657643,-11.21484375,43.3125,19.518328022658203,19280,11054,0.03515625,62224,True,0.13268939999397844
angle_024_30,angle,24,2,1.0,30,sampled,2142.9143199920654,2137.3591346740723,2148.4695053100586,123.39956429774001,123.57534394491287,61.78767197245644,61.69978214887001,151.69640033478026,-49.75523135563879,0.6390446172515396,150.310546875,-49.763671875,44.41444099178408,31196,17891,0.03515625,75900,True,0.22481429995968938
angle_024_45,angle,24,2,1.0,45,sampled,1589.749059677124,1585.4755668640137,1594.0225524902344,85.96999998026314,86.11408437976016,43.05704218988008,42.98499999013157,137.74921154172497,-45.631288386732784,0.46173489845494264,137.056640625,-45.720703125,31.25099536781247,24001,13767,0.03515625,67664,True,0.20492370007559657
angle_024_60,angle,24,2,1.0,60,sampled,1332.899024963379,1329.2893981933594,1336.5086517333984,66.89452412180619,66.99321165853445,33.496605829267224,33.44726206090309,129.87919410716705,-43.30197792291927,0.3618689484704779,129.4453125,-43.400390625,24.52258701533261,20362,11670,0.03515625,63384,True,0.18360450002364814
angle_024_90,angle,24,2,1.0,90,sampled,1191.8782424926758,1188.9230575561523,1194.8334274291992,49.32556559436104,49.44566275897036,24.723759360855446,24.663847154811076,120.37053403347797,-40.4740195669505,0.2445881985008084,120.66425504954239,-40.30854640207281,18.111407343609194,16595,9513,0.03515625,59096,True,0.13284049998037517
angle_024_120,angle,24,2,1.0,120,sampled,1411.3149375915527,1407.7970809936523,1414.8327941894531,70.82396495424992,70.92340179030325,35.46170089515162,35.41198247712496,113.22891430810382,-38.327824470459966,0.35268953046355467,113.625,-37.951171875,15.900192425488886,19791,11345,0.03515625,62768,True,0.17025139997713268
angle_025_30,angle,25,2,1.0,30,sampled,2468.3892860412598,2461.661018371582,2475.1175537109375,135.96032338035758,136.1584996389347,68.07924981946735,67.98016169017879,111.9293326076303,-64.11115121767344,0.7402564211133723,110.91796875,-65.3203125,13.526874714475948,37818,21682,0.03515625,83552,True,0.29661670001223683
angle_025_45,angle,25,2,1.0,45,sampled,1736.7786254882812,1732.3285446166992,1741.2287063598633,91.56971561265664,91.7260181984958,45.8630090992479,45.78485780632832,115.19339637921294,-61.48630936161355,0.46885075753759176,114.78515625,-62.12109375,13.397886985375042,24992,14327,0.03515625,68764,True,0.21821630001068115
angle_025_60,angle,25,2,1.0,60,sampled,1414.9465026855469,1411.4326629638672,1418.4603424072266,69.96370224593613,70.07406153300553,35.03703076650277,34.98185112296807,117.514930406559,-59.677325069047974,0.3471778709811986,117.31640625,-60.099609375,14.11562690913799,19849,11368,0.03515625,62728,True,0.16475370002444834
angle_025_90,angle,25,2,1.0,90,sampled,1223.1004943847656,1219.6985092163086,1226.5024795532227,49.40203735227591,49.5122457442368,24.7561228721184,24.701018676137956,122.27953751460072,-56.12153087940873,0.2746670772981248,122.23828125,-56.408203125,17.182973171056076,19177,10998,0.03515625,62076,True,0.15786109992768615
angle_025_120,angle,25,2,1.0,120,sampled,1409.9682025909424,1406.1232795715332,1413.8131256103516,69.7067367756984,69.7993235776638,34.8996617888319,34.8533683878492,129.77130106962161,-50.703811684641416,0.37964426995553774,129.7265625,-50.150390625,24.26167637592943,21625,12404,0.03515625,64916,True,0.15510019997600466
angle_026_30,angle,26,2,1.0,30,sampled,2523.3820209503174,2516.544834136963,2530.219207763672,137.9991971697467,138.19941103156935,69.09970551578468,68.99959858487335,-235.6770787155182,138.86738263386422,0.7468880070304633,-236.91796875,139.921875,13.13205518638252,38373,22020,0.03515625,84188,True,0.2734476999612525
angle_026_45,angle,26,2,1.0,45,sampled,1760.9174251556396,1756.4171333312988,1765.4177169799805,92.46718320457046,92.61824486690817,46.309122433454085,46.23359160228523,-232.74636771243834,135.1434540080047,0.4721932108763011,-233.40234375,135.5625,8.393996483380075,25243,14482,0.03515625,69060,True,0.21495639998465776
angle_026_60,angle,26,2,1.0,60,sampled,1428.2797508239746,1424.7717819213867,1431.7877197265625,70.45712908485127,70.55915428589007,35.27957714294504,35.22856454242564,-231.5308457879153,133.66355509499564,0.3457486268635881,-231.9609375,133.857421875,6.481273122486274,19922,11412,0.03515625,62740,True,0.17149709991645068
angle_026_90,angle,26,2,1.0,90,sampled,1228.312391281128,1224.9213752746582,1231.7034072875977,49.58674719248428,49.71727715497982,24.85863857748991,24.79337359624214,-230.7094611884546,132.8162678604807,0.2737543496804871,-230.994140625,132.873046875,5.315081961135589,19439,11123,0.03515625,62100,True,0.16929140000138432
angle_026_120,angle,26,2,1.0,120,sampled,1410.7712688446045,1406.9383964538574,1414.6041412353516,69.56345253675242,69.63892306104783,34.81946153052392,34.78172626837621,-230.9898014342126,133.50394764561787,0.37737356726377913,-230.44921875,133.541015625,6.042948780472241,21679,12441,0.03515625,64920,True,0.19149320002179593
angle_027_30,angle,27,2,1.0,30,sampled,2491.6791343688965,2485.7573318481445,2497.6009368896484,136.8701962816887,137.03607265289634,68.51803632644817,68.43509814084435,-126.29506899649554,-229.16135332722376,0.6498240359250185,-127.845703125,-229.5,18.295038227193224,33365,19121,0.03515625,78444,True,0.28956589999143034
angle_027_45,angle,27,2,1.0,45,sampled,1747.0885562896729,1742.7980690002441,1751.3790435791016,91.99154632539293,92.14777721056886,46.07388860528443,45.995773162696466,-124.95117109171346,-228.92879281327905,0.4514829252074442,-125.666015625,-229.18359375,17.644010988214518,24170,13853,0.03515625,67768,True,0.20921869995072484
angle_027_60,angle,27,2,1.0,60,sampled,1420.5468006134033,1417.1214866638184,1423.9721145629883,70.19981302089732,70.29478780815235,35.147393904076175,35.09990651044866,-125.91228894958716,-228.73030036832222,0.33818319165087596,-126.333984375,-228.9375,18.385830356796983,19438,11134,0.03515625,62308,True,0.1654460000572726
angle_027_90,angle,27,2,1.0,90,sampled,1224.2035903930664,1221.6513290405273,1226.7558517456055,49.490860528777496,49.59025529688425,24.795127648442126,24.745430264388748,-131.01958840987245,-228.31861374404005,0.20634471297069418,-131.23828125,-228.515625,22.201767826112274,14361,8232,0.03515625,56568,True,0.12628760002553463
angle_027_120,angle,27,2,1.0,120,sampled,1408.9508514404297,1405.5859451293945,1412.3157577514648,69.65405614999727,69.75645859872297,34.878229299361486,34.82702807499864,-141.6594773652999,-227.70319792314365,0.33239584913788317,-141.36328125,-227.232421875,31.251867632811564,18988,10881,0.03515625,61924,True,0.16855909989681095
angle_028_30,angle,28,2,1.0,30,sampled,2717.343687057495,2710.546977996826,2724.140396118164,145.1647582485278,145.4005420973798,72.7002710486899,72.5823791242639,147.09537809321233,-130.1408972983498,0.7255464390217654,145.529296875,-130.88671875,40.17160866490137,38220,21908,0.03515625,83956,True,0.31712869997136295
angle_028_45,angle,28,2,1.0,45,sampled,1843.7826461791992,1839.1422271728516,1848.4230651855469,95.49686526601157,95.67222308815596,47.83611154407798,47.748432633005784,160.65084199832046,-127.21477555682816,0.480365356567596,159.978515625,-127.65234375,26.3869398038931,26100,14961,0.03515625,70016,True,0.2091645000036806
angle_028_60,angle,28,2,1.0,60,sampled,1473.2553234100342,1469.696216583252,1476.8144302368164,72.12184942758995,72.24575159590512,36.12287579795256,36.060924713794975,166.7399949256351,-125.87593384558346,0.34822296213582693,166.359375,-126.193359375,20.222539287682675,20069,11493,0.03515625,63120,True,0.17365640006028116
angle_028_90,angle,28,2,1.0,90,sampled,1244.4265537261963,1241.5617485046387,1247.291358947754,50.262649765873036,50.35579055779181,25.177895278895907,25.131324882936518,171.63669481061183,-124.73315336208442,0.23131649344115504,171.474609375,-124.98046875,15.278336886601473,16260,9308,0.03515625,58632,True,0.15424129995517433
angle_028_120,angle,28,2,1.0,120,sampled,1410.8987274169922,1407.2637634277344,1414.53369140625,69.03026597032697,69.16392450373814,34.58196225186907,34.51513298516348,171.7621768586235,-124.54515747604867,0.35546466861018783,171.931640625,-124.03125,15.085150292593436,20435,11716,0.03515625,63512,True,0.1759703999850899
angle_029_30,angle,29,2,1.0,30,sampled,2178.918508529663,2172.710735321045,2185.1262817382812,124.81857592178177,125.01744903847188,62.50872451923594,62.409287960890886,-163.32666574989568,-246.90849994757627,0.7103296292179838,-162.31640625,-245.900390625,39.0853676607588,34866,19994,0.03515625,80096,True,0.3035549999913201
angle_029_45,angle,29,2,1.0,45,sampled,1606.1978588104248,1601.9466133117676,1610.449104309082,86.66632798446601,86.7895102987705,43.39475514938525,43.333163992233004,-151.83383856797127,-240.697758413698,0.4582119534247641,-151.400390625,-240.134765625,27.80236200796955,24081,13788,0.03515625,67588,True,0.21231159998569638
angle_029_60,angle,29,2,1.0,60,sampled,1341.9644966125488,1338.7080459594727,1345.220947265625,67.24693620360688,67.36687005698286,33.68343502849143,33.62346810180344,-145.13775755612508,-237.0762768292961,0.32615740698757,-144.9140625,-236.689453125,22.14722800503249,18431,10549,0.03515625,61140,True,0.1602574000135064
angle_029_90,angle,29,2,1.0,90,sampled,1195.7384605407715,1192.4313354492188,1199.0455856323242,49.30679415918609,49.439363273298135,24.72141533732616,24.65550135792835,-136.4816949995441,-232.3929100482469,0.27272050495943584,-136.55794335252315,-232.64521994749032,17.23496537390245,18570,10652,0.03515625,61452,True,0.1708429999416694
angle_029_120,angle,29,2,1.0,120,sampled,1411.349853515625,1407.4683151245117,1415.2313919067383,70.68201002258297,70.77009011515547,35.385045057577734,35.341005011291486,-128.93884098686385,-228.31094185136513,0.3882005773690817,-128.935546875,-228.8671875,16.923321168664373,21786,12496,0.03515625,65096,True,0.2135559000307694
