2026-09-11 11:45:36,765 INFO 开始模块：experiment.experiment_number
2026-09-11 11:45:36,780 DEBUG 层 0：检查 40000 格，内部 0，边界 10
2026-09-11 11:45:36,781 DEBUG 层 1：检查 40 格，内部 6，边界 21
2026-09-11 11:45:36,781 DEBUG 层 2：检查 84 格，内部 18，边界 41
2026-09-11 11:45:36,781 DEBUG 层 3：检查 164 格，内部 37，边界 80
2026-09-11 11:45:36,781 DEBUG 层 4：检查 320 格，内部 77，边界 162
2026-09-11 11:45:36,781 DEBUG 层 5：检查 648 格，内部 143，边界 324
2026-09-11 11:45:36,781 DEBUG 层 6：检查 1296 格，内部 339，边界 650
2026-09-11 11:45:36,782 DEBUG 层 7：检查 2600 格，内部 635，边界 1299
2026-09-11 11:45:36,782 DEBUG 层 8：检查 5196 格，内部 1283，边界 2599
2026-09-11 11:45:36,784 DEBUG 层 9：检查 10396 格，内部 2569，边界 5199
2026-09-11 11:45:36,911 DEBUG 求解结束：sampled；可行点 17977，叶格 10306，边界格边长 0.035156 m
2026-09-11 11:45:36,912 INFO number_000_2 | 面积 1235.7856 [1232.5893, 1238.9820] m² | 定位误差 9.1003 m | sampled
2026-09-11 11:45:36,916 DEBUG 层 0：检查 40000 格，内部 0，边界 9
2026-09-11 11:45:36,917 DEBUG 层 1：检查 36 格，内部 4，边界 19
2026-09-11 11:45:36,917 DEBUG 层 2：检查 76 格，内部 16，边界 37
2026-09-11 11:45:36,917 DEBUG 层 3：检查 148 格，内部 32，边界 70
2026-09-11 11:45:36,917 DEBUG 层 4：检查 280 格，内部 68，边界 142
2026-09-11 11:45:36,918 DEBUG 层 5：检查 568 格，内部 125，边界 286
2026-09-11 11:45:36,918 DEBUG 层 6：检查 1144 格，内部 295，边界 572
2026-09-11 11:45:36,918 DEBUG 层 7：检查 2288 格，内部 568，边界 1143
2026-09-11 11:45:36,918 DEBUG 层 8：检查 4572 格，内部 1130，边界 2286
2026-09-11 11:45:36,919 DEBUG 层 9：检查 9144 格，内部 2252，边界 4574
2026-09-11 11:45:37,025 DEBUG 求解结束：sampled；可行点 15810，叶格 9064，边界格边长 0.035156 m
2026-09-11 11:45:37,027 INFO number_000_3 | 面积 984.1578 [981.3519, 986.9638] m² | 定位误差 8.9300 m | sampled
2026-09-11 11:45:37,031 DEBUG 层 0：检查 40000 格，内部 0，边界 9
2026-09-11 11:45:37,031 DEBUG 层 1：检查 36 格，内部 4，边界 19
2026-09-11 11:45:37,031 DEBUG 层 2：检查 76 格，内部 15，边界 37
2026-09-11 11:45:37,031 DEBUG 层 3：检查 148 格，内部 34，边界 70
2026-09-11 11:45:37,031 DEBUG 层 4：检查 280 格，内部 63，边界 142
2026-09-11 11:45:37,032 DEBUG 层 5：检查 568 格，内部 132，边界 286
2026-09-11 11:45:37,032 DEBUG 层 6：检查 1144 格，内部 298，边界 572
2026-09-11 11:45:37,032 DEBUG 层 7：检查 2288 格，内部 571，边界 1143
2026-09-11 11:45:37,033 DEBUG 层 8：检查 4572 格，内部 1135，边界 2286
2026-09-11 11:45:37,033 DEBUG 层 9：检查 9144 格，内部 2256，边界 4574
2026-09-11 11:45:37,141 DEBUG 求解结束：sampled；可行点 15848，叶格 9082，边界格边长 0.035156 m
2026-09-11 11:45:37,142 INFO number_000_4 | 面积 970.2400 [967.4381, 973.0419] m² | 定位误差 8.7917 m | sampled
2026-09-11 11:45:37,147 DEBUG 层 0：检查 40000 格，内部 0，边界 5
2026-09-11 11:45:37,147 DEBUG 层 1：检查 20 格，内部 0，边界 12
2026-09-11 11:45:37,147 DEBUG 层 2：检查 48 格，内部 5，边界 21
2026-09-11 11:45:37,147 DEBUG 层 3：检查 84 格，内部 13，边界 39
2026-09-11 11:45:37,147 DEBUG 层 4：检查 156 格，内部 31，边界 80
2026-09-11 11:45:37,147 DEBUG 层 5：检查 320 格，内部 73，边界 163
2026-09-11 11:45:37,147 DEBUG 层 6：检查 652 格，内部 160，边界 324
2026-09-11 11:45:37,148 DEBUG 层 7：检查 1296 格，内部 324，边界 648
2026-09-11 11:45:37,148 DEBUG 层 8：检查 2592 格，内部 631，边界 1296
2026-09-11 11:45:37,149 DEBUG 层 9：检查 5184 格，内部 1271，边界 2595
2026-09-11 11:45:37,208 DEBUG 求解结束：sampled；可行点 8864，叶格 5103，边界格边长 0.035156 m
2026-09-11 11:45:37,209 INFO number_000_5 | 面积 256.3159 [254.7262, 257.9057] m² | 定位误差 5.1628 m | sampled
2026-09-11 11:45:37,214 DEBUG 层 0：检查 40000 格，内部 0，边界 5
2026-09-11 11:45:37,214 DEBUG 层 1：检查 20 格，内部 0，边界 12
2026-09-11 11:45:37,214 DEBUG 层 2：检查 48 格，内部 5，边界 21
2026-09-11 11:45:37,214 DEBUG 层 3：检查 84 格，内部 13，边界 39
2026-09-11 11:45:37,214 DEBUG 层 4：检查 156 格，内部 31，边界 80
2026-09-11 11:45:37,215 DEBUG 层 5：检查 320 格，内部 73，边界 163
2026-09-11 11:45:37,215 DEBUG 层 6：检查 652 格，内部 160，边界 324
2026-09-11 11:45:37,215 DEBUG 层 7：检查 1296 格，内部 324，边界 648
2026-09-11 11:45:37,216 DEBUG 层 8：检查 2592 格，内部 631，边界 1296
2026-09-11 11:45:37,216 DEBUG 层 9：检查 5184 格，内部 1271，边界 2595
2026-09-11 11:45:37,280 DEBUG 求解结束：sampled；可行点 8864，叶格 5103，边界格边长 0.035156 m
2026-09-11 11:45:37,282 INFO number_000_6 | 面积 256.3159 [254.7262, 257.9057] m² | 定位误差 5.1628 m | sampled
2026-09-11 11:45:37,285 DEBUG 层 0：检查 40000 格，内部 0，边界 9
2026-09-11 11:45:37,286 DEBUG 层 1：检查 36 格，内部 6，边界 19
2026-09-11 11:45:37,286 DEBUG 层 2：检查 76 格，内部 19，边界 38
2026-09-11 11:45:37,286 DEBUG 层 3：检查 152 格，内部 33，边界 76
2026-09-11 11:45:37,286 DEBUG 层 4：检查 304 格，内部 78，边界 149
2026-09-11 11:45:37,286 DEBUG 层 5：检查 596 格，内部 137，边界 298
2026-09-11 11:45:37,286 DEBUG 层 6：检查 1192 格，内部 278，边界 597
2026-09-11 11:45:37,287 DEBUG 层 7：检查 2388 格，内部 622，边界 1191
2026-09-11 11:45:37,287 DEBUG 层 8：检查 4764 格，内部 1136，边界 2384
2026-09-11 11:45:37,288 DEBUG 层 9：检查 9536 格，内部 2383，边界 4769
2026-09-11 11:45:37,398 DEBUG 求解结束：sampled；可行点 16497，叶格 9461，边界格边长 0.035156 m
2026-09-11 11:45:37,400 INFO number_001_2 | 面积 1228.6027 [1225.6589, 1231.5464] m² | 定位误差 19.2060 m | sampled
2026-09-11 11:45:37,404 DEBUG 层 0：检查 40000 格，内部 0，边界 7
2026-09-11 11:45:37,405 DEBUG 层 1：检查 28 格，内部 2，边界 16
2026-09-11 11:45:37,405 DEBUG 层 2：检查 64 格，内部 13，边界 33
2026-09-11 11:45:37,405 DEBUG 层 3：检查 132 格，内部 29，边界 66
2026-09-11 11:45:37,405 DEBUG 层 4：检查 264 格，内部 61，边界 131
2026-09-11 11:45:37,405 DEBUG 层 5：检查 524 格，内部 125，边界 263
2026-09-11 11:45:37,405 DEBUG 层 6：检查 1052 格，内部 265，边界 524
2026-09-11 11:45:37,405 DEBUG 层 7：检查 2096 格，内部 516，边界 1049
2026-09-11 11:45:37,406 DEBUG 层 8：检查 4196 格，内部 1040，边界 2099
2026-09-11 11:45:37,407 DEBUG 层 9：检查 8396 格，内部 2092，边界 4201
2026-09-11 11:45:37,505 DEBUG 求解结束：sampled；可行点 14540，叶格 8344，边界格边长 0.035156 m
2026-09-11 11:45:37,507 INFO number_001_3 | 面积 732.8811 [730.2869, 735.4752] m² | 定位误差 12.5231 m | sampled
2026-09-11 11:45:37,511 DEBUG 层 0：检查 40000 格，内部 0，边界 3
2026-09-11 11:45:37,511 DEBUG 层 1：检查 12 格，内部 0，边界 6
2026-09-11 11:45:37,511 DEBUG 层 2：检查 24 格，内部 0，边界 10
2026-09-11 11:45:37,511 DEBUG 层 3：检查 40 格，内部 2，边界 20
2026-09-11 11:45:37,512 DEBUG 层 4：检查 80 格，内部 13，边界 36
2026-09-11 11:45:37,512 DEBUG 层 5：检查 144 格，内部 27，边界 75
2026-09-11 11:45:37,512 DEBUG 层 6：检查 300 格，内部 68，边界 149
2026-09-11 11:45:37,512 DEBUG 层 7：检查 596 格，内部 145，边界 294
2026-09-11 11:45:37,512 DEBUG 层 8：检查 1176 格，内部 289，边界 591
2026-09-11 11:45:37,512 DEBUG 层 9：检查 2364 格，内部 585，边界 1183
2026-09-11 11:45:37,539 DEBUG 求解结束：sampled；可行点 3979，叶格 2312，边界格边长 0.035156 m
2026-09-11 11:45:37,540 INFO number_001_4 | 面积 46.9638 [46.2330, 47.6945] m² | 定位误差 4.5008 m | sampled
2026-09-11 11:45:37,545 DEBUG 层 0：检查 40000 格，内部 0，边界 3
2026-09-11 11:45:37,545 DEBUG 层 1：检查 12 格，内部 0，边界 6
2026-09-11 11:45:37,545 DEBUG 层 2：检查 24 格，内部 0，边界 10
2026-09-11 11:45:37,545 DEBUG 层 3：检查 40 格，内部 2，边界 20
2026-09-11 11:45:37,545 DEBUG 层 4：检查 80 格，内部 13，边界 36
2026-09-11 11:45:37,545 DEBUG 层 5：检查 144 格，内部 27，边界 75
2026-09-11 11:45:37,545 DEBUG 层 6：检查 300 格，内部 68，边界 149
2026-09-11 11:45:37,546 DEBUG 层 7：检查 596 格，内部 145，边界 294
2026-09-11 11:45:37,546 DEBUG 层 8：检查 1176 格，内部 289，边界 591
2026-09-11 11:45:37,546 DEBUG 层 9：检查 2364 格，内部 585，边界 1183
2026-09-11 11:45:37,573 DEBUG 求解结束：sampled；可行点 3979，叶格 2312，边界格边长 0.035156 m
2026-09-11 11:45:37,573 INFO number_001_5 | 面积 46.9638 [46.2330, 47.6945] m² | 定位误差 4.5008 m | sampled
2026-09-11 11:45:37,578 DEBUG 层 0：检查 40000 格，内部 0，边界 3
2026-09-11 11:45:37,578 DEBUG 层 1：检查 12 格，内部 0，边界 5
2026-09-11 11:45:37,579 DEBUG 层 2：检查 20 格，内部 0，边界 8
2026-09-11 11:45:37,579 DEBUG 层 3：检查 32 格，内部 1，边界 16
2026-09-11 11:45:37,579 DEBUG 层 4：检查 64 格，内部 10，边界 32
2026-09-11 11:45:37,579 DEBUG 层 5：检查 128 格，内部 26，边界 64
2026-09-11 11:45:37,579 DEBUG 层 6：检查 256 格，内部 56，边界 129
2026-09-11 11:45:37,579 DEBUG 层 7：检查 516 格，内部 122，边界 257
2026-09-11 11:45:37,579 DEBUG 层 8：检查 1028 格，内部 248，边界 514
2026-09-11 11:45:37,580 DEBUG 层 9：检查 2056 格，内部 513，边界 1028
2026-09-11 11:45:37,603 DEBUG 求解结束：sampled；可行点 3446，叶格 2004，边界格边长 0.035156 m
2026-09-11 11:45:37,604 INFO number_001_6 | 面积 35.9044 [35.2700, 36.5387] m² | 定位误差 3.5122 m | sampled
2026-09-11 11:45:37,608 DEBUG 层 0：检查 40000 格，内部 1，边界 9
2026-09-11 11:45:37,608 DEBUG 层 1：检查 36 格，内部 3，边界 20
2026-09-11 11:45:37,609 DEBUG 层 2：检查 80 格，内部 14，边界 41
2026-09-11 11:45:37,609 DEBUG 层 3：检查 164 格，内部 39，边界 81
2026-09-11 11:45:37,609 DEBUG 层 4：检查 324 格，内部 77，边界 163
2026-09-11 11:45:37,609 DEBUG 层 5：检查 652 格，内部 161，边界 326
2026-09-11 11:45:37,609 DEBUG 层 6：检查 1304 格，内部 328，边界 654
2026-09-11 11:45:37,609 DEBUG 层 7：检查 2616 格，内部 645，边界 1308
2026-09-11 11:45:37,610 DEBUG 层 8：检查 5232 格，内部 1310，边界 2615
2026-09-11 11:45:37,611 DEBUG 层 9：检查 10460 格，内部 2613，边界 5231
2026-09-11 11:45:37,733 DEBUG 求解结束：sampled；可行点 18185，叶格 10422，边界格边长 0.035156 m
2026-09-11 11:45:37,734 INFO number_002_2 | 面积 1251.1768 [1247.9504, 1254.4031] m² | 定位误差 16.7331 m | sampled
2026-09-11 11:45:37,738 DEBUG 层 0：检查 40000 格，内部 0，边界 6
2026-09-11 11:45:37,738 DEBUG 层 1：检查 24 格，内部 1，边界 15
2026-09-11 11:45:37,738 DEBUG 层 2：检查 60 格，内部 11，边界 29
2026-09-11 11:45:37,738 DEBUG 层 3：检查 116 格，内部 30，边界 61
2026-09-11 11:45:37,738 DEBUG 层 4：检查 244 格，内部 53，边界 120
2026-09-11 11:45:37,739 DEBUG 层 5：检查 480 格，内部 117，边界 242
2026-09-11 11:45:37,739 DEBUG 层 6：检查 968 格，内部 241，边界 486
2026-09-11 11:45:37,739 DEBUG 层 7：检查 1944 格，内部 471，边界 970
2026-09-11 11:45:37,739 DEBUG 层 8：检查 3880 格，内部 961，边界 1939
2026-09-11 11:45:37,740 DEBUG 层 9：检查 7756 格，内部 1937，边界 3879
2026-09-11 11:45:37,831 DEBUG 求解结束：sampled；可行点 13418，叶格 7701，边界格边长 0.035156 m
2026-09-11 11:45:37,832 INFO number_002_3 | 面积 600.0169 [597.6228, 602.4109] m² | 定位误差 15.4815 m | sampled
2026-09-11 11:45:37,836 DEBUG 层 0：检查 40000 格，内部 0，边界 5
2026-09-11 11:45:37,836 DEBUG 层 1：检查 20 格，内部 0，边界 12
2026-09-11 11:45:37,836 DEBUG 层 2：检查 48 格，内部 7，边界 26
2026-09-11 11:45:37,836 DEBUG 层 3：检查 104 格，内部 23，边界 54
2026-09-11 11:45:37,836 DEBUG 层 4：检查 216 格，内部 44，边界 106
2026-09-11 11:45:37,836 DEBUG 层 5：检查 424 格，内部 98，边界 214
2026-09-11 11:45:37,837 DEBUG 层 6：检查 856 格，内部 211，边界 430
2026-09-11 11:45:37,837 DEBUG 层 7：检查 1720 格，内部 423，边界 858
2026-09-11 11:45:37,837 DEBUG 层 8：检查 3432 格，内部 845，边界 1715
2026-09-11 11:45:37,838 DEBUG 层 9：检查 6860 格，内部 1716，边界 3431
2026-09-11 11:45:37,919 DEBUG 求解结束：sampled；可行点 11841，叶格 6798，边界格边长 0.035156 m
2026-09-11 11:45:37,920 INFO number_002_4 | 面积 380.4560 [378.3378, 382.5741] m² | 定位误差 12.2023 m | sampled
2026-09-11 11:45:37,925 DEBUG 层 0：检查 40000 格，内部 0，边界 5
2026-09-11 11:45:37,925 DEBUG 层 1：检查 20 格，内部 0，边界 10
2026-09-11 11:45:37,925 DEBUG 层 2：检查 40 格，内部 6，边界 24
2026-09-11 11:45:37,925 DEBUG 层 3：检查 96 格，内部 23，边界 46
2026-09-11 11:45:37,925 DEBUG 层 4：检查 184 格，内部 37，边界 93
2026-09-11 11:45:37,926 DEBUG 层 5：检查 372 格，内部 85，边界 186
2026-09-11 11:45:37,926 DEBUG 层 6：检查 744 格，内部 182，边界 373
2026-09-11 11:45:37,926 DEBUG 层 7：检查 1492 格，内部 365，边界 745
2026-09-11 11:45:37,926 DEBUG 层 8：检查 2980 格，内部 738，边界 1489
2026-09-11 11:45:37,927 DEBUG 层 9：检查 5956 格，内部 1492，边界 2977
2026-09-11 11:45:38,001 DEBUG 求解结束：sampled；可行点 10282，叶格 5905，边界格边长 0.035156 m
2026-09-11 11:45:38,002 INFO number_002_5 | 面积 342.4149 [340.5823, 344.2475] m² | 定位误差 10.2367 m | sampled
2026-09-11 11:45:38,007 DEBUG 层 0：检查 40000 格，内部 0，边界 5
2026-09-11 11:45:38,007 DEBUG 层 1：检查 20 格，内部 0，边界 9
2026-09-11 11:45:38,007 DEBUG 层 2：检查 36 格，内部 6，边界 22
2026-09-11 11:45:38,007 DEBUG 层 3：检查 88 格，内部 22，边界 44
2026-09-11 11:45:38,007 DEBUG 层 4：检查 176 格，内部 35，边界 90
2026-09-11 11:45:38,008 DEBUG 层 5：检查 360 格，内部 87，边界 179
2026-09-11 11:45:38,008 DEBUG 层 6：检查 716 格，内部 174，边界 360
2026-09-11 11:45:38,008 DEBUG 层 7：检查 1440 格，内部 351，边界 718
2026-09-11 11:45:38,008 DEBUG 层 8：检查 2872 格，内部 711，边界 1436
2026-09-11 11:45:38,009 DEBUG 层 9：检查 5744 格，内部 1434，边界 2871
2026-09-11 11:45:38,077 DEBUG 求解结束：sampled；可行点 9914，叶格 5691，边界格边长 0.035156 m
2026-09-11 11:45:38,079 INFO number_002_6 | 面积 334.2049 [332.4388, 335.9709] m² | 定位误差 9.8106 m | sampled
2026-09-11 11:45:38,083 DEBUG 层 0：检查 40000 格，内部 1，边界 9
2026-09-11 11:45:38,083 DEBUG 层 1：检查 36 格，内部 3，边界 20
2026-09-11 11:45:38,083 DEBUG 层 2：检查 80 格，内部 15，边界 40
2026-09-11 11:45:38,083 DEBUG 层 3：检查 160 格，内部 31，边界 82
2026-09-11 11:45:38,083 DEBUG 层 4：检查 328 格，内部 68，边界 163
2026-09-11 11:45:38,083 DEBUG 层 5：检查 652 格，内部 156，边界 328
2026-09-11 11:45:38,084 DEBUG 层 6：检查 1312 格，内部 320，边界 658
2026-09-11 11:45:38,084 DEBUG 层 7：检查 2632 格，内部 655，边界 1315
2026-09-11 11:45:38,084 DEBUG 层 8：检查 5260 格，内部 1306，边界 2629
2026-09-11 11:45:38,085 DEBUG 层 9：检查 10516 格，内部 2637，边界 5258
2026-09-11 11:45:38,210 DEBUG 求解结束：sampled；可行点 18217，叶格 10450，边界格边长 0.035156 m
2026-09-11 11:45:38,212 INFO number_003_2 | 面积 1217.5608 [1214.3125, 1220.8090] m² | 定位误差 3.8080 m | sampled
2026-09-11 11:45:38,215 DEBUG 层 0：检查 40000 格，内部 0，边界 9
2026-09-11 11:45:38,216 DEBUG 层 1：检查 36 格，内部 5，边界 18
2026-09-11 11:45:38,216 DEBUG 层 2：检查 72 格，内部 14，边界 37
2026-09-11 11:45:38,216 DEBUG 层 3：检查 148 格，内部 28，边界 76
2026-09-11 11:45:38,216 DEBUG 层 4：检查 304 格，内部 63，边界 152
2026-09-11 11:45:38,216 DEBUG 层 5：检查 608 格，内部 150，边界 304
2026-09-11 11:45:38,216 DEBUG 层 6：检查 1216 格，内部 291，边界 611
2026-09-11 11:45:38,217 DEBUG 层 7：检查 2444 格，内部 610，边界 1221
2026-09-11 11:45:38,217 DEBUG 层 8：检查 4884 格，内部 1212，边界 2443
2026-09-11 11:45:38,218 DEBUG 层 9：检查 9772 格，内部 2449，边界 4886
2026-09-11 11:45:38,332 DEBUG 求解结束：sampled；可行点 16920，叶格 9708，边界格边长 0.035156 m
2026-09-11 11:45:38,334 INFO number_003_3 | 面积 1007.5520 [1004.5345, 1010.5694] m² | 定位误差 1.8319 m | sampled
2026-09-11 11:45:38,340 DEBUG 层 0：检查 40000 格，内部 0，边界 7
2026-09-11 11:45:38,341 DEBUG 层 1：检查 28 格，内部 2，边界 15
2026-09-11 11:45:38,341 DEBUG 层 2：检查 60 格，内部 9，边界 33
2026-09-11 11:45:38,341 DEBUG 层 3：检查 132 格，内部 24，边界 69
2026-09-11 11:45:38,341 DEBUG 层 4：检查 276 格，内部 57，边界 138
2026-09-11 11:45:38,341 DEBUG 层 5：检查 552 格，内部 133，边界 278
2026-09-11 11:45:38,341 DEBUG 层 6：检查 1112 格，内部 265，边界 558
2026-09-11 11:45:38,342 DEBUG 层 7：检查 2232 格，内部 558，边界 1114
2026-09-11 11:45:38,342 DEBUG 层 8：检查 4456 格，内部 1111，边界 2227
2026-09-11 11:45:38,343 DEBUG 层 9：检查 8908 格，内部 2227，边界 4456
2026-09-11 11:45:38,447 DEBUG 求解结束：sampled；可行点 15395，叶格 8842，边界格边长 0.035156 m
2026-09-11 11:45:38,449 INFO number_003_4 | 面积 625.6943 [622.9446, 628.4440] m² | 定位误差 5.5681 m | sampled
2026-09-11 11:45:38,453 DEBUG 层 0：检查 40000 格，内部 0，边界 4
2026-09-11 11:45:38,453 DEBUG 层 1：检查 16 格，内部 0，边界 12
2026-09-11 11:45:38,454 DEBUG 层 2：检查 48 格，内部 9，边界 25
2026-09-11 11:45:38,454 DEBUG 层 3：检查 100 格，内部 18，边界 51
2026-09-11 11:45:38,454 DEBUG 层 4：检查 204 格，内部 44，边界 104
2026-09-11 11:45:38,454 DEBUG 层 5：检查 416 格，内部 99，边界 209
2026-09-11 11:45:38,454 DEBUG 层 6：检查 836 格，内部 200，边界 419
2026-09-11 11:45:38,454 DEBUG 层 7：检查 1676 格，内部 415，边界 837
2026-09-11 11:45:38,455 DEBUG 层 8：检查 3348 格，内部 837，边界 1673
2026-09-11 11:45:38,456 DEBUG 层 9：检查 6692 格，内部 1671，边界 3346
2026-09-11 11:45:38,534 DEBUG 求解结束：sampled；可行点 11559，叶格 6639，边界格边长 0.035156 m
2026-09-11 11:45:38,536 INFO number_003_5 | 面积 394.7233 [392.6614, 396.7852] m² | 定位误差 6.8779 m | sampled
2026-09-11 11:45:38,541 DEBUG 层 0：检查 40000 格，内部 0，边界 4
2026-09-11 11:45:38,541 DEBUG 层 1：检查 16 格，内部 0，边界 12
2026-09-11 11:45:38,541 DEBUG 层 2：检查 48 格，内部 6，边界 23
2026-09-11 11:45:38,541 DEBUG 层 3：检查 92 格，内部 17，边界 45
2026-09-11 11:45:38,541 DEBUG 层 4：检查 180 格，内部 40，边界 92
2026-09-11 11:45:38,541 DEBUG 层 5：检查 368 格，内部 88，边界 185
2026-09-11 11:45:38,542 DEBUG 层 6：检查 740 格，内部 181，边界 369
2026-09-11 11:45:38,542 DEBUG 层 7：检查 1476 格，内部 369，边界 739
2026-09-11 11:45:38,542 DEBUG 层 8：检查 2956 格，内部 736，边界 1475
2026-09-11 11:45:38,543 DEBUG 层 9：检查 5900 格，内部 1475，边界 2951
2026-09-11 11:45:38,612 DEBUG 求解结束：sampled；可行点 10207，叶格 5863，边界格边长 0.035156 m
2026-09-11 11:45:38,615 INFO number_003_6 | 面积 316.7282 [314.9101, 318.5463] m² | 定位误差 6.5809 m | sampled
2026-09-11 11:45:38,618 DEBUG 层 0：检查 40000 格，内部 1，边界 9
2026-09-11 11:45:38,618 DEBUG 层 1：检查 36 格，内部 3，边界 18
2026-09-11 11:45:38,619 DEBUG 层 2：检查 72 格，内部 16，边界 36
2026-09-11 11:45:38,619 DEBUG 层 3：检查 144 格，内部 32，边界 72
2026-09-11 11:45:38,619 DEBUG 层 4：检查 288 格，内部 62，边界 145
2026-09-11 11:45:38,619 DEBUG 层 5：检查 580 格，内部 134，边界 291
2026-09-11 11:45:38,619 DEBUG 层 6：检查 1164 格，内部 292，边界 582
2026-09-11 11:45:38,619 DEBUG 层 7：检查 2328 格，内部 571，边界 1166
2026-09-11 11:45:38,620 DEBUG 层 8：检查 4664 格，内部 1156，边界 2330
2026-09-11 11:45:38,621 DEBUG 层 9：检查 9320 格，内部 2310，边界 4662
2026-09-11 11:45:38,727 DEBUG 求解结束：sampled；可行点 16115，叶格 9239，边界格边长 0.035156 m
2026-09-11 11:45:38,728 INFO number_004_2 | 面积 1222.5595 [1219.6831, 1225.4358] m² | 定位误差 14.9993 m | sampled
2026-09-11 11:45:38,732 DEBUG 层 0：检查 40000 格，内部 0，边界 4
2026-09-11 11:45:38,732 DEBUG 层 1：检查 16 格，内部 0，边界 8
2026-09-11 11:45:38,732 DEBUG 层 2：检查 32 格，内部 2，边界 17
2026-09-11 11:45:38,732 DEBUG 层 3：检查 68 格，内部 6，边界 34
2026-09-11 11:45:38,732 DEBUG 层 4：检查 136 格，内部 25，边界 69
2026-09-11 11:45:38,733 DEBUG 层 5：检查 276 格，内部 57，边界 138
2026-09-11 11:45:38,733 DEBUG 层 6：检查 552 格，内部 134，边界 276
2026-09-11 11:45:38,733 DEBUG 层 7：检查 1104 格，内部 270，边界 554
2026-09-11 11:45:38,733 DEBUG 层 8：检查 2216 格，内部 555，边界 1107
2026-09-11 11:45:38,734 DEBUG 层 9：检查 4428 格，内部 1103，边界 2215
2026-09-11 11:45:38,785 DEBUG 求解结束：sampled；可行点 7566，叶格 4367，边界格边长 0.035156 m
2026-09-11 11:45:38,786 INFO number_004_3 | 面积 143.3211 [141.9499, 144.6922] m² | 定位误差 3.3240 m | sampled
2026-09-11 11:45:38,790 DEBUG 层 0：检查 40000 格，内部 0，边界 4
2026-09-11 11:45:38,790 DEBUG 层 1：检查 16 格，内部 0，边界 8
2026-09-11 11:45:38,790 DEBUG 层 2：检查 32 格，内部 2，边界 17
2026-09-11 11:45:38,790 DEBUG 层 3：检查 68 格，内部 6，边界 34
2026-09-11 11:45:38,790 DEBUG 层 4：检查 136 格，内部 25，边界 69
2026-09-11 11:45:38,790 DEBUG 层 5：检查 276 格，内部 57，边界 138
2026-09-11 11:45:38,790 DEBUG 层 6：检查 552 格，内部 134，边界 276
2026-09-11 11:45:38,791 DEBUG 层 7：检查 1104 格，内部 270，边界 554
2026-09-11 11:45:38,791 DEBUG 层 8：检查 2216 格，内部 555，边界 1107
2026-09-11 11:45:38,791 DEBUG 层 9：检查 4428 格，内部 1103，边界 2215
2026-09-11 11:45:38,841 DEBUG 求解结束：sampled；可行点 7566，叶格 4367，边界格边长 0.035156 m
2026-09-11 11:45:38,842 INFO number_004_4 | 面积 143.3211 [141.9499, 144.6922] m² | 定位误差 3.3240 m | sampled
2026-09-11 11:45:38,847 DEBUG 层 0：检查 40000 格，内部 0，边界 3
2026-09-11 11:45:38,847 DEBUG 层 1：检查 12 格，内部 0，边界 8
2026-09-11 11:45:38,847 DEBUG 层 2：检查 32 格，内部 2，边界 16
2026-09-11 11:45:38,847 DEBUG 层 3：检查 64 格，内部 6，边界 33
2026-09-11 11:45:38,847 DEBUG 层 4：检查 132 格，内部 25，边界 66
2026-09-11 11:45:38,847 DEBUG 层 5：检查 264 格，内部 57，边界 132
2026-09-11 11:45:38,847 DEBUG 层 6：检查 528 格，内部 126，边界 265
2026-09-11 11:45:38,848 DEBUG 层 7：检查 1060 格，内部 266，边界 528
2026-09-11 11:45:38,848 DEBUG 层 8：检查 2112 格，内部 532，边界 1057
2026-09-11 11:45:38,850 DEBUG 层 9：检查 4228 格，内部 1049，边界 2117
2026-09-11 11:45:38,901 DEBUG 求解结束：sampled；可行点 7254，叶格 4180，边界格边长 0.035156 m
2026-09-11 11:45:38,902 INFO number_004_5 | 面积 142.3059 [140.9992, 143.6126] m² | 定位误差 3.2692 m | sampled
2026-09-11 11:45:38,908 DEBUG 层 0：检查 40000 格，内部 0，边界 3
2026-09-11 11:45:38,909 DEBUG 层 1：检查 12 格，内部 0，边界 8
2026-09-11 11:45:38,909 DEBUG 层 2：检查 32 格，内部 2，边界 16
2026-09-11 11:45:38,909 DEBUG 层 3：检查 64 格，内部 6，边界 33
2026-09-11 11:45:38,909 DEBUG 层 4：检查 132 格，内部 25，边界 66
2026-09-11 11:45:38,909 DEBUG 层 5：检查 264 格，内部 57，边界 132
2026-09-11 11:45:38,909 DEBUG 层 6：检查 528 格，内部 126，边界 265
2026-09-11 11:45:38,910 DEBUG 层 7：检查 1060 格，内部 266，边界 528
2026-09-11 11:45:38,910 DEBUG 层 8：检查 2112 格，内部 532，边界 1057
2026-09-11 11:45:38,911 DEBUG 层 9：检查 4228 格，内部 1049，边界 2117
2026-09-11 11:45:38,960 DEBUG 求解结束：sampled；可行点 7254，叶格 4180，边界格边长 0.035156 m
2026-09-11 11:45:38,961 INFO number_004_6 | 面积 142.3059 [140.9992, 143.6126] m² | 定位误差 3.2692 m | sampled
2026-09-11 11:45:38,965 DEBUG 层 0：检查 40000 格，内部 1，边界 8
2026-09-11 11:45:38,966 DEBUG 层 1：检查 32 格，内部 5，边界 16
2026-09-11 11:45:38,966 DEBUG 层 2：检查 64 格，内部 7，边界 36
2026-09-11 11:45:38,966 DEBUG 层 3：检查 144 格，内部 38，边界 68
2026-09-11 11:45:38,966 DEBUG 层 4：检查 272 格，内部 57，边界 136
2026-09-11 11:45:38,966 DEBUG 层 5：检查 544 格，内部 133，边界 271
2026-09-11 11:45:38,966 DEBUG 层 6：检查 1084 格，内部 274，边界 541
2026-09-11 11:45:38,966 DEBUG 层 7：检查 2164 格，内部 533，边界 1084
2026-09-11 11:45:38,967 DEBUG 层 8：检查 4336 格，内部 1070，边界 2168
2026-09-11 11:45:38,967 DEBUG 层 9：检查 8672 格，内部 2160，边界 4334
2026-09-11 11:45:39,069 DEBUG 求解结束：sampled；可行点 15025，叶格 8612，边界格边长 0.035156 m
2026-09-11 11:45:39,070 INFO number_005_2 | 面积 1222.8371 [1220.1672, 1225.5069] m² | 定位误差 20.4471 m | sampled
2026-09-11 11:45:39,075 DEBUG 层 0：检查 40000 格，内部 0，边界 4
2026-09-11 11:45:39,075 DEBUG 层 1：检查 16 格，内部 0，边界 7
2026-09-11 11:45:39,076 DEBUG 层 2：检查 28 格，内部 0，边界 14
2026-09-11 11:45:39,076 DEBUG 层 3：检查 56 格，内部 8，边界 26
2026-09-11 11:45:39,076 DEBUG 层 4：检查 104 格，内部 16，边界 51
2026-09-11 11:45:39,076 DEBUG 层 5：检查 204 格，内部 38，边界 103
2026-09-11 11:45:39,076 DEBUG 层 6：检查 412 格，内部 97，边界 204
2026-09-11 11:45:39,076 DEBUG 层 7：检查 816 格，内部 192，边界 409
2026-09-11 11:45:39,077 DEBUG 层 8：检查 1636 格，内部 389，边界 822
2026-09-11 11:45:39,077 DEBUG 层 9：检查 3288 格，内部 811，边界 1642
2026-09-11 11:45:39,115 DEBUG 求解结束：sampled；可行点 5508，叶格 3193，边界格边长 0.035156 m
2026-09-11 11:45:39,116 INFO number_005_3 | 面积 89.1751 [88.1609, 90.1894] m² | 定位误差 2.3292 m | sampled
2026-09-11 11:45:39,120 DEBUG 层 0：检查 40000 格，内部 0，边界 3
2026-09-11 11:45:39,120 DEBUG 层 1：检查 12 格，内部 0，边界 5
2026-09-11 11:45:39,120 DEBUG 层 2：检查 20 格，内部 0，边界 8
2026-09-11 11:45:39,120 DEBUG 层 3：检查 32 格，内部 3，边界 17
2026-09-11 11:45:39,121 DEBUG 层 4：检查 68 格，内部 6，边界 34
2026-09-11 11:45:39,121 DEBUG 层 5：检查 136 格，内部 25，边界 66
2026-09-11 11:45:39,121 DEBUG 层 6：检查 264 格，内部 60，边界 132
2026-09-11 11:45:39,121 DEBUG 层 7：检查 528 格，内部 120，边界 263
2026-09-11 11:45:39,121 DEBUG 层 8：检查 1052 格，内部 250，边界 529
2026-09-11 11:45:39,121 DEBUG 层 9：检查 2116 格，内部 525，边界 1058
2026-09-11 11:45:39,145 DEBUG 求解结束：sampled；可行点 3520，叶格 2047，边界格边长 0.035156 m
2026-09-11 11:45:39,146 INFO number_005_4 | 面积 40.9748 [40.3254, 41.6241] m² | 定位误差 1.1714 m | sampled
2026-09-11 11:45:39,150 DEBUG 层 0：检查 40000 格，内部 0，边界 3
2026-09-11 11:45:39,150 DEBUG 层 1：检查 12 格，内部 0，边界 5
2026-09-11 11:45:39,150 DEBUG 层 2：检查 20 格，内部 0，边界 8
2026-09-11 11:45:39,150 DEBUG 层 3：检查 32 格，内部 3，边界 17
2026-09-11 11:45:39,151 DEBUG 层 4：检查 68 格，内部 6，边界 34
2026-09-11 11:45:39,151 DEBUG 层 5：检查 136 格，内部 25，边界 66
2026-09-11 11:45:39,151 DEBUG 层 6：检查 264 格，内部 60，边界 132
2026-09-11 11:45:39,151 DEBUG 层 7：检查 528 格，内部 120，边界 263
2026-09-11 11:45:39,151 DEBUG 层 8：检查 1052 格，内部 250，边界 529
2026-09-11 11:45:39,152 DEBUG 层 9：检查 2116 格，内部 525，边界 1058
2026-09-11 11:45:39,179 DEBUG 求解结束：sampled；可行点 3520，叶格 2047，边界格边长 0.035156 m
2026-09-11 11:45:39,179 INFO number_005_5 | 面积 40.9748 [40.3254, 41.6241] m² | 定位误差 1.1714 m | sampled
2026-09-11 11:45:39,184 DEBUG 层 0：检查 40000 格，内部 0，边界 3
2026-09-11 11:45:39,184 DEBUG 层 1：检查 12 格，内部 0，边界 5
2026-09-11 11:45:39,185 DEBUG 层 2：检查 20 格，内部 0，边界 8
2026-09-11 11:45:39,185 DEBUG 层 3：检查 32 格，内部 3，边界 17
2026-09-11 11:45:39,185 DEBUG 层 4：检查 68 格，内部 6，边界 34
2026-09-11 11:45:39,185 DEBUG 层 5：检查 136 格，内部 25，边界 66
2026-09-11 11:45:39,185 DEBUG 层 6：检查 264 格，内部 60，边界 132
2026-09-11 11:45:39,185 DEBUG 层 7：检查 528 格，内部 120，边界 263
2026-09-11 11:45:39,186 DEBUG 层 8：检查 1052 格，内部 250，边界 529
2026-09-11 11:45:39,186 DEBUG 层 9：检查 2116 格，内部 525，边界 1058
2026-09-11 11:45:39,210 DEBUG 求解结束：sampled；可行点 3520，叶格 2047，边界格边长 0.035156 m
2026-09-11 11:45:39,210 INFO number_005_6 | 面积 40.9748 [40.3254, 41.6241] m² | 定位误差 1.1714 m | sampled
2026-09-11 11:45:39,214 DEBUG 层 0：检查 40000 格，内部 1，边界 11
2026-09-11 11:45:39,214 DEBUG 层 1：检查 44 格，内部 4，边界 23
2026-09-11 11:45:39,215 DEBUG 层 2：检查 92 格，内部 9，边界 45
2026-09-11 11:45:39,215 DEBUG 层 3：检查 180 格，内部 40，边界 90
2026-09-11 11:45:39,215 DEBUG 层 4：检查 360 格，内部 79，边界 177
2026-09-11 11:45:39,215 DEBUG 层 5：检查 708 格，内部 173，边界 353
2026-09-11 11:45:39,215 DEBUG 层 6：检查 1412 格，内部 343，边界 706
2026-09-11 11:45:39,215 DEBUG 层 7：检查 2824 格，内部 712，边界 1411
2026-09-11 11:45:39,216 DEBUG 层 8：检查 5644 格，内部 1411，边界 2823
2026-09-11 11:45:39,217 DEBUG 层 9：检查 11292 格，内部 2810，边界 5646
2026-09-11 11:45:39,348 DEBUG 求解结束：sampled；可行点 19578，叶格 11228，边界格边长 0.035156 m
2026-09-11 11:45:39,349 INFO number_006_2 | 面积 1246.0849 [1242.6024, 1249.5674] m² | 定位误差 15.2591 m | sampled
2026-09-11 11:45:39,353 DEBUG 层 0：检查 40000 格，内部 0，边界 9
2026-09-11 11:45:39,354 DEBUG 层 1：检查 36 格，内部 4，边界 20
2026-09-11 11:45:39,354 DEBUG 层 2：检查 80 格，内部 10，边界 38
2026-09-11 11:45:39,354 DEBUG 层 3：检查 152 格，内部 30，边界 75
2026-09-11 11:45:39,354 DEBUG 层 4：检查 300 格，内部 67，边界 147
2026-09-11 11:45:39,354 DEBUG 层 5：检查 588 格，内部 145，边界 294
2026-09-11 11:45:39,354 DEBUG 层 6：检查 1176 格，内部 285，边界 590
2026-09-11 11:45:39,355 DEBUG 层 7：检查 2360 格，内部 592，边界 1177
2026-09-11 11:45:39,355 DEBUG 层 8：检查 4708 格，内部 1171，边界 2352
2026-09-11 11:45:39,356 DEBUG 层 9：检查 9408 格，内部 2340，边界 4704
2026-09-11 11:45:39,468 DEBUG 求解结束：sampled；可行点 16291，叶格 9348，边界格边长 0.035156 m
2026-09-11 11:45:39,470 INFO number_006_3 | 面积 857.7688 [854.8682, 860.6695] m² | 定位误差 12.1336 m | sampled
2026-09-11 11:45:39,474 DEBUG 层 0：检查 40000 格，内部 0，边界 8
2026-09-11 11:45:39,474 DEBUG 层 1：检查 32 格，内部 1，边界 15
2026-09-11 11:45:39,474 DEBUG 层 2：检查 60 格，内部 8，边界 29
2026-09-11 11:45:39,474 DEBUG 层 3：检查 116 格，内部 20，边界 60
2026-09-11 11:45:39,474 DEBUG 层 4：检查 240 格，内部 49，边界 122
2026-09-11 11:45:39,475 DEBUG 层 5：检查 488 格，内部 121，边界 242
2026-09-11 11:45:39,475 DEBUG 层 6：检查 968 格，内部 230，边界 481
2026-09-11 11:45:39,475 DEBUG 层 7：检查 1924 格，内部 473，边界 965
2026-09-11 11:45:39,475 DEBUG 层 8：检查 3860 格，内部 955，边界 1931
2026-09-11 11:45:39,476 DEBUG 层 9：检查 7724 格，内部 1925，边界 3863
2026-09-11 11:45:39,567 DEBUG 求解结束：sampled；可行点 13304，叶格 7645，边界格边长 0.035156 m
2026-09-11 11:45:39,568 INFO number_006_4 | 面积 483.9537 [481.5719, 486.3356] m² | 定位误差 14.2839 m | sampled
2026-09-11 11:45:39,572 DEBUG 层 0：检查 40000 格，内部 0，边界 5
2026-09-11 11:45:39,572 DEBUG 层 1：检查 20 格，内部 0，边界 6
2026-09-11 11:45:39,573 DEBUG 层 2：检查 24 格，内部 0，边界 9
2026-09-11 11:45:39,573 DEBUG 层 3：检查 36 格，内部 4，边界 21
2026-09-11 11:45:39,573 DEBUG 层 4：检查 84 格，内部 12，边界 41
2026-09-11 11:45:39,573 DEBUG 层 5：检查 164 格，内部 36，边界 78
2026-09-11 11:45:39,573 DEBUG 层 6：检查 312 格，内部 71，边界 158
2026-09-11 11:45:39,573 DEBUG 层 7：检查 632 格，内部 147，边界 318
2026-09-11 11:45:39,573 DEBUG 层 8：检查 1272 格，内部 307，边界 640
2026-09-11 11:45:39,574 DEBUG 层 9：检查 2560 格，内部 645，边界 1279
2026-09-11 11:45:39,603 DEBUG 求解结束：sampled；可行点 4318，叶格 2501，边界格边长 0.035156 m
2026-09-11 11:45:39,604 INFO number_006_5 | 面积 59.2304 [58.4474, 60.0134] m² | 定位误差 0.9453 m | sampled
2026-09-11 11:45:39,608 DEBUG 层 0：检查 40000 格，内部 0，边界 5
2026-09-11 11:45:39,609 DEBUG 层 1：检查 20 格，内部 0，边界 6
2026-09-11 11:45:39,609 DEBUG 层 2：检查 24 格，内部 0，边界 9
2026-09-11 11:45:39,609 DEBUG 层 3：检查 36 格，内部 4，边界 21
2026-09-11 11:45:39,609 DEBUG 层 4：检查 84 格，内部 12，边界 41
2026-09-11 11:45:39,609 DEBUG 层 5：检查 164 格，内部 36，边界 78
2026-09-11 11:45:39,609 DEBUG 层 6：检查 312 格，内部 71，边界 158
2026-09-11 11:45:39,610 DEBUG 层 7：检查 632 格，内部 147，边界 318
2026-09-11 11:45:39,610 DEBUG 层 8：检查 1272 格，内部 307，边界 640
2026-09-11 11:45:39,610 DEBUG 层 9：检查 2560 格，内部 645，边界 1279
2026-09-11 11:45:39,644 DEBUG 求解结束：sampled；可行点 4318，叶格 2501，边界格边长 0.035156 m
2026-09-11 11:45:39,646 INFO number_006_6 | 面积 59.2304 [58.4474, 60.0134] m² | 定位误差 0.9453 m | sampled
2026-09-11 11:45:39,649 DEBUG 层 0：检查 40000 格，内部 0，边界 10
2026-09-11 11:45:39,650 DEBUG 层 1：检查 40 格，内部 7，边界 18
2026-09-11 11:45:39,650 DEBUG 层 2：检查 72 格，内部 15，边界 35
2026-09-11 11:45:39,650 DEBUG 层 3：检查 140 格，内部 34，边界 72
2026-09-11 11:45:39,650 DEBUG 层 4：检查 288 格，内部 73，边界 144
2026-09-11 11:45:39,650 DEBUG 层 5：检查 576 格，内部 137，边界 285
2026-09-11 11:45:39,650 DEBUG 层 6：检查 1140 格，内部 277，边界 569
2026-09-11 11:45:39,651 DEBUG 层 7：检查 2276 格，内部 566，边界 1140
2026-09-11 11:45:39,651 DEBUG 层 8：检查 4560 格，内部 1121，边界 2280
2026-09-11 11:45:39,652 DEBUG 层 9：检查 9120 格，内部 2273，边界 4561
2026-09-11 11:45:39,780 DEBUG 求解结束：sampled；可行点 15811，叶格 9064，边界格边长 0.035156 m
2026-09-11 11:45:39,782 INFO number_007_2 | 面积 1225.6875 [1222.8728, 1228.5023] m² | 定位误差 18.5472 m | sampled
2026-09-11 11:45:39,786 DEBUG 层 0：检查 40000 格，内部 0，边界 5
2026-09-11 11:45:39,787 DEBUG 层 1：检查 20 格，内部 0，边界 8
2026-09-11 11:45:39,787 DEBUG 层 2：检查 32 格，内部 0，边界 14
2026-09-11 11:45:39,787 DEBUG 层 3：检查 56 格，内部 10，边界 28
2026-09-11 11:45:39,787 DEBUG 层 4：检查 112 格，内部 17，边界 58
2026-09-11 11:45:39,787 DEBUG 层 5：检查 232 格，内部 49，边界 116
2026-09-11 11:45:39,787 DEBUG 层 6：检查 464 格，内部 113，边界 232
2026-09-11 11:45:39,787 DEBUG 层 7：检查 928 格，内部 226，边界 465
2026-09-11 11:45:39,788 DEBUG 层 8：检查 1860 格，内部 463，边界 929
2026-09-11 11:45:39,788 DEBUG 层 9：检查 3716 格，内部 932，边界 1855
2026-09-11 11:45:39,840 DEBUG 求解结束：sampled；可行点 6335，叶格 3665，边界格边长 0.035156 m
2026-09-11 11:45:39,841 INFO number_007_3 | 面积 106.7556 [105.6068, 107.9044] m² | 定位误差 1.0885 m | sampled
2026-09-11 11:45:39,846 DEBUG 层 0：检查 40000 格，内部 0，边界 5
2026-09-11 11:45:39,846 DEBUG 层 1：检查 20 格，内部 0，边界 8
2026-09-11 11:45:39,846 DEBUG 层 2：检查 32 格，内部 0，边界 13
2026-09-11 11:45:39,846 DEBUG 层 3：检查 52 格，内部 4，边界 28
2026-09-11 11:45:39,846 DEBUG 层 4：检查 112 格，内部 21，边界 56
2026-09-11 11:45:39,847 DEBUG 层 5：检查 224 格，内部 42，边界 112
2026-09-11 11:45:39,847 DEBUG 层 6：检查 448 格，内部 106，边界 224
2026-09-11 11:45:39,847 DEBUG 层 7：检查 896 格，内部 211，边界 450
2026-09-11 11:45:39,847 DEBUG 层 8：检查 1800 格，内部 451，边界 899
2026-09-11 11:45:39,848 DEBUG 层 9：检查 3596 格，内部 899，边界 1795
2026-09-11 11:45:39,900 DEBUG 求解结束：sampled；可行点 6091，叶格 3529，边界格边长 0.035156 m
2026-09-11 11:45:39,901 INFO number_007_4 | 面积 78.1982 [77.0879, 79.3086] m² | 定位误差 2.1163 m | sampled
2026-09-11 11:45:39,906 DEBUG 层 0：检查 40000 格，内部 0，边界 3
2026-09-11 11:45:39,906 DEBUG 层 1：检查 12 格，内部 0，边界 6
2026-09-11 11:45:39,906 DEBUG 层 2：检查 24 格，内部 0，边界 9
2026-09-11 11:45:39,907 DEBUG 层 3：检查 36 格，内部 2，边界 20
2026-09-11 11:45:39,907 DEBUG 层 4：检查 80 格，内部 13，边界 38
2026-09-11 11:45:39,907 DEBUG 层 5：检查 152 格，内部 27，边界 76
2026-09-11 11:45:39,907 DEBUG 层 6：检查 304 格，内部 67，边界 153
2026-09-11 11:45:39,907 DEBUG 层 7：检查 612 格，内部 149，边界 306
2026-09-11 11:45:39,908 DEBUG 层 8：检查 1224 格，内部 299，边界 614
2026-09-11 11:45:39,908 DEBUG 层 9：检查 2456 格，内部 613，边界 1225
2026-09-11 11:45:39,942 DEBUG 求解结束：sampled；可行点 4135，叶格 2395，边界格边长 0.035156 m
2026-09-11 11:45:39,943 INFO number_007_5 | 面积 47.0976 [46.3405, 47.8546] m² | 定位误差 3.4497 m | sampled
2026-09-11 11:45:39,948 DEBUG 层 0：检查 40000 格，内部 0，边界 2
2026-09-11 11:45:39,949 DEBUG 层 1：检查 8 格，内部 0，边界 4
2026-09-11 11:45:39,949 DEBUG 层 2：检查 16 格，内部 0，边界 6
2026-09-11 11:45:39,949 DEBUG 层 3：检查 24 格，内部 1，边界 13
2026-09-11 11:45:39,949 DEBUG 层 4：检查 52 格，内部 7，边界 26
2026-09-11 11:45:39,949 DEBUG 层 5：检查 104 格，内部 18，边界 54
2026-09-11 11:45:39,949 DEBUG 层 6：检查 216 格，内部 47，边界 107
2026-09-11 11:45:39,950 DEBUG 层 7：检查 428 格，内部 106，边界 212
2026-09-11 11:45:39,950 DEBUG 层 8：检查 848 格，内部 209，边界 423
2026-09-11 11:45:39,950 DEBUG 层 9：检查 1692 格，内部 420，边界 845
2026-09-11 11:45:39,974 DEBUG 求解结束：sampled；可行点 2838，叶格 1653，边界格边长 0.035156 m
2026-09-11 11:45:39,975 INFO number_007_6 | 面积 27.9969 [27.4751, 28.5186] m² | 定位误差 1.9629 m | sampled
2026-09-11 11:45:39,979 DEBUG 层 0：检查 40000 格，内部 1，边界 10
2026-09-11 11:45:39,979 DEBUG 层 1：检查 40 格，内部 3，边界 20
2026-09-11 11:45:39,979 DEBUG 层 2：检查 80 格，内部 14，边界 41
2026-09-11 11:45:39,979 DEBUG 层 3：检查 164 格，内部 34，边界 81
2026-09-11 11:45:39,980 DEBUG 层 4：检查 324 格，内部 81，边界 160
2026-09-11 11:45:39,980 DEBUG 层 5：检查 640 格，内部 158，边界 321
2026-09-11 11:45:39,980 DEBUG 层 6：检查 1284 格，内部 318，边界 644
2026-09-11 11:45:39,980 DEBUG 层 7：检查 2576 格，内部 647，边界 1288
2026-09-11 11:45:39,981 DEBUG 层 8：检查 5152 格，内部 1282，边界 2576
2026-09-11 11:45:39,983 DEBUG 层 9：检查 10304 格，内部 2573，边界 5153
2026-09-11 11:45:40,130 DEBUG 求解结束：sampled；可行点 17906，叶格 10264，边界格边长 0.035156 m
2026-09-11 11:45:40,131 INFO number_008_2 | 面积 1228.9327 [1225.7615, 1232.1039] m² | 定位误差 14.6249 m | sampled
2026-09-11 11:45:40,135 DEBUG 层 0：检查 40000 格，内部 0，边界 7
2026-09-11 11:45:40,136 DEBUG 层 1：检查 28 格，内部 0，边界 13
2026-09-11 11:45:40,136 DEBUG 层 2：检查 52 格，内部 6，边界 29
2026-09-11 11:45:40,136 DEBUG 层 3：检查 116 格，内部 23，边界 57
2026-09-11 11:45:40,136 DEBUG 层 4：检查 228 格，内部 50，边界 114
2026-09-11 11:45:40,136 DEBUG 层 5：检查 456 格，内部 108，边界 232
2026-09-11 11:45:40,136 DEBUG 层 6：检查 928 格，内部 220，边界 465
2026-09-11 11:45:40,137 DEBUG 层 7：检查 1860 格，内部 458，边界 930
2026-09-11 11:45:40,137 DEBUG 层 8：检查 3720 格，内部 925，边界 1858
2026-09-11 11:45:40,138 DEBUG 层 9：检查 7432 格，内部 1858，边界 3717
2026-09-11 11:45:40,244 DEBUG 求解结束：sampled；可行点 12812，叶格 7365，边界格边长 0.035156 m
2026-09-11 11:45:40,246 INFO number_008_3 | 面积 373.2976 [371.0018, 375.5934] m² | 定位误差 8.2616 m | sampled
2026-09-11 11:45:40,251 DEBUG 层 0：检查 40000 格，内部 0，边界 6
2026-09-11 11:45:40,251 DEBUG 层 1：检查 24 格，内部 0，边界 12
2026-09-11 11:45:40,251 DEBUG 层 2：检查 48 格，内部 4，边界 27
2026-09-11 11:45:40,252 DEBUG 层 3：检查 108 格，内部 18，边界 54
2026-09-11 11:45:40,252 DEBUG 层 4：检查 216 格，内部 49，边界 106
2026-09-11 11:45:40,252 DEBUG 层 5：检查 424 格，内部 103，边界 216
2026-09-11 11:45:40,252 DEBUG 层 6：检查 864 格，内部 203，边界 433
2026-09-11 11:45:40,253 DEBUG 层 7：检查 1732 格，内部 428，边界 867
2026-09-11 11:45:40,253 DEBUG 层 8：检查 3468 格，内部 853，边界 1731
2026-09-11 11:45:40,254 DEBUG 层 9：检查 6924 格，内部 1730，边界 3464
2026-09-11 11:45:40,351 DEBUG 求解结束：sampled；可行点 11915，叶格 6852，边界格边长 0.035156 m
2026-09-11 11:45:40,353 INFO number_008_4 | 面积 301.8607 [299.7248, 303.9966] m² | 定位误差 9.7652 m | sampled
2026-09-11 11:45:40,359 DEBUG 层 0：检查 40000 格，内部 0，边界 3
2026-09-11 11:45:40,360 DEBUG 层 1：检查 12 格，内部 0，边界 5
2026-09-11 11:45:40,360 DEBUG 层 2：检查 20 格，内部 0，边界 10
2026-09-11 11:45:40,360 DEBUG 层 3：检查 40 格，内部 4，边界 21
2026-09-11 11:45:40,361 DEBUG 层 4：检查 84 格，内部 18，边界 40
2026-09-11 11:45:40,361 DEBUG 层 5：检查 160 格，内部 33，边界 81
2026-09-11 11:45:40,361 DEBUG 层 6：检查 324 格，内部 68，边界 163
2026-09-11 11:45:40,362 DEBUG 层 7：检查 652 格，内部 157，边界 326
2026-09-11 11:45:40,362 DEBUG 层 8：检查 1304 格，内部 325，边界 649
2026-09-11 11:45:40,363 DEBUG 层 9：检查 2596 格，内部 646，边界 1300
2026-09-11 11:45:40,399 DEBUG 求解结束：sampled；可行点 4412，叶格 2551，边界格边长 0.035156 m
2026-09-11 11:45:40,401 INFO number_008_5 | 面积 65.9378 [65.1380, 66.7376] m² | 定位误差 4.0598 m | sampled
2026-09-11 11:45:40,405 DEBUG 层 0：检查 40000 格，内部 0，边界 3
2026-09-11 11:45:40,405 DEBUG 层 1：检查 12 格，内部 0，边界 4
2026-09-11 11:45:40,406 DEBUG 层 2：检查 16 格，内部 0，边界 8
2026-09-11 11:45:40,406 DEBUG 层 3：检查 32 格，内部 3，边界 18
2026-09-11 11:45:40,406 DEBUG 层 4：检查 72 格，内部 14，边界 36
2026-09-11 11:45:40,406 DEBUG 层 5：检查 144 格，内部 29，边界 73
2026-09-11 11:45:40,406 DEBUG 层 6：检查 292 格，内部 63，边界 146
2026-09-11 11:45:40,407 DEBUG 层 7：检查 584 格，内部 136，边界 293
2026-09-11 11:45:40,407 DEBUG 层 8：检查 1172 格，内部 293，边界 585
2026-09-11 11:45:40,407 DEBUG 层 9：检查 2340 格，内部 584，边界 1170
2026-09-11 11:45:40,439 DEBUG 求解结束：sampled；可行点 3958，叶格 2292，边界格边长 0.035156 m
2026-09-11 11:45:40,441 INFO number_008_6 | 面积 53.3447 [52.6236, 54.0659] m² | 定位误差 3.4821 m | sampled
2026-09-11 11:45:40,445 DEBUG 层 0：检查 40000 格，内部 1，边界 11
2026-09-11 11:45:40,445 DEBUG 层 1：检查 44 格，内部 2，边界 23
2026-09-11 11:45:40,445 DEBUG 层 2：检查 92 格，内部 17，边界 43
2026-09-11 11:45:40,445 DEBUG 层 3：检查 172 格，内部 38，边界 86
2026-09-11 11:45:40,445 DEBUG 层 4：检查 344 格，内部 71，边界 173
2026-09-11 11:45:40,445 DEBUG 层 5：检查 692 格，内部 165，边界 347
2026-09-11 11:45:40,446 DEBUG 层 6：检查 1388 格，内部 337，边界 693
2026-09-11 11:45:40,446 DEBUG 层 7：检查 2772 格，内部 687，边界 1387
2026-09-11 11:45:40,447 DEBUG 层 8：检查 5548 格，内部 1403，边界 2774
2026-09-11 11:45:40,448 DEBUG 层 9：检查 11096 格，内部 2797，边界 5547
2026-09-11 11:45:40,620 DEBUG 求解结束：sampled；可行点 19309，叶格 11065，边界格边长 0.035156 m
2026-09-11 11:45:40,622 INFO number_009_2 | 面积 1222.1309 [1218.7326, 1225.5292] m² | 定位误差 0.6086 m | sampled
2026-09-11 11:45:40,626 DEBUG 层 0：检查 40000 格，内部 1，边界 9
2026-09-11 11:45:40,627 DEBUG 层 1：检查 36 格，内部 1，边界 19
2026-09-11 11:45:40,627 DEBUG 层 2：检查 76 格，内部 19，边界 37
2026-09-11 11:45:40,627 DEBUG 层 3：检查 148 格，内部 28，边界 76
2026-09-11 11:45:40,627 DEBUG 层 4：检查 304 格，内部 74，边界 153
2026-09-11 11:45:40,627 DEBUG 层 5：检查 612 格，内部 144，边界 306
2026-09-11 11:45:40,628 DEBUG 层 6：检查 1224 格，内部 301，边界 608
2026-09-11 11:45:40,628 DEBUG 层 7：检查 2432 格，内部 603，边界 1218
2026-09-11 11:45:40,629 DEBUG 层 8：检查 4872 格，内部 1241，边界 2436
2026-09-11 11:45:40,630 DEBUG 层 9：检查 9744 格，内部 2432，边界 4870
2026-09-11 11:45:40,771 DEBUG 求解结束：sampled；可行点 16957，叶格 9714，边界格边长 0.035156 m
2026-09-11 11:45:40,773 INFO number_009_3 | 面积 1121.5398 [1118.5749, 1124.5047] m² | 定位误差 1.4381 m | sampled
2026-09-11 11:45:40,777 DEBUG 层 0：检查 40000 格，内部 0，边界 7
2026-09-11 11:45:40,778 DEBUG 层 1：检查 28 格，内部 1，边界 17
2026-09-11 11:45:40,778 DEBUG 层 2：检查 68 格，内部 12，边界 31
2026-09-11 11:45:40,778 DEBUG 层 3：检查 124 格，内部 27，边界 64
2026-09-11 11:45:40,778 DEBUG 层 4：检查 256 格，内部 63，边界 131
2026-09-11 11:45:40,778 DEBUG 层 5：检查 524 格，内部 128，边界 262
2026-09-11 11:45:40,779 DEBUG 层 6：检查 1048 格，内部 245，边界 520
2026-09-11 11:45:40,779 DEBUG 层 7：检查 2080 格，内部 518，边界 1044
2026-09-11 11:45:40,780 DEBUG 层 8：检查 4176 格，内部 1067，边界 2088
2026-09-11 11:45:40,780 DEBUG 层 9：检查 8352 格，内部 2077，边界 4173
2026-09-11 11:45:40,906 DEBUG 求解结束：sampled；可行点 14492，叶格 8311，边界格边长 0.035156 m
2026-09-11 11:45:40,909 INFO number_009_4 | 面积 623.4827 [620.9377, 626.0277] m² | 定位误差 7.8275 m | sampled
2026-09-11 11:45:40,913 DEBUG 层 0：检查 40000 格，内部 0，边界 6
2026-09-11 11:45:40,914 DEBUG 层 1：检查 24 格，内部 1，边界 14
2026-09-11 11:45:40,914 DEBUG 层 2：检查 56 格，内部 11，边界 26
2026-09-11 11:45:40,914 DEBUG 层 3：检查 104 格，内部 25，边界 53
2026-09-11 11:45:40,914 DEBUG 层 4：检查 212 格，内部 52，边界 106
2026-09-11 11:45:40,914 DEBUG 层 5：检查 424 格，内部 99，边界 210
2026-09-11 11:45:40,915 DEBUG 层 6：检查 840 格，内部 196，边界 422
2026-09-11 11:45:40,915 DEBUG 层 7：检查 1688 格，内部 416，边界 846
2026-09-11 11:45:40,916 DEBUG 层 8：检查 3384 格，内部 870，边界 1692
2026-09-11 11:45:40,916 DEBUG 层 9：检查 6768 格，内部 1699，边界 3382
2026-09-11 11:45:41,013 DEBUG 求解结束：sampled；可行点 11774，叶格 6751，边界格边长 0.035156 m
2026-09-11 11:45:41,016 INFO number_009_5 | 面积 561.6977 [559.6349, 563.7605] m² | 定位误差 8.4090 m | sampled
2026-09-11 11:45:41,020 DEBUG 层 0：检查 40000 格，内部 0，边界 4
2026-09-11 11:45:41,020 DEBUG 层 1：检查 16 格，内部 0，边界 9
2026-09-11 11:45:41,021 DEBUG 层 2：检查 36 格，内部 2，边界 18
2026-09-11 11:45:41,021 DEBUG 层 3：检查 72 格，内部 14，边界 34
2026-09-11 11:45:41,021 DEBUG 层 4：检查 136 格，内部 29，边界 64
2026-09-11 11:45:41,021 DEBUG 层 5：检查 256 格，内部 50，边界 129
2026-09-11 11:45:41,021 DEBUG 层 6：检查 516 格，内部 128，边界 257
2026-09-11 11:45:41,022 DEBUG 层 7：检查 1028 格，内部 252，边界 517
2026-09-11 11:45:41,022 DEBUG 层 8：检查 2068 格，内部 519，边界 1032
2026-09-11 11:45:41,023 DEBUG 层 9：检查 4128 格，内部 1021，边界 2066
2026-09-11 11:45:41,084 DEBUG 求解结束：sampled；可行点 7094，叶格 4081，边界格边长 0.035156 m
2026-09-11 11:45:41,086 INFO number_009_6 | 面积 185.3643 [184.0953, 186.6333] m² | 定位误差 11.2492 m | sampled
2026-09-11 11:45:41,090 DEBUG 层 0：检查 40000 格，内部 0，边界 12
2026-09-11 11:45:41,090 DEBUG 层 1：检查 48 格，内部 6，边界 21
2026-09-11 11:45:41,090 DEBUG 层 2：检查 84 格，内部 17，边界 44
2026-09-11 11:45:41,091 DEBUG 层 3：检查 176 格，内部 40，边界 87
2026-09-11 11:45:41,091 DEBUG 层 4：检查 348 格，内部 77，边界 175
2026-09-11 11:45:41,091 DEBUG 层 5：检查 700 格，内部 169，边界 350
2026-09-11 11:45:41,091 DEBUG 层 6：检查 1400 格，内部 344，边界 701
2026-09-11 11:45:41,092 DEBUG 层 7：检查 2804 格，内部 694，边界 1402
2026-09-11 11:45:41,092 DEBUG 层 8：检查 5608 格，内部 1401，边界 2805
2026-09-11 11:45:41,093 DEBUG 层 9：检查 11220 格，内部 2807，边界 5609
2026-09-11 11:45:41,268 DEBUG 求解结束：sampled；可行点 19474，叶格 11164，边界格边长 0.035156 m
2026-09-11 11:45:41,269 INFO number_010_2 | 面积 1241.9121 [1238.4505, 1245.3738] m² | 定位误差 14.1650 m | sampled
2026-09-11 11:45:41,273 DEBUG 层 0：检查 40000 格，内部 0，边界 10
2026-09-11 11:45:41,273 DEBUG 层 1：检查 40 格，内部 5，边界 19
2026-09-11 11:45:41,274 DEBUG 层 2：检查 76 格，内部 12，边界 40
2026-09-11 11:45:41,274 DEBUG 层 3：检查 160 格，内部 38，边界 76
2026-09-11 11:45:41,274 DEBUG 层 4：检查 304 格，内部 68，边界 152
2026-09-11 11:45:41,274 DEBUG 层 5：检查 608 格，内部 143，边界 307
2026-09-11 11:45:41,274 DEBUG 层 6：检查 1228 格，内部 301，边界 613
2026-09-11 11:45:41,275 DEBUG 层 7：检查 2452 格，内部 614，边界 1224
2026-09-11 11:45:41,275 DEBUG 层 8：检查 4896 格，内部 1218，边界 2450
2026-09-11 11:45:41,276 DEBUG 层 9：检查 9800 格，内部 2445，边界 4901
2026-09-11 11:45:41,431 DEBUG 求解结束：sampled；可行点 16996，叶格 9745，边界格边长 0.035156 m
2026-09-11 11:45:41,433 INFO number_010_3 | 面积 1022.7027 [1019.6806, 1025.7248] m² | 定位误差 15.7738 m | sampled
2026-09-11 11:45:41,437 DEBUG 层 0：检查 40000 格，内部 0，边界 5
2026-09-11 11:45:41,438 DEBUG 层 1：检查 20 格，内部 0，边界 8
2026-09-11 11:45:41,438 DEBUG 层 2：检查 32 格，内部 1，边界 15
2026-09-11 11:45:41,438 DEBUG 层 3：检查 60 格，内部 1，边界 30
2026-09-11 11:45:41,438 DEBUG 层 4：检查 120 格，内部 17，边界 61
2026-09-11 11:45:41,438 DEBUG 层 5：检查 244 格，内部 49，边界 120
2026-09-11 11:45:41,439 DEBUG 层 6：检查 480 格，内部 111，边界 240
2026-09-11 11:45:41,439 DEBUG 层 7：检查 960 格，内部 236，边界 478
2026-09-11 11:45:41,439 DEBUG 层 8：检查 1912 格，内部 461，边界 959
2026-09-11 11:45:41,440 DEBUG 层 9：检查 3836 格，内部 952，边界 1919
2026-09-11 11:45:41,492 DEBUG 求解结束：sampled；可行点 6454，叶格 3747，边界格边长 0.035156 m
2026-09-11 11:45:41,493 INFO number_010_4 | 面积 81.5755 [80.3928, 82.7582] m² | 定位误差 5.6157 m | sampled
2026-09-11 11:45:41,500 DEBUG 层 0：检查 40000 格，内部 0，边界 3
2026-09-11 11:45:41,501 DEBUG 层 1：检查 12 格，内部 0，边界 5
2026-09-11 11:45:41,501 DEBUG 层 2：检查 20 格，内部 1，边界 9
2026-09-11 11:45:41,501 DEBUG 层 3：检查 36 格，内部 1，边界 17
2026-09-11 11:45:41,501 DEBUG 层 4：检查 68 格，内部 8，边界 37
2026-09-11 11:45:41,502 DEBUG 层 5：检查 148 格，内部 32，边界 74
2026-09-11 11:45:41,502 DEBUG 层 6：检查 296 格，内部 69，边界 147
2026-09-11 11:45:41,503 DEBUG 层 7：检查 588 格，内部 139，边界 291
2026-09-11 11:45:41,503 DEBUG 层 8：检查 1164 格，内部 269，边界 586
2026-09-11 11:45:41,504 DEBUG 层 9：检查 2344 格，内部 576，边界 1173
2026-09-11 11:45:41,537 DEBUG 求解结束：sampled；可行点 3914，叶格 2268，边界格边长 0.035156 m
2026-09-11 11:45:41,538 INFO number_010_5 | 面积 57.2286 [56.5066, 57.9505] m² | 定位误差 2.8490 m | sampled
2026-09-11 11:45:41,542 DEBUG 层 0：检查 40000 格，内部 0，边界 3
2026-09-11 11:45:41,542 DEBUG 层 1：检查 12 格，内部 0，边界 5
2026-09-11 11:45:41,543 DEBUG 层 2：检查 20 格，内部 1，边界 9
2026-09-11 11:45:41,543 DEBUG 层 3：检查 36 格，内部 1，边界 17
2026-09-11 11:45:41,543 DEBUG 层 4：检查 68 格，内部 8，边界 37
2026-09-11 11:45:41,543 DEBUG 层 5：检查 148 格，内部 32，边界 74
2026-09-11 11:45:41,543 DEBUG 层 6：检查 296 格，内部 69，边界 147
2026-09-11 11:45:41,544 DEBUG 层 7：检查 588 格，内部 139，边界 291
2026-09-11 11:45:41,544 DEBUG 层 8：检查 1164 格，内部 269，边界 586
2026-09-11 11:45:41,544 DEBUG 层 9：检查 2344 格，内部 576，边界 1173
2026-09-11 11:45:41,578 DEBUG 求解结束：sampled；可行点 3914，叶格 2268，边界格边长 0.035156 m
2026-09-11 11:45:41,579 INFO number_010_6 | 面积 57.2286 [56.5066, 57.9505] m² | 定位误差 2.8490 m | sampled
2026-09-11 11:45:41,583 DEBUG 层 0：检查 40000 格，内部 0，边界 11
2026-09-11 11:45:41,584 DEBUG 层 1：检查 44 格，内部 6，边界 22
2026-09-11 11:45:41,584 DEBUG 层 2：检查 88 格，内部 17，边界 43
2026-09-11 11:45:41,584 DEBUG 层 3：检查 172 格，内部 40，边界 85
2026-09-11 11:45:41,584 DEBUG 层 4：检查 340 格，内部 75，边界 170
2026-09-11 11:45:41,584 DEBUG 层 5：检查 680 格，内部 168，边界 339
2026-09-11 11:45:41,585 DEBUG 层 6：检查 1356 格，内部 336，边界 681
2026-09-11 11:45:41,585 DEBUG 层 7：检查 2724 格，内部 683，边界 1358
2026-09-11 11:45:41,586 DEBUG 层 8：检查 5432 格，内部 1344，边界 2718
2026-09-11 11:45:41,587 DEBUG 层 9：检查 10872 格，内部 2711，边界 5440
2026-09-11 11:45:41,745 DEBUG 求解结束：sampled；可行点 18868，叶格 10820，边界格边长 0.035156 m
2026-09-11 11:45:41,747 INFO number_011_2 | 面积 1237.6091 [1234.2495, 1240.9688] m² | 定位误差 17.0791 m | sampled
2026-09-11 11:45:41,751 DEBUG 层 0：检查 40000 格，内部 0，边界 5
2026-09-11 11:45:41,751 DEBUG 层 1：检查 20 格，内部 0，边界 5
2026-09-11 11:45:41,751 DEBUG 层 2：检查 20 格，内部 0，边界 11
2026-09-11 11:45:41,752 DEBUG 层 3：检查 44 格，内部 7，边界 26
2026-09-11 11:45:41,752 DEBUG 层 4：检查 104 格，内部 12，边界 48
2026-09-11 11:45:41,752 DEBUG 层 5：检查 192 格，内部 26，边界 94
2026-09-11 11:45:41,752 DEBUG 层 6：检查 376 格，内部 116，边界 191
2026-09-11 11:45:41,752 DEBUG 层 7：检查 764 格，内部 218，边界 381
2026-09-11 11:45:41,752 DEBUG 层 8：检查 1524 格，内部 297，边界 761
2026-09-11 11:45:41,753 DEBUG 层 9：检查 3044 格，内部 760，边界 1527
2026-09-11 11:45:41,795 DEBUG 求解结束：sampled；可行点 5112，叶格 2963，边界格边长 0.035156 m
2026-09-11 11:45:41,797 INFO number_011_3 | 面积 76.5695 [75.6721, 77.4670] m² | 定位误差 8.5340 m | sampled
2026-09-11 11:45:41,801 DEBUG 层 0：检查 40000 格，内部 0，边界 5
2026-09-11 11:45:41,801 DEBUG 层 1：检查 20 格，内部 0，边界 5
2026-09-11 11:45:41,801 DEBUG 层 2：检查 20 格，内部 0，边界 11
2026-09-11 11:45:41,802 DEBUG 层 3：检查 44 格，内部 7，边界 26
2026-09-11 11:45:41,802 DEBUG 层 4：检查 104 格，内部 12，边界 48
2026-09-11 11:45:41,802 DEBUG 层 5：检查 192 格，内部 26，边界 94
2026-09-11 11:45:41,802 DEBUG 层 6：检查 376 格，内部 116，边界 191
2026-09-11 11:45:41,802 DEBUG 层 7：检查 764 格，内部 218，边界 381
2026-09-11 11:45:41,803 DEBUG 层 8：检查 1524 格，内部 297，边界 761
2026-09-11 11:45:41,803 DEBUG 层 9：检查 3044 格，内部 760，边界 1527
2026-09-11 11:45:41,849 DEBUG 求解结束：sampled；可行点 5112，叶格 2963，边界格边长 0.035156 m
2026-09-11 11:45:41,850 INFO number_011_4 | 面积 76.5695 [75.6721, 77.4670] m² | 定位误差 8.5340 m | sampled
2026-09-11 11:45:41,855 DEBUG 层 0：检查 40000 格，内部 0，边界 5
2026-09-11 11:45:41,855 DEBUG 层 1：检查 20 格，内部 0，边界 5
2026-09-11 11:45:41,855 DEBUG 层 2：检查 20 格，内部 0，边界 11
2026-09-11 11:45:41,855 DEBUG 层 3：检查 44 格，内部 7，边界 26
2026-09-11 11:45:41,855 DEBUG 层 4：检查 104 格，内部 12，边界 48
2026-09-11 11:45:41,856 DEBUG 层 5：检查 192 格，内部 26，边界 94
2026-09-11 11:45:41,856 DEBUG 层 6：检查 376 格，内部 116，边界 191
2026-09-11 11:45:41,856 DEBUG 层 7：检查 764 格，内部 218，边界 381
2026-09-11 11:45:41,856 DEBUG 层 8：检查 1524 格，内部 297，边界 761
2026-09-11 11:45:41,857 DEBUG 层 9：检查 3044 格，内部 760，边界 1527
2026-09-11 11:45:41,899 DEBUG 求解结束：sampled；可行点 5112，叶格 2963，边界格边长 0.035156 m
2026-09-11 11:45:41,900 INFO number_011_5 | 面积 76.5695 [75.6721, 77.4670] m² | 定位误差 8.5340 m | sampled
2026-09-11 11:45:41,905 DEBUG 层 0：检查 40000 格，内部 0，边界 4
2026-09-11 11:45:41,905 DEBUG 层 1：检查 16 格，内部 0，边界 5
2026-09-11 11:45:41,905 DEBUG 层 2：检查 20 格，内部 0，边界 11
2026-09-11 11:45:41,906 DEBUG 层 3：检查 44 格，内部 7，边界 26
2026-09-11 11:45:41,906 DEBUG 层 4：检查 104 格，内部 12，边界 48
2026-09-11 11:45:41,906 DEBUG 层 5：检查 192 格，内部 26，边界 94
2026-09-11 11:45:41,906 DEBUG 层 6：检查 376 格，内部 116，边界 191
2026-09-11 11:45:41,906 DEBUG 层 7：检查 764 格，内部 218，边界 381
2026-09-11 11:45:41,907 DEBUG 层 8：检查 1524 格，内部 297，边界 761
2026-09-11 11:45:41,907 DEBUG 层 9：检查 3044 格，内部 760，边界 1527
2026-09-11 11:45:41,949 DEBUG 求解结束：sampled；可行点 5112，叶格 2963，边界格边长 0.035156 m
2026-09-11 11:45:41,952 INFO number_011_6 | 面积 76.5695 [75.6721, 77.4670] m² | 定位误差 8.5340 m | sampled
2026-09-11 11:45:41,957 DEBUG 层 0：检查 40000 格，内部 0，边界 10
2026-09-11 11:45:41,958 DEBUG 层 1：检查 40 格，内部 6，边界 20
2026-09-11 11:45:41,958 DEBUG 层 2：检查 80 格，内部 18，边界 43
2026-09-11 11:45:41,958 DEBUG 层 3：检查 172 格，内部 32，边界 85
2026-09-11 11:45:41,958 DEBUG 层 4：检查 340 格，内部 89，边界 169
2026-09-11 11:45:41,958 DEBUG 层 5：检查 676 格，内部 156，边界 336
2026-09-11 11:45:41,959 DEBUG 层 6：检查 1344 格，内部 322，边界 674
2026-09-11 11:45:41,959 DEBUG 层 7：检查 2696 格，内部 679，边界 1348
2026-09-11 11:45:41,960 DEBUG 层 8：检查 5392 格，内部 1335，边界 2695
2026-09-11 11:45:41,961 DEBUG 层 9：检查 10780 格，内部 2700，边界 5390
2026-09-11 11:45:42,119 DEBUG 求解结束：sampled；可行点 18702，叶格 10727，边界格边长 0.035156 m
2026-09-11 11:45:42,123 INFO number_012_2 | 面积 1229.9598 [1226.6403, 1233.2793] m² | 定位误差 6.0503 m | sampled
2026-09-11 11:45:42,128 DEBUG 层 0：检查 40000 格，内部 0，边界 9
2026-09-11 11:45:42,129 DEBUG 层 1：检查 36 格，内部 4，边界 18
2026-09-11 11:45:42,129 DEBUG 层 2：检查 72 格，内部 12，边界 38
2026-09-11 11:45:42,129 DEBUG 层 3：检查 152 格，内部 27，边界 77
2026-09-11 11:45:42,129 DEBUG 层 4：检查 308 格，内部 78，边界 153
2026-09-11 11:45:42,129 DEBUG 层 5：检查 612 格，内部 140，边界 304
2026-09-11 11:45:42,129 DEBUG 层 6：检查 1216 格，内部 288，边界 610
2026-09-11 11:45:42,130 DEBUG 层 7：检查 2440 格，内部 625，边界 1220
2026-09-11 11:45:42,130 DEBUG 层 8：检查 4880 格，内部 1215，边界 2439
2026-09-11 11:45:42,132 DEBUG 层 9：检查 9756 格，内部 2453，边界 4877
2026-09-11 11:45:42,271 DEBUG 求解结束：sampled；可行点 16947，叶格 9719，边界格边长 0.035156 m
2026-09-11 11:45:42,272 INFO number_012_3 | 面积 896.8580 [893.8647, 899.8513] m² | 定位误差 10.2341 m | sampled
2026-09-11 11:45:42,276 DEBUG 层 0：检查 40000 格，内部 0，边界 9
2026-09-11 11:45:42,277 DEBUG 层 1：检查 36 格，内部 4，边界 18
2026-09-11 11:45:42,277 DEBUG 层 2：检查 72 格，内部 12，边界 38
2026-09-11 11:45:42,277 DEBUG 层 3：检查 152 格，内部 27，边界 77
2026-09-11 11:45:42,277 DEBUG 层 4：检查 308 格，内部 78，边界 152
2026-09-11 11:45:42,277 DEBUG 层 5：检查 608 格，内部 137，边界 303
2026-09-11 11:45:42,278 DEBUG 层 6：检查 1212 格，内部 290，边界 606
2026-09-11 11:45:42,278 DEBUG 层 7：检查 2424 格，内部 619，边界 1213
2026-09-11 11:45:42,279 DEBUG 层 8：检查 4852 格，内部 1205，边界 2426
2026-09-11 11:45:42,280 DEBUG 层 9：检查 9704 格，内部 2436，边界 4853
2026-09-11 11:45:42,417 DEBUG 求解结束：sampled；可行点 16835，叶格 9661，边界格边长 0.035156 m
2026-09-11 11:45:42,419 INFO number_012_4 | 面积 895.8461 [892.8635, 898.8286] m² | 定位误差 10.2398 m | sampled
2026-09-11 11:45:42,425 DEBUG 层 0：检查 40000 格，内部 0，边界 6
2026-09-11 11:45:42,425 DEBUG 层 1：检查 24 格，内部 0，边界 11
2026-09-11 11:45:42,426 DEBUG 层 2：检查 44 格，内部 6，边界 22
2026-09-11 11:45:42,426 DEBUG 层 3：检查 88 格，内部 12，边界 46
2026-09-11 11:45:42,426 DEBUG 层 4：检查 184 格，内部 40，边界 93
2026-09-11 11:45:42,427 DEBUG 层 5：检查 372 格，内部 86，边界 186
2026-09-11 11:45:42,427 DEBUG 层 6：检查 744 格，内部 182，边界 372
2026-09-11 11:45:42,427 DEBUG 层 7：检查 1488 格，内部 374，边界 742
2026-09-11 11:45:42,428 DEBUG 层 8：检查 2968 格，内部 711，边界 1487
2026-09-11 11:45:42,428 DEBUG 层 9：检查 5948 格，内部 1472，边界 2970
2026-09-11 11:45:42,515 DEBUG 求解结束：sampled；可行点 10155，叶格 5853，边界格边长 0.035156 m
2026-09-11 11:45:42,517 INFO number_012_5 | 面积 290.8518 [289.0254, 292.6783] m² | 定位误差 10.7143 m | sampled
2026-09-11 11:45:42,522 DEBUG 层 0：检查 40000 格，内部 0，边界 4
2026-09-11 11:45:42,522 DEBUG 层 1：检查 16 格，内部 0，边界 3
2026-09-11 11:45:42,522 DEBUG 层 2：检查 12 格，内部 0，边界 4
2026-09-11 11:45:42,522 DEBUG 层 3：检查 16 格，内部 0，边界 6
2026-09-11 11:45:42,523 DEBUG 层 4：检查 24 格，内部 0，边界 10
2026-09-11 11:45:42,523 DEBUG 层 5：检查 40 格，内部 2，边界 22
2026-09-11 11:45:42,523 DEBUG 层 6：检查 88 格，内部 17，边界 44
2026-09-11 11:45:42,523 DEBUG 层 7：检查 176 格，内部 38，边界 86
2026-09-11 11:45:42,523 DEBUG 层 8：检查 344 格，内部 72，边界 174
2026-09-11 11:45:42,524 DEBUG 层 9：检查 696 格，内部 167，边界 348
2026-09-11 11:45:42,532 DEBUG 求解结束：sampled；可行点 1066，叶格 644，边界格边长 0.035156 m
2026-09-11 11:45:42,535 INFO number_012_6 | 面积 3.7062 [3.4900, 3.9223] m² | 定位误差 0.9804 m | sampled
2026-09-11 11:45:42,540 DEBUG 层 0：检查 40000 格，内部 1，边界 9
2026-09-11 11:45:42,540 DEBUG 层 1：检查 36 格，内部 5，边界 18
2026-09-11 11:45:42,540 DEBUG 层 2：检查 72 格，内部 10，边界 36
2026-09-11 11:45:42,541 DEBUG 层 3：检查 144 格，内部 29，边界 72
2026-09-11 11:45:42,541 DEBUG 层 4：检查 288 格，内部 71，边界 142
2026-09-11 11:45:42,541 DEBUG 层 5：检查 568 格，内部 127，边界 285
2026-09-11 11:45:42,541 DEBUG 层 6：检查 1140 格，内部 285，边界 569
2026-09-11 11:45:42,542 DEBUG 层 7：检查 2276 格，内部 561，边界 1139
2026-09-11 11:45:42,542 DEBUG 层 8：检查 4556 格，内部 1133，边界 2280
2026-09-11 11:45:42,543 DEBUG 层 9：检查 9120 格，内部 2277，边界 4559
2026-09-11 11:45:42,672 DEBUG 求解结束：sampled；可行点 15806，叶格 9058，边界格边长 0.035156 m
2026-09-11 11:45:42,674 INFO number_013_2 | 面积 1256.0237 [1253.2110, 1258.8365] m² | 定位误差 20.1921 m | sampled
2026-09-11 11:45:42,678 DEBUG 层 0：检查 40000 格，内部 1，边界 9
2026-09-11 11:45:42,678 DEBUG 层 1：检查 36 格，内部 3，边界 18
2026-09-11 11:45:42,679 DEBUG 层 2：检查 72 格，内部 9，边界 35
2026-09-11 11:45:42,679 DEBUG 层 3：检查 140 格，内部 33，边界 69
2026-09-11 11:45:42,679 DEBUG 层 4：检查 276 格，内部 67，边界 137
2026-09-11 11:45:42,679 DEBUG 层 5：检查 548 格，内部 131，边界 274
2026-09-11 11:45:42,679 DEBUG 层 6：检查 1096 格，内部 271，边界 546
2026-09-11 11:45:42,680 DEBUG 层 7：检查 2184 格，内部 546，边界 1092
2026-09-11 11:45:42,680 DEBUG 层 8：检查 4368 格，内部 1082，边界 2186
2026-09-11 11:45:42,681 DEBUG 层 9：检查 8744 格，内部 2184，边界 4371
2026-09-11 11:45:42,811 DEBUG 求解结束：sampled；可行点 15179，叶格 8698，边界格边长 0.035156 m
2026-09-11 11:45:42,813 INFO number_013_3 | 面积 1088.2144 [1085.5188, 1090.9100] m² | 定位误差 19.4266 m | sampled
2026-09-11 11:45:42,817 DEBUG 层 0：检查 40000 格，内部 0，边界 9
2026-09-11 11:45:42,817 DEBUG 层 1：检查 36 格，内部 6，边界 18
2026-09-11 11:45:42,817 DEBUG 层 2：检查 72 格，内部 9，边界 35
2026-09-11 11:45:42,817 DEBUG 层 3：检查 140 格，内部 31，边界 69
2026-09-11 11:45:42,818 DEBUG 层 4：检查 276 格，内部 65，边界 137
2026-09-11 11:45:42,818 DEBUG 层 5：检查 548 格，内部 126，边界 274
2026-09-11 11:45:42,818 DEBUG 层 6：检查 1096 格，内部 272，边界 546
2026-09-11 11:45:42,818 DEBUG 层 7：检查 2184 格，内部 538，边界 1092
2026-09-11 11:45:42,819 DEBUG 层 8：检查 4368 格，内部 1079，边界 2186
2026-09-11 11:45:42,820 DEBUG 层 9：检查 8744 格，内部 2191，边界 4371
2026-09-11 11:45:42,952 DEBUG 求解结束：sampled；可行点 15156，叶格 8688，边界格边长 0.035156 m
2026-09-11 11:45:42,954 INFO number_013_4 | 面积 992.8848 [990.1912, 995.5784] m² | 定位误差 19.7339 m | sampled
2026-09-11 11:45:42,958 DEBUG 层 0：检查 40000 格，内部 0，边界 5
2026-09-11 11:45:42,959 DEBUG 层 1：检查 20 格，内部 0，边界 9
2026-09-11 11:45:42,959 DEBUG 层 2：检查 36 格，内部 3，边界 15
2026-09-11 11:45:42,959 DEBUG 层 3：检查 60 格，内部 9，边界 32
2026-09-11 11:45:42,959 DEBUG 层 4：检查 128 格，内部 21，边界 65
2026-09-11 11:45:42,959 DEBUG 层 5：检查 260 格，内部 54，边界 130
2026-09-11 11:45:42,960 DEBUG 层 6：检查 520 格，内部 125，边界 259
2026-09-11 11:45:42,960 DEBUG 层 7：检查 1036 格，内部 251，边界 519
2026-09-11 11:45:42,960 DEBUG 层 8：检查 2076 格，内部 504，边界 1039
2026-09-11 11:45:42,961 DEBUG 层 9：检查 4156 格，内部 1034，边界 2078
2026-09-11 11:45:43,013 DEBUG 求解结束：sampled；可行点 7078，叶格 4079，边界格边长 0.035156 m
2026-09-11 11:45:43,014 INFO number_013_5 | 面积 171.1463 [169.8672, 172.4253] m² | 定位误差 5.2642 m | sampled
2026-09-11 11:45:43,019 DEBUG 层 0：检查 40000 格，内部 0，边界 5
2026-09-11 11:45:43,019 DEBUG 层 1：检查 20 格，内部 0，边界 9
2026-09-11 11:45:43,019 DEBUG 层 2：检查 36 格，内部 3，边界 15
2026-09-11 11:45:43,020 DEBUG 层 3：检查 60 格，内部 4，边界 30
2026-09-11 11:45:43,020 DEBUG 层 4：检查 120 格，内部 28，边界 61
2026-09-11 11:45:43,020 DEBUG 层 5：检查 244 格，内部 44，边界 121
2026-09-11 11:45:43,020 DEBUG 层 6：检查 484 格，内部 122，边界 242
2026-09-11 11:45:43,020 DEBUG 层 7：检查 968 格，内部 242，边界 487
2026-09-11 11:45:43,021 DEBUG 层 8：检查 1948 格，内部 465，边界 973
2026-09-11 11:45:43,021 DEBUG 层 9：检查 3892 格，内部 954，边界 1946
2026-09-11 11:45:43,066 DEBUG 求解结束：sampled；可行点 6603，叶格 3808，边界格边长 0.035156 m
2026-09-11 11:45:43,068 INFO number_013_6 | 面积 150.6536 [149.4544, 151.8528] m² | 定位误差 5.3492 m | sampled
2026-09-11 11:45:43,072 DEBUG 层 0：检查 40000 格，内部 1，边界 9
2026-09-11 11:45:43,072 DEBUG 层 1：检查 36 格，内部 3，边界 18
2026-09-11 11:45:43,072 DEBUG 层 2：检查 72 格，内部 16，边界 35
2026-09-11 11:45:43,072 DEBUG 层 3：检查 140 格，内部 31，边界 70
2026-09-11 11:45:43,072 DEBUG 层 4：检查 280 格，内部 73，边界 141
2026-09-11 11:45:43,073 DEBUG 层 5：检查 564 格，内部 139，边界 283
2026-09-11 11:45:43,073 DEBUG 层 6：检查 1132 格，内部 279，边界 567
2026-09-11 11:45:43,073 DEBUG 层 7：检查 2268 格，内部 557，边界 1135
2026-09-11 11:45:43,074 DEBUG 层 8：检查 4540 格，内部 1130，边界 2270
2026-09-11 11:45:43,075 DEBUG 层 9：检查 9080 格，内部 2251，边界 4541
2026-09-11 11:45:43,180 DEBUG 求解结束：sampled；可行点 15728，叶格 9021，边界格边长 0.035156 m
2026-09-11 11:45:43,183 INFO number_014_2 | 面积 1231.3430 [1228.5415, 1234.1444] m² | 定位误差 12.5896 m | sampled
2026-09-11 11:45:43,190 DEBUG 层 0：检查 40000 格，内部 0，边界 9
2026-09-11 11:45:43,190 DEBUG 层 1：检查 36 格，内部 5，边界 16
2026-09-11 11:45:43,190 DEBUG 层 2：检查 64 格，内部 14，边界 33
2026-09-11 11:45:43,190 DEBUG 层 3：检查 132 格，内部 29，边界 66
2026-09-11 11:45:43,191 DEBUG 层 4：检查 264 格，内部 72，边界 135
2026-09-11 11:45:43,191 DEBUG 层 5：检查 540 格，内部 128，边界 269
2026-09-11 11:45:43,191 DEBUG 层 6：检查 1076 格，内部 262，边界 537
2026-09-11 11:45:43,191 DEBUG 层 7：检查 2148 格，内部 522，边界 1074
2026-09-11 11:45:43,192 DEBUG 层 8：检查 4296 格，内部 1062，边界 2149
2026-09-11 11:45:43,193 DEBUG 层 9：检查 8596 格，内部 2139，边界 4297
2026-09-11 11:45:43,305 DEBUG 求解结束：sampled；可行点 14869，叶格 8530，边界格边长 0.035156 m
2026-09-11 11:45:43,307 INFO number_014_3 | 面积 1011.1576 [1008.5100, 1013.8052] m² | 定位误差 10.2826 m | sampled
2026-09-11 11:45:43,311 DEBUG 层 0：检查 40000 格，内部 0，边界 9
2026-09-11 11:45:43,311 DEBUG 层 1：检查 36 格，内部 4，边界 15
2026-09-11 11:45:43,311 DEBUG 层 2：检查 60 格，内部 14，边界 32
2026-09-11 11:45:43,311 DEBUG 层 3：检查 128 格，内部 29，边界 65
2026-09-11 11:45:43,312 DEBUG 层 4：检查 260 格，内部 67，边界 133
2026-09-11 11:45:43,312 DEBUG 层 5：检查 532 格，内部 124，边界 263
2026-09-11 11:45:43,312 DEBUG 层 6：检查 1052 格，内部 261，边界 525
2026-09-11 11:45:43,312 DEBUG 层 7：检查 2100 格，内部 512，边界 1049
2026-09-11 11:45:43,313 DEBUG 层 8：检查 4196 格，内部 1039，边界 2099
2026-09-11 11:45:43,313 DEBUG 层 9：检查 8396 格，内部 2085，边界 4199
2026-09-11 11:45:43,412 DEBUG 求解结束：sampled；可行点 14522，叶格 8334，边界格边长 0.035156 m
2026-09-11 11:45:43,413 INFO number_014_4 | 面积 921.9794 [919.3925, 924.5663] m² | 定位误差 11.5111 m | sampled
2026-09-11 11:45:43,417 DEBUG 层 0：检查 40000 格，内部 0，边界 7
2026-09-11 11:45:43,418 DEBUG 层 1：检查 28 格，内部 2，边界 12
2026-09-11 11:45:43,418 DEBUG 层 2：检查 48 格，内部 9，边界 27
2026-09-11 11:45:43,418 DEBUG 层 3：检查 108 格，内部 20，边界 56
2026-09-11 11:45:43,418 DEBUG 层 4：检查 224 格，内部 54，边界 114
2026-09-11 11:45:43,418 DEBUG 层 5：检查 456 格，内部 103，边界 225
2026-09-11 11:45:43,419 DEBUG 层 6：检查 900 格，内部 218，边界 449
2026-09-11 11:45:43,419 DEBUG 层 7：检查 1796 格，内部 439，边界 896
2026-09-11 11:45:43,419 DEBUG 层 8：检查 3584 格，内部 891，边界 1792
2026-09-11 11:45:43,420 DEBUG 层 9：检查 7168 格，内部 1787，边界 3586
2026-09-11 11:45:43,523 DEBUG 求解结束：sampled；可行点 12381，叶格 7109，边界格边长 0.035156 m
2026-09-11 11:45:43,527 INFO number_014_5 | 面积 583.3768 [581.1672, 585.5864] m² | 定位误差 8.8425 m | sampled
2026-09-11 11:45:43,532 DEBUG 层 0：检查 40000 格，内部 0，边界 4
2026-09-11 11:45:43,532 DEBUG 层 1：检查 16 格，内部 0，边界 8
2026-09-11 11:45:43,532 DEBUG 层 2：检查 32 格，内部 9，边界 20
2026-09-11 11:45:43,533 DEBUG 层 3：检查 80 格，内部 8，边界 40
2026-09-11 11:45:43,533 DEBUG 层 4：检查 160 格，内部 39，边界 81
2026-09-11 11:45:43,533 DEBUG 层 5：检查 324 格，内部 67，边界 161
2026-09-11 11:45:43,533 DEBUG 层 6：检查 644 格，内部 160，边界 321
2026-09-11 11:45:43,534 DEBUG 层 7：检查 1284 格，内部 318，边界 641
2026-09-11 11:45:43,534 DEBUG 层 8：检查 2564 格，内部 632，边界 1283
2026-09-11 11:45:43,535 DEBUG 层 9：检查 5132 格，内部 1274，边界 2567
2026-09-11 11:45:43,608 DEBUG 求解结束：sampled；可行点 8825，叶格 5074，边界格边长 0.035156 m
2026-09-11 11:45:43,611 INFO number_014_6 | 面积 320.1018 [318.5210, 321.6826] m² | 定位误差 8.3633 m | sampled
2026-09-11 11:45:43,615 DEBUG 层 0：检查 40000 格，内部 1，边界 12
2026-09-11 11:45:43,615 DEBUG 层 1：检查 48 格，内部 0，边界 22
2026-09-11 11:45:43,615 DEBUG 层 2：检查 88 格，内部 23，边界 43
2026-09-11 11:45:43,615 DEBUG 层 3：检查 172 格，内部 36，边界 87
2026-09-11 11:45:43,615 DEBUG 层 4：检查 348 格，内部 84，边界 173
2026-09-11 11:45:43,616 DEBUG 层 5：检查 692 格，内部 166，边界 345
2026-09-11 11:45:43,616 DEBUG 层 6：检查 1380 格，内部 352，边界 689
2026-09-11 11:45:43,616 DEBUG 层 7：检查 2756 格，内部 670，边界 1380
2026-09-11 11:45:43,617 DEBUG 层 8：检查 5520 格，内部 1398，边界 2759
2026-09-11 11:45:43,618 DEBUG 层 9：检查 11036 格，内部 2762，边界 5519
2026-09-11 11:45:43,783 DEBUG 求解结束：sampled；可行点 19209，叶格 11011，边界格边长 0.035156 m
2026-09-11 11:45:43,785 INFO number_015_2 | 面积 1189.0477 [1185.6400, 1192.4554] m² | 定位误差 19.6479 m | sampled
2026-09-11 11:45:43,789 DEBUG 层 0：检查 40000 格，内部 1，边界 10
2026-09-11 11:45:43,790 DEBUG 层 1：检查 40 格，内部 0，边界 19
2026-09-11 11:45:43,790 DEBUG 层 2：检查 76 格，内部 20，边界 38
2026-09-11 11:45:43,790 DEBUG 层 3：检查 152 格，内部 31，边界 77
2026-09-11 11:45:43,790 DEBUG 层 4：检查 308 格，内部 74，边界 153
2026-09-11 11:45:43,790 DEBUG 层 5：检查 612 格，内部 152，边界 306
2026-09-11 11:45:43,791 DEBUG 层 6：检查 1224 格，内部 303，边界 612
2026-09-11 11:45:43,791 DEBUG 层 7：检查 2448 格，内部 599，边界 1226
2026-09-11 11:45:43,791 DEBUG 层 8：检查 4904 格，内部 1229，边界 2453
2026-09-11 11:45:43,792 DEBUG 层 9：检查 9812 格，内部 2471，边界 4904
2026-09-11 11:45:43,940 DEBUG 求解结束：sampled；可行点 17076，叶格 9784，边界格边长 0.035156 m
2026-09-11 11:45:43,942 INFO number_015_3 | 面积 1078.6556 [1075.6332, 1081.6780] m² | 定位误差 19.7278 m | sampled
2026-09-11 11:45:43,946 DEBUG 层 0：检查 40000 格，内部 0，边界 8
2026-09-11 11:45:43,947 DEBUG 层 1：检查 32 格，内部 2，边界 15
2026-09-11 11:45:43,947 DEBUG 层 2：检查 60 格，内部 17，边界 32
2026-09-11 11:45:43,947 DEBUG 层 3：检查 128 格，内部 21，边界 65
2026-09-11 11:45:43,947 DEBUG 层 4：检查 260 格，内部 62，边界 127
2026-09-11 11:45:43,947 DEBUG 层 5：检查 508 格，内部 121，边界 256
2026-09-11 11:45:43,947 DEBUG 层 6：检查 1024 格，内部 255，边界 512
2026-09-11 11:45:43,948 DEBUG 层 7：检查 2048 格，内部 503，边界 1026
2026-09-11 11:45:43,948 DEBUG 层 8：检查 4104 格，内部 1036，边界 2053
2026-09-11 11:45:43,949 DEBUG 层 9：检查 8212 格，内部 2071，边界 4106
2026-09-11 11:45:44,077 DEBUG 求解结束：sampled；可行点 14293，叶格 8194，边界格边长 0.035156 m
2026-09-11 11:45:44,079 INFO number_015_4 | 面积 772.1535 [769.6221, 774.6849] m² | 定位误差 20.1975 m | sampled
2026-09-11 11:45:44,084 DEBUG 层 0：检查 40000 格，内部 0，边界 5
2026-09-11 11:45:44,084 DEBUG 层 1：检查 20 格，内部 0，边界 9
2026-09-11 11:45:44,084 DEBUG 层 2：检查 36 格，内部 9，边界 21
2026-09-11 11:45:44,084 DEBUG 层 3：检查 84 格，内部 15，边界 40
2026-09-11 11:45:44,085 DEBUG 层 4：检查 160 格，内部 35，边界 82
2026-09-11 11:45:44,085 DEBUG 层 5：检查 328 格，内部 81，边界 163
2026-09-11 11:45:44,085 DEBUG 层 6：检查 652 格，内部 159，边界 325
2026-09-11 11:45:44,085 DEBUG 层 7：检查 1300 格，内部 311，边界 654
2026-09-11 11:45:44,086 DEBUG 层 8：检查 2616 格，内部 661，边界 1306
2026-09-11 11:45:44,086 DEBUG 层 9：检查 5224 格，内部 1325，边界 2613
2026-09-11 11:45:44,160 DEBUG 求解结束：sampled；可行点 9076，叶格 5209，边界格边长 0.035156 m
2026-09-11 11:45:44,163 INFO number_015_5 | 面积 354.9425 [353.3377, 356.5472] m² | 定位误差 10.1917 m | sampled
2026-09-11 11:45:44,167 DEBUG 层 0：检查 40000 格，内部 0，边界 4
2026-09-11 11:45:44,167 DEBUG 层 1：检查 16 格，内部 0，边界 8
2026-09-11 11:45:44,168 DEBUG 层 2：检查 32 格，内部 4，边界 18
2026-09-11 11:45:44,168 DEBUG 层 3：检查 72 格，内部 8，边界 34
2026-09-11 11:45:44,168 DEBUG 层 4：检查 136 格，内部 30，边界 70
2026-09-11 11:45:44,168 DEBUG 层 5：检查 280 格，内部 62，边界 141
2026-09-11 11:45:44,168 DEBUG 层 6：检查 564 格，内部 137，边界 282
2026-09-11 11:45:44,169 DEBUG 层 7：检查 1128 格，内部 268，边界 562
2026-09-11 11:45:44,169 DEBUG 层 8：检查 2248 格，内部 558，边界 1126
2026-09-11 11:45:44,170 DEBUG 层 9：检查 4504 格，内部 1144，边界 2250
2026-09-11 11:45:44,238 DEBUG 求解结束：sampled；可行点 7754，叶格 4461，边界格边长 0.035156 m
2026-09-11 11:45:44,240 INFO number_015_6 | 面积 202.1536 [200.7678, 203.5394] m² | 定位误差 5.9703 m | sampled
2026-09-11 11:45:44,246 DEBUG 层 0：检查 40000 格，内部 1，边界 8
2026-09-11 11:45:44,246 DEBUG 层 1：检查 32 格，内部 5，边界 16
2026-09-11 11:45:44,247 DEBUG 层 2：检查 64 格，内部 12，边界 32
2026-09-11 11:45:44,247 DEBUG 层 3：检查 128 格，内部 32，边界 64
2026-09-11 11:45:44,247 DEBUG 层 4：检查 256 格，内部 22，边界 128
2026-09-11 11:45:44,247 DEBUG 层 5：检查 512 格，内部 137，边界 256
2026-09-11 11:45:44,247 DEBUG 层 6：检查 1024 格，内部 276，边界 512
2026-09-11 11:45:44,248 DEBUG 层 7：检查 2048 格，内部 664，边界 1024
2026-09-11 11:45:44,248 DEBUG 层 8：检查 4096 格，内部 769，边界 2046
2026-09-11 11:45:44,249 DEBUG 层 9：检查 8184 格，内部 2533，边界 4094
2026-09-11 11:45:44,378 DEBUG 求解结束：sampled；可行点 15497，叶格 8545，边界格边长 0.035156 m
2026-09-11 11:45:44,380 INFO number_016_2 | 面积 1251.7915 [1249.5791, 1254.0039] m² | 定位误差 17.8360 m | sampled
2026-09-11 11:45:44,384 DEBUG 层 0：检查 40000 格，内部 0，边界 8
2026-09-11 11:45:44,384 DEBUG 层 1：检查 32 格，内部 8，边界 16
2026-09-11 11:45:44,384 DEBUG 层 2：检查 64 格，内部 11，边界 32
2026-09-11 11:45:44,384 DEBUG 层 3：检查 128 格，内部 29，边界 64
2026-09-11 11:45:44,384 DEBUG 层 4：检查 256 格，内部 29，边界 128
2026-09-11 11:45:44,385 DEBUG 层 5：检查 512 格，内部 145，边界 256
2026-09-11 11:45:44,385 DEBUG 层 6：检查 1024 格，内部 283，边界 512
2026-09-11 11:45:44,385 DEBUG 层 7：检查 2048 格，内部 611，边界 1024
2026-09-11 11:45:44,386 DEBUG 层 8：检查 4096 格，内部 849，边界 2044
2026-09-11 11:45:44,386 DEBUG 层 9：检查 8176 格，内部 2335，边界 4090
2026-09-11 11:45:44,513 DEBUG 求解结束：sampled；可行点 15031，叶格 8390，边界格边长 0.035156 m
2026-09-11 11:45:44,515 INFO number_016_3 | 面积 1146.5078 [1144.1908, 1148.8247] m² | 定位误差 17.8517 m | sampled
2026-09-11 11:45:44,519 DEBUG 层 0：检查 40000 格，内部 0，边界 8
2026-09-11 11:45:44,519 DEBUG 层 1：检查 32 格，内部 8，边界 16
2026-09-11 11:45:44,519 DEBUG 层 2：检查 64 格，内部 10，边界 32
2026-09-11 11:45:44,520 DEBUG 层 3：检查 128 格，内部 23，边界 64
2026-09-11 11:45:44,520 DEBUG 层 4：检查 256 格，内部 40，边界 128
2026-09-11 11:45:44,520 DEBUG 层 5：检查 512 格，内部 151，边界 256
2026-09-11 11:45:44,520 DEBUG 层 6：检查 1024 格，内部 296，边界 512
2026-09-11 11:45:44,521 DEBUG 层 7：检查 2048 格，内部 602，边界 1024
2026-09-11 11:45:44,521 DEBUG 层 8：检查 4096 格，内部 850，边界 2044
2026-09-11 11:45:44,522 DEBUG 层 9：检查 8176 格，内部 2328，边界 4090
2026-09-11 11:45:44,648 DEBUG 求解结束：sampled；可行点 15038，叶格 8398，边界格边长 0.035156 m
2026-09-11 11:45:44,650 INFO number_016_4 | 面积 1112.5604 [1110.2399, 1114.8809] m² | 定位误差 17.8555 m | sampled
2026-09-11 11:45:44,657 DEBUG 层 0：检查 40000 格，内部 0，边界 7
2026-09-11 11:45:44,657 DEBUG 层 1：检查 28 格，内部 5，边界 16
2026-09-11 11:45:44,657 DEBUG 层 2：检查 64 格，内部 12，边界 32
2026-09-11 11:45:44,658 DEBUG 层 3：检查 128 格，内部 18，边界 64
2026-09-11 11:45:44,658 DEBUG 层 4：检查 256 格，内部 67，边界 126
2026-09-11 11:45:44,658 DEBUG 层 5：检查 504 格，内部 132，边界 250
2026-09-11 11:45:44,658 DEBUG 层 6：检查 1000 格，内部 283，边界 502
2026-09-11 11:45:44,659 DEBUG 层 7：检查 2008 格，内部 567，边界 1006
2026-09-11 11:45:44,659 DEBUG 层 8：检查 4024 格，内部 860，边界 2010
2026-09-11 11:45:44,660 DEBUG 层 9：检查 8040 格，内部 2259，边界 4022
2026-09-11 11:45:44,788 DEBUG 求解结束：sampled；可行点 14699，叶格 8225，边界格边长 0.035156 m
2026-09-11 11:45:44,790 INFO number_016_5 | 面积 911.0671 [908.7793, 913.3548] m² | 定位误差 14.4283 m | sampled
2026-09-11 11:45:44,794 DEBUG 层 0：检查 40000 格，内部 0，边界 5
2026-09-11 11:45:44,795 DEBUG 层 1：检查 20 格，内部 0，边界 12
2026-09-11 11:45:44,795 DEBUG 层 2：检查 48 格，内部 12，边界 22
2026-09-11 11:45:44,795 DEBUG 层 3：检查 88 格，内部 13，边界 44
2026-09-11 11:45:44,795 DEBUG 层 4：检查 176 格，内部 35，边界 88
2026-09-11 11:45:44,796 DEBUG 层 5：检查 352 格，内部 92，边界 177
2026-09-11 11:45:44,796 DEBUG 层 6：检查 708 格，内部 193，边界 352
2026-09-11 11:45:44,796 DEBUG 层 7：检查 1408 格，内部 405，边界 707
2026-09-11 11:45:44,797 DEBUG 层 8：检查 2828 格，内部 613，边界 1413
2026-09-11 11:45:44,797 DEBUG 层 9：检查 5652 格，内部 1599，边界 2827
2026-09-11 11:45:44,880 DEBUG 求解结束：sampled；可行点 10352，叶格 5789，边界格边长 0.035156 m
2026-09-11 11:45:44,881 INFO number_016_6 | 面积 413.8411 [412.2347, 415.4476] m² | 定位误差 10.0648 m | sampled
2026-09-11 11:45:44,885 DEBUG 层 0：检查 40000 格，内部 1，边界 9
2026-09-11 11:45:44,886 DEBUG 层 1：检查 36 格，内部 5，边界 16
2026-09-11 11:45:44,886 DEBUG 层 2：检查 64 格，内部 10，边界 36
2026-09-11 11:45:44,886 DEBUG 层 3：检查 144 格，内部 29，边界 73
2026-09-11 11:45:44,886 DEBUG 层 4：检查 292 格，内部 57，边界 143
2026-09-11 11:45:44,886 DEBUG 层 5：检查 572 格，内部 141，边界 290
2026-09-11 11:45:44,887 DEBUG 层 6：检查 1160 格，内部 276，边界 579
2026-09-11 11:45:44,887 DEBUG 层 7：检查 2316 格，内部 576，边界 1155
2026-09-11 11:45:44,887 DEBUG 层 8：检查 4620 格，内部 1142，边界 2311
2026-09-11 11:45:44,888 DEBUG 层 9：检查 9244 格，内部 2290，边界 4624
2026-09-11 11:45:45,008 DEBUG 求解结束：sampled；可行点 15961，叶格 9151，边界格边长 0.035156 m
2026-09-11 11:45:45,010 INFO number_017_2 | 面积 1242.4547 [1239.6043, 1245.3052] m² | 定位误差 13.1490 m | sampled
2026-09-11 11:45:45,015 DEBUG 层 0：检查 40000 格，内部 0，边界 8
2026-09-11 11:45:45,015 DEBUG 层 1：检查 32 格，内部 5，边界 16
2026-09-11 11:45:45,015 DEBUG 层 2：检查 64 格，内部 8，边界 35
2026-09-11 11:45:45,015 DEBUG 层 3：检查 140 格，内部 31，边界 70
2026-09-11 11:45:45,015 DEBUG 层 4：检查 280 格，内部 57，边界 136
2026-09-11 11:45:45,016 DEBUG 层 5：检查 544 格，内部 134，边界 274
2026-09-11 11:45:45,016 DEBUG 层 6：检查 1096 格，内部 270，边界 550
2026-09-11 11:45:45,016 DEBUG 层 7：检查 2200 格，内部 530，边界 1097
2026-09-11 11:45:45,017 DEBUG 层 8：检查 4388 格，内部 1062，边界 2197
2026-09-11 11:45:45,018 DEBUG 层 9：检查 8788 格，内部 2199，边界 4397
2026-09-11 11:45:45,140 DEBUG 求解结束：sampled；可行点 15156，叶格 8693，边界格边长 0.035156 m
2026-09-11 11:45:45,141 INFO number_017_3 | 面积 883.6720 [880.9751, 886.3689] m² | 定位误差 10.5875 m | sampled
2026-09-11 11:45:45,146 DEBUG 层 0：检查 40000 格，内部 0，边界 7
2026-09-11 11:45:45,147 DEBUG 层 1：检查 28 格，内部 3，边界 15
2026-09-11 11:45:45,147 DEBUG 层 2：检查 60 格，内部 9，边界 34
2026-09-11 11:45:45,147 DEBUG 层 3：检查 136 格，内部 31，边界 69
2026-09-11 11:45:45,147 DEBUG 层 4：检查 276 格，内部 59，边界 133
2026-09-11 11:45:45,147 DEBUG 层 5：检查 532 格，内部 127，边界 267
2026-09-11 11:45:45,148 DEBUG 层 6：检查 1068 格，内部 257，边界 535
2026-09-11 11:45:45,148 DEBUG 层 7：检查 2140 格，内部 529，边界 1069
2026-09-11 11:45:45,149 DEBUG 层 8：检查 4276 格，内部 1059，边界 2141
2026-09-11 11:45:45,150 DEBUG 层 9：检查 8564 格，内部 2146，边界 4283
2026-09-11 11:45:45,278 DEBUG 求解结束：sampled；可行点 14830，叶格 8503，边界格边长 0.035156 m
2026-09-11 11:45:45,280 INFO number_017_4 | 面积 740.9898 [738.3488, 743.6307] m² | 定位误差 11.8777 m | sampled
2026-09-11 11:45:45,284 DEBUG 层 0：检查 40000 格，内部 0，边界 6
2026-09-11 11:45:45,285 DEBUG 层 1：检查 24 格，内部 3，边界 14
2026-09-11 11:45:45,285 DEBUG 层 2：检查 56 格，内部 6，边界 31
2026-09-11 11:45:45,285 DEBUG 层 3：检查 124 格，内部 28，边界 59
2026-09-11 11:45:45,285 DEBUG 层 4：检查 236 格，内部 50，边界 116
2026-09-11 11:45:45,286 DEBUG 层 5：检查 464 格，内部 108，边界 232
2026-09-11 11:45:45,286 DEBUG 层 6：检查 928 格，内部 227，边界 467
2026-09-11 11:45:45,286 DEBUG 层 7：检查 1868 格，内部 461，边界 930
2026-09-11 11:45:45,287 DEBUG 层 8：检查 3720 格，内部 931，边界 1863
2026-09-11 11:45:45,288 DEBUG 层 9：检查 7452 格，内部 1861，边界 3727
2026-09-11 11:45:45,390 DEBUG 求解结束：sampled；可行点 12912，叶格 7402，边界格边长 0.035156 m
2026-09-11 11:45:45,393 INFO number_017_5 | 面积 642.2534 [639.9582, 644.5486] m² | 定位误差 14.1337 m | sampled
2026-09-11 11:45:45,397 DEBUG 层 0：检查 40000 格，内部 0，边界 6
2026-09-11 11:45:45,397 DEBUG 层 1：检查 24 格，内部 3，边界 14
2026-09-11 11:45:45,398 DEBUG 层 2：检查 56 格，内部 6，边界 31
2026-09-11 11:45:45,398 DEBUG 层 3：检查 124 格，内部 28，边界 59
2026-09-11 11:45:45,398 DEBUG 层 4：检查 236 格，内部 50，边界 116
2026-09-11 11:45:45,398 DEBUG 层 5：检查 464 格，内部 108，边界 232
2026-09-11 11:45:45,399 DEBUG 层 6：检查 928 格，内部 227，边界 467
2026-09-11 11:45:45,399 DEBUG 层 7：检查 1868 格，内部 461，边界 930
2026-09-11 11:45:45,400 DEBUG 层 8：检查 3720 格，内部 931，边界 1863
2026-09-11 11:45:45,401 DEBUG 层 9：检查 7452 格，内部 1861，边界 3727
2026-09-11 11:45:45,512 DEBUG 求解结束：sampled；可行点 12912，叶格 7402，边界格边长 0.035156 m
2026-09-11 11:45:45,517 INFO number_017_6 | 面积 642.2534 [639.9582, 644.5486] m² | 定位误差 14.1337 m | sampled
2026-09-11 11:45:45,521 DEBUG 层 0：检查 40000 格，内部 0，边界 11
2026-09-11 11:45:45,521 DEBUG 层 1：检查 44 格，内部 6，边界 21
2026-09-11 11:45:45,521 DEBUG 层 2：检查 84 格，内部 17，边界 43
2026-09-11 11:45:45,521 DEBUG 层 3：检查 172 格，内部 33，边界 83
2026-09-11 11:45:45,521 DEBUG 层 4：检查 332 格，内部 72，边界 169
2026-09-11 11:45:45,521 DEBUG 层 5：检查 676 格，内部 162，边界 337
2026-09-11 11:45:45,522 DEBUG 层 6：检查 1348 格，内部 326，边界 672
2026-09-11 11:45:45,522 DEBUG 层 7：检查 2688 格，内部 660，边界 1346
2026-09-11 11:45:45,523 DEBUG 层 8：检查 5384 格，内部 1338，边界 2694
2026-09-11 11:45:45,524 DEBUG 层 9：检查 10776 格，内部 2705，边界 5388
2026-09-11 11:45:45,674 DEBUG 求解结束：sampled；可行点 18660，叶格 10707，边界格边长 0.035156 m
2026-09-11 11:45:45,677 INFO number_018_2 | 面积 1195.1213 [1191.7951, 1198.4474] m² | 定位误差 15.8743 m | sampled
2026-09-11 11:45:45,680 DEBUG 层 0：检查 40000 格，内部 0，边界 9
2026-09-11 11:45:45,681 DEBUG 层 1：检查 36 格，内部 3，边界 19
2026-09-11 11:45:45,681 DEBUG 层 2：检查 76 格，内部 15，边界 38
2026-09-11 11:45:45,681 DEBUG 层 3：检查 152 格，内部 29，边界 74
2026-09-11 11:45:45,681 DEBUG 层 4：检查 296 格，内部 64，边界 150
2026-09-11 11:45:45,681 DEBUG 层 5：检查 600 格，内部 147，边界 300
2026-09-11 11:45:45,681 DEBUG 层 6：检查 1200 格，内部 291，边界 600
2026-09-11 11:45:45,682 DEBUG 层 7：检查 2400 格，内部 585，边界 1200
2026-09-11 11:45:45,682 DEBUG 层 8：检查 4800 格，内部 1187，边界 2403
2026-09-11 11:45:45,683 DEBUG 层 9：检查 9612 格，内部 2407，边界 4806
2026-09-11 11:45:45,816 DEBUG 求解结束：sampled；可行点 16606，叶格 9534，边界格边长 0.035156 m
2026-09-11 11:45:45,818 INFO number_018_3 | 面积 870.4089 [867.4450, 873.3727] m² | 定位误差 17.3374 m | sampled
2026-09-11 11:45:45,823 DEBUG 层 0：检查 40000 格，内部 0，边界 8
2026-09-11 11:45:45,823 DEBUG 层 1：检查 32 格，内部 2，边界 17
2026-09-11 11:45:45,823 DEBUG 层 2：检查 68 格，内部 15，边界 35
2026-09-11 11:45:45,823 DEBUG 层 3：检查 140 格，内部 29，边界 68
2026-09-11 11:45:45,823 DEBUG 层 4：检查 272 格，内部 62，边界 138
2026-09-11 11:45:45,824 DEBUG 层 5：检查 552 格，内部 132，边界 275
2026-09-11 11:45:45,824 DEBUG 层 6：检查 1100 格，内部 267，边界 550
2026-09-11 11:45:45,824 DEBUG 层 7：检查 2200 格，内部 535，边界 1101
2026-09-11 11:45:45,825 DEBUG 层 8：检查 4404 格，内部 1094，边界 2206
2026-09-11 11:45:45,826 DEBUG 层 9：检查 8824 格，内部 2220，边界 4413
2026-09-11 11:45:45,956 DEBUG 求解结束：sampled；可行点 15275，叶格 8769，边界格边长 0.035156 m
2026-09-11 11:45:45,957 INFO number_018_4 | 面积 778.0615 [775.3424, 780.7806] m² | 定位误差 17.1914 m | sampled
2026-09-11 11:45:45,962 DEBUG 层 0：检查 40000 格，内部 0，边界 4
2026-09-11 11:45:45,962 DEBUG 层 1：检查 16 格，内部 0，边界 9
2026-09-11 11:45:45,962 DEBUG 层 2：检查 36 格，内部 2，边界 19
2026-09-11 11:45:45,962 DEBUG 层 3：检查 76 格，内部 14，边界 36
2026-09-11 11:45:45,962 DEBUG 层 4：检查 144 格，内部 30，边界 71
2026-09-11 11:45:45,963 DEBUG 层 5：检查 284 格，内部 63，边界 144
2026-09-11 11:45:45,963 DEBUG 层 6：检查 576 格，内部 136，边界 285
2026-09-11 11:45:45,963 DEBUG 层 7：检查 1140 格，内部 273，边界 571
2026-09-11 11:45:45,964 DEBUG 层 8：检查 2284 格，内部 561，边界 1147
2026-09-11 11:45:45,964 DEBUG 层 9：检查 4588 格，内部 1150，边界 2295
2026-09-11 11:45:46,032 DEBUG 求解结束：sampled；可行点 7857，叶格 4524，边界格边长 0.035156 m
2026-09-11 11:45:46,034 INFO number_018_5 | 面积 192.4373 [191.0263, 193.8483] m² | 定位误差 3.6238 m | sampled
2026-09-11 11:45:46,039 DEBUG 层 0：检查 40000 格，内部 0，边界 4
2026-09-11 11:45:46,039 DEBUG 层 1：检查 16 格，内部 0，边界 6
2026-09-11 11:45:46,040 DEBUG 层 2：检查 24 格，内部 0，边界 16
2026-09-11 11:45:46,040 DEBUG 层 3：检查 64 格，内部 11，边界 32
2026-09-11 11:45:46,040 DEBUG 层 4：检查 128 格，内部 28，边界 64
2026-09-11 11:45:46,040 DEBUG 层 5：检查 256 格，内部 60，边界 128
2026-09-11 11:45:46,040 DEBUG 层 6：检查 512 格，内部 115，边界 255
2026-09-11 11:45:46,041 DEBUG 层 7：检查 1020 格，内部 249，边界 510
2026-09-11 11:45:46,041 DEBUG 层 8：检查 2040 格，内部 496，边界 1022
2026-09-11 11:45:46,042 DEBUG 层 9：检查 4088 格，内部 1023，边界 2045
2026-09-11 11:45:46,105 DEBUG 求解结束：sampled；可行点 6991，叶格 4027，边界格边长 0.035156 m
2026-09-11 11:45:46,107 INFO number_018_6 | 面积 130.3416 [129.0866, 131.5966] m² | 定位误差 4.2123 m | sampled
2026-09-11 11:45:46,110 DEBUG 层 0：检查 40000 格，内部 0，边界 11
2026-09-11 11:45:46,111 DEBUG 层 1：检查 44 格，内部 5，边界 22
2026-09-11 11:45:46,111 DEBUG 层 2：检查 88 格，内部 20，边界 44
2026-09-11 11:45:46,111 DEBUG 层 3：检查 176 格，内部 38，边界 86
2026-09-11 11:45:46,111 DEBUG 层 4：检查 344 格，内部 81，边界 175
2026-09-11 11:45:46,111 DEBUG 层 5：检查 700 格，内部 171，边界 350
2026-09-11 11:45:46,112 DEBUG 层 6：检查 1400 格，内部 336，边界 699
2026-09-11 11:45:46,112 DEBUG 层 7：检查 2796 格，内部 695，边界 1397
2026-09-11 11:45:46,112 DEBUG 层 8：检查 5588 格，内部 1390，边界 2796
2026-09-11 11:45:46,114 DEBUG 层 9：检查 11184 格，内部 2798，边界 5593
2026-09-11 11:45:46,276 DEBUG 求解结束：sampled；可行点 19399，叶格 11127，边界格边长 0.035156 m
2026-09-11 11:45:46,278 INFO number_019_2 | 面积 1216.5360 [1213.0775, 1219.9945] m² | 定位误差 10.2837 m | sampled
2026-09-11 11:45:46,282 DEBUG 层 0：检查 40000 格，内部 0，边界 5
2026-09-11 11:45:46,283 DEBUG 层 1：检查 20 格，内部 0，边界 12
2026-09-11 11:45:46,283 DEBUG 层 2：检查 48 格，内部 5，边界 24
2026-09-11 11:45:46,283 DEBUG 层 3：检查 96 格，内部 10，边界 49
2026-09-11 11:45:46,283 DEBUG 层 4：检查 196 格，内部 40，边界 99
2026-09-11 11:45:46,283 DEBUG 层 5：检查 396 格，内部 100，边界 198
2026-09-11 11:45:46,284 DEBUG 层 6：检查 792 格，内部 206，边界 400
2026-09-11 11:45:46,284 DEBUG 层 7：检查 1600 格，内部 352，边界 797
2026-09-11 11:45:46,284 DEBUG 层 8：检查 3188 格，内部 741，边界 1594
2026-09-11 11:45:46,285 DEBUG 层 9：检查 6376 格，内部 1653，边界 3188
2026-09-11 11:45:46,375 DEBUG 求解结束：sampled；可行点 10925，叶格 6295，边界格边长 0.035156 m
2026-09-11 11:45:46,377 INFO number_019_3 | 面积 267.0002 [265.0304, 268.9700] m² | 定位误差 3.6017 m | sampled
2026-09-11 11:45:46,381 DEBUG 层 0：检查 40000 格，内部 0，边界 3
2026-09-11 11:45:46,381 DEBUG 层 1：检查 12 格，内部 0，边界 8
2026-09-11 11:45:46,381 DEBUG 层 2：检查 32 格，内部 0，边界 14
2026-09-11 11:45:46,381 DEBUG 层 3：检查 56 格，内部 2，边界 29
2026-09-11 11:45:46,382 DEBUG 层 4：检查 116 格，内部 15，边界 60
2026-09-11 11:45:46,382 DEBUG 层 5：检查 240 格，内部 61，边界 121
2026-09-11 11:45:46,382 DEBUG 层 6：检查 484 格，内部 119，边界 247
2026-09-11 11:45:46,382 DEBUG 层 7：检查 988 格，内部 203，边界 488
2026-09-11 11:45:46,383 DEBUG 层 8：检查 1952 格，内部 446，边界 973
2026-09-11 11:45:46,383 DEBUG 层 9：检查 3892 格，内部 1028，边界 1947
2026-09-11 11:45:46,437 DEBUG 求解结束：sampled；可行点 6578，叶格 3821，边界格边长 0.035156 m
2026-09-11 11:45:46,438 INFO number_019_4 | 面积 67.6751 [66.4731, 68.8771] m² | 定位误差 7.5985 m | sampled
2026-09-11 11:45:46,442 DEBUG 层 0：检查 40000 格，内部 0，边界 3
2026-09-11 11:45:46,442 DEBUG 层 1：检查 12 格，内部 0，边界 7
2026-09-11 11:45:46,442 DEBUG 层 2：检查 28 格，内部 0，边界 11
2026-09-11 11:45:46,442 DEBUG 层 3：检查 44 格，内部 2，边界 24
2026-09-11 11:45:46,442 DEBUG 层 4：检查 96 格，内部 12，边界 49
2026-09-11 11:45:46,443 DEBUG 层 5：检查 196 格，内部 53，边界 99
2026-09-11 11:45:46,443 DEBUG 层 6：检查 396 格，内部 99，边界 200
2026-09-11 11:45:46,443 DEBUG 层 7：检查 800 格，内部 165，边界 395
2026-09-11 11:45:46,443 DEBUG 层 8：检查 1580 格，内部 343，边界 788
2026-09-11 11:45:46,444 DEBUG 层 9：检查 3152 格，内部 868，边界 1577
2026-09-11 11:45:46,491 DEBUG 求解结束：sampled；可行点 5377，叶格 3119，边界格边长 0.035156 m
2026-09-11 11:45:46,492 INFO number_019_5 | 面积 57.8759 [56.9009, 58.8509] m² | 定位误差 6.2506 m | sampled
2026-09-11 11:45:46,497 DEBUG 层 0：检查 40000 格，内部 0，边界 2
2026-09-11 11:45:46,497 DEBUG 层 1：检查 8 格，内部 0，边界 4
2026-09-11 11:45:46,498 DEBUG 层 2：检查 16 格，内部 0，边界 6
2026-09-11 11:45:46,498 DEBUG 层 3：检查 24 格，内部 0，边界 11
2026-09-11 11:45:46,498 DEBUG 层 4：检查 44 格，内部 3，边界 23
2026-09-11 11:45:46,498 DEBUG 层 5：检查 92 格，内部 9，边界 48
2026-09-11 11:45:46,498 DEBUG 层 6：检查 192 格，内部 36，边界 99
2026-09-11 11:45:46,499 DEBUG 层 7：检查 396 格，内部 77，边界 194
2026-09-11 11:45:46,499 DEBUG 层 8：检查 776 格，内部 164，边界 385
2026-09-11 11:45:46,500 DEBUG 层 9：检查 1540 格，内部 416，边界 773
2026-09-11 11:45:46,526 DEBUG 求解结束：sampled；可行点 2502，叶格 1478，边界格边长 0.035156 m
2026-09-11 11:45:46,526 INFO number_019_6 | 面积 13.2314 [12.7554, 13.7074] m² | 定位误差 1.2279 m | sampled
2026-09-11 11:45:46,531 DEBUG 层 0：检查 40000 格，内部 0，边界 12
2026-09-11 11:45:46,531 DEBUG 层 1：检查 48 格，内部 8，边界 20
2026-09-11 11:45:46,531 DEBUG 层 2：检查 80 格，内部 9，边界 42
2026-09-11 11:45:46,531 DEBUG 层 3：检查 168 格，内部 33，边界 83
2026-09-11 11:45:46,532 DEBUG 层 4：检查 332 格，内部 85，边界 166
2026-09-11 11:45:46,532 DEBUG 层 5：检查 664 格，内部 165，边界 334
2026-09-11 11:45:46,532 DEBUG 层 6：检查 1336 格，内部 326，边界 670
2026-09-11 11:45:46,532 DEBUG 层 7：检查 2680 格，内部 679，边界 1339
2026-09-11 11:45:46,533 DEBUG 层 8：检查 5356 格，内部 1318，边界 2679
2026-09-11 11:45:46,534 DEBUG 层 9：检查 10716 格，内部 2711，边界 5359
2026-09-11 11:45:46,686 DEBUG 求解结束：sampled；可行点 18655，叶格 10693，边界格边长 0.035156 m
2026-09-11 11:45:46,687 INFO number_020_2 | 面积 1212.7314 [1209.4264, 1216.0364] m² | 定位误差 7.7910 m | sampled
2026-09-11 11:45:46,691 DEBUG 层 0：检查 40000 格，内部 0，边界 8
2026-09-11 11:45:46,691 DEBUG 层 1：检查 32 格，内部 1，边界 15
2026-09-11 11:45:46,692 DEBUG 层 2：检查 60 格，内部 6，边界 30
2026-09-11 11:45:46,692 DEBUG 层 3：检查 120 格，内部 19，边界 62
2026-09-11 11:45:46,692 DEBUG 层 4：检查 248 格，内部 63，边界 122
2026-09-11 11:45:46,692 DEBUG 层 5：检查 488 格，内部 119，边界 244
2026-09-11 11:45:46,692 DEBUG 层 6：检查 976 格，内部 236，边界 486
2026-09-11 11:45:46,692 DEBUG 层 7：检查 1944 格，内部 463，边界 972
2026-09-11 11:45:46,693 DEBUG 层 8：检查 3888 格，内部 939，边界 1945
2026-09-11 11:45:46,694 DEBUG 层 9：检查 7780 格，内部 2011，边界 3891
2026-09-11 11:45:46,813 DEBUG 求解结束：sampled；可行点 13559，叶格 7748，边界格边长 0.035156 m
2026-09-11 11:45:46,814 INFO number_020_3 | 面积 455.7673 [453.4055, 458.1291] m² | 定位误差 9.7631 m | sampled
2026-09-11 11:45:46,818 DEBUG 层 0：检查 40000 格，内部 0，边界 6
2026-09-11 11:45:46,819 DEBUG 层 1：检查 24 格，内部 0，边界 11
2026-09-11 11:45:46,819 DEBUG 层 2：检查 44 格，内部 1，边界 21
2026-09-11 11:45:46,819 DEBUG 层 3：检查 84 格，内部 9，边界 49
2026-09-11 11:45:46,819 DEBUG 层 4：检查 196 格，内部 36，边界 97
2026-09-11 11:45:46,819 DEBUG 层 5：检查 388 格，内部 81，边界 193
2026-09-11 11:45:46,820 DEBUG 层 6：检查 772 格，内部 180，边界 386
2026-09-11 11:45:46,820 DEBUG 层 7：检查 1544 格，内部 355，边界 773
2026-09-11 11:45:46,820 DEBUG 层 8：检查 3092 格，内部 740，边界 1548
2026-09-11 11:45:46,821 DEBUG 层 9：检查 6192 格，内部 1592，边界 3096
2026-09-11 11:45:46,907 DEBUG 求解结束：sampled；可行点 10588，叶格 6090，边界格边长 0.035156 m
2026-09-11 11:45:46,908 INFO number_020_4 | 面积 167.6592 [165.7814, 169.5369] m² | 定位误差 14.8301 m | sampled
2026-09-11 11:45:46,912 DEBUG 层 0：检查 40000 格，内部 0，边界 5
2026-09-11 11:45:46,912 DEBUG 层 1：检查 20 格，内部 0，边界 10
2026-09-11 11:45:46,913 DEBUG 层 2：检查 40 格，内部 1，边界 20
2026-09-11 11:45:46,913 DEBUG 层 3：检查 80 格，内部 9，边界 45
2026-09-11 11:45:46,913 DEBUG 层 4：检查 180 格，内部 35，边界 91
2026-09-11 11:45:46,913 DEBUG 层 5：检查 364 格，内部 83，边界 182
2026-09-11 11:45:46,913 DEBUG 层 6：检查 728 格，内部 178，边界 361
2026-09-11 11:45:46,914 DEBUG 层 7：检查 1444 格，内部 337，边界 725
2026-09-11 11:45:46,914 DEBUG 层 8：检查 2900 格，内部 697，边界 1451
2026-09-11 11:45:46,915 DEBUG 层 9：检查 5804 格，内部 1497，边界 2899
2026-09-11 11:45:47,003 DEBUG 求解结束：sampled；可行点 10015，叶格 5736，边界格边长 0.035156 m
2026-09-11 11:45:47,005 INFO number_020_5 | 面积 165.9321 [164.1818, 167.6823] m² | 定位误差 14.8662 m | sampled
2026-09-11 11:45:47,010 DEBUG 层 0：检查 40000 格，内部 0，边界 5
2026-09-11 11:45:47,010 DEBUG 层 1：检查 20 格，内部 0，边界 9
2026-09-11 11:45:47,010 DEBUG 层 2：检查 36 格，内部 1，边界 18
2026-09-11 11:45:47,011 DEBUG 层 3：检查 72 格，内部 7，边界 40
2026-09-11 11:45:47,011 DEBUG 层 4：检查 160 格，内部 29，边界 82
2026-09-11 11:45:47,011 DEBUG 层 5：检查 328 格，内部 75，边界 165
2026-09-11 11:45:47,011 DEBUG 层 6：检查 660 格，内部 163，边界 327
2026-09-11 11:45:47,012 DEBUG 层 7：检查 1308 格，内部 317，边界 655
2026-09-11 11:45:47,012 DEBUG 层 8：检查 2620 格，内部 627，边界 1311
2026-09-11 11:45:47,013 DEBUG 层 9：检查 5244 格，内部 1354，边界 2620
2026-09-11 11:45:47,093 DEBUG 求解结束：sampled；可行点 9060，叶格 5193，边界格边长 0.035156 m
2026-09-11 11:45:47,094 INFO number_020_6 | 面积 143.2393 [141.6579, 144.8207] m² | 定位误差 13.0687 m | sampled
2026-09-11 11:45:47,098 DEBUG 层 0：检查 40000 格，内部 0，边界 8
2026-09-11 11:45:47,098 DEBUG 层 1：检查 32 格，内部 7，边界 16
2026-09-11 11:45:47,098 DEBUG 层 2：检查 64 格，内部 16，边界 32
2026-09-11 11:45:47,098 DEBUG 层 3：检查 128 格，内部 40，边界 64
2026-09-11 11:45:47,099 DEBUG 层 4：检查 256 格，内部 49，边界 128
2026-09-11 11:45:47,099 DEBUG 层 5：检查 512 格，内部 94，边界 256
2026-09-11 11:45:47,099 DEBUG 层 6：检查 1024 格，内部 308，边界 510
2026-09-11 11:45:47,099 DEBUG 层 7：检查 2040 格，内部 494，边界 1024
2026-09-11 11:45:47,100 DEBUG 层 8：检查 4096 格，内部 980，边界 2050
2026-09-11 11:45:47,100 DEBUG 层 9：检查 8200 格，内部 1999，边界 4100
2026-09-11 11:45:47,223 DEBUG 求解结束：sampled；可行点 14100，叶格 8087，边界格边长 0.035156 m
2026-09-11 11:45:47,225 INFO number_021_2 | 面积 1231.6917 [1229.2092, 1234.1741] m² | 定位误差 13.4527 m | sampled
2026-09-11 11:45:47,231 DEBUG 层 0：检查 40000 格，内部 0，边界 8
2026-09-11 11:45:47,231 DEBUG 层 1：检查 32 格，内部 7，边界 16
2026-09-11 11:45:47,231 DEBUG 层 2：检查 64 格，内部 12，边界 32
2026-09-11 11:45:47,231 DEBUG 层 3：检查 128 格，内部 35，边界 64
2026-09-11 11:45:47,231 DEBUG 层 4：检查 256 格，内部 40，边界 128
2026-09-11 11:45:47,232 DEBUG 层 5：检查 512 格，内部 93，边界 254
2026-09-11 11:45:47,232 DEBUG 层 6：检查 1016 格，内部 283，边界 508
2026-09-11 11:45:47,232 DEBUG 层 7：检查 2032 格，内部 494，边界 1018
2026-09-11 11:45:47,233 DEBUG 层 8：检查 4072 格，内部 946，边界 2038
2026-09-11 11:45:47,234 DEBUG 层 9：检查 8152 格，内部 2056，边界 4076
2026-09-11 11:45:47,354 DEBUG 求解结束：sampled；可行点 14032，叶格 8042，边界格边长 0.035156 m
2026-09-11 11:45:47,355 INFO number_021_3 | 面积 1111.6076 [1109.1062, 1114.1090] m² | 定位误差 12.0869 m | sampled
2026-09-11 11:45:47,362 DEBUG 层 0：检查 40000 格，内部 0，边界 8
2026-09-11 11:45:47,363 DEBUG 层 1：检查 32 格，内部 4，边界 16
2026-09-11 11:45:47,363 DEBUG 层 2：检查 64 格，内部 13，边界 32
2026-09-11 11:45:47,364 DEBUG 层 3：检查 128 格，内部 41，边界 64
2026-09-11 11:45:47,364 DEBUG 层 4：检查 256 格，内部 43，边界 126
2026-09-11 11:45:47,364 DEBUG 层 5：检查 504 格，内部 100，边界 252
2026-09-11 11:45:47,365 DEBUG 层 6：检查 1008 格，内部 285，边界 504
2026-09-11 11:45:47,365 DEBUG 层 7：检查 2016 格，内部 491，边界 1010
2026-09-11 11:45:47,366 DEBUG 层 8：检查 4040 格，内部 944，边界 2022
2026-09-11 11:45:47,367 DEBUG 层 9：检查 8088 格，内部 2040，边界 4044
2026-09-11 11:45:47,482 DEBUG 求解结束：sampled；可行点 13975，叶格 8005，边界格边长 0.035156 m
2026-09-11 11:45:47,483 INFO number_021_4 | 面积 925.2806 [922.7970, 927.7643] m² | 定位误差 10.2289 m | sampled
2026-09-11 11:45:47,488 DEBUG 层 0：检查 40000 格，内部 0，边界 5
2026-09-11 11:45:47,488 DEBUG 层 1：检查 20 格，内部 0，边界 11
2026-09-11 11:45:47,488 DEBUG 层 2：检查 44 格，内部 12，边界 26
2026-09-11 11:45:47,488 DEBUG 层 3：检查 104 格，内部 26，边界 51
2026-09-11 11:45:47,489 DEBUG 层 4：检查 204 格，内部 33，边界 102
2026-09-11 11:45:47,489 DEBUG 层 5：检查 408 格，内部 90，边界 203
2026-09-11 11:45:47,489 DEBUG 层 6：检查 812 格，内部 184，边界 406
2026-09-11 11:45:47,489 DEBUG 层 7：检查 1624 格，内部 418，边界 811
2026-09-11 11:45:47,490 DEBUG 层 8：检查 3244 格，内部 822，边界 1623
2026-09-11 11:45:47,491 DEBUG 层 9：检查 6492 格，内部 1639，边界 3249
2026-09-11 11:45:47,584 DEBUG 求解结束：sampled；可行点 11277，叶格 6473，边界格边长 0.035156 m
2026-09-11 11:45:47,586 INFO number_021_5 | 面积 477.7347 [475.7344, 479.7349] m² | 定位误差 8.2364 m | sampled
2026-09-11 11:45:47,591 DEBUG 层 0：检查 40000 格，内部 0，边界 5
2026-09-11 11:45:47,591 DEBUG 层 1：检查 20 格，内部 0，边界 10
2026-09-11 11:45:47,592 DEBUG 层 2：检查 40 格，内部 9，边界 23
2026-09-11 11:45:47,592 DEBUG 层 3：检查 92 格，内部 22，边界 47
2026-09-11 11:45:47,592 DEBUG 层 4：检查 188 格，内部 33，边界 94
2026-09-11 11:45:47,592 DEBUG 层 5：检查 376 格，内部 84，边界 185
2026-09-11 11:45:47,593 DEBUG 层 6：检查 740 格，内部 186，边界 369
2026-09-11 11:45:47,593 DEBUG 层 7：检查 1476 格，内部 358，边界 738
2026-09-11 11:45:47,593 DEBUG 层 8：检查 2952 格，内部 744，边界 1477
2026-09-11 11:45:47,594 DEBUG 层 9：检查 5908 格，内部 1504，边界 2953
2026-09-11 11:45:47,680 DEBUG 求解结束：sampled；可行点 10274，叶格 5893，边界格边长 0.035156 m
2026-09-11 11:45:47,682 INFO number_021_6 | 面积 392.9018 [391.0837, 394.7199] m² | 定位误差 6.5427 m | sampled
2026-09-11 11:45:47,686 DEBUG 层 0：检查 40000 格，内部 1，边界 9
2026-09-11 11:45:47,686 DEBUG 层 1：检查 36 格，内部 4，边界 18
2026-09-11 11:45:47,686 DEBUG 层 2：检查 72 格，内部 10，边界 38
2026-09-11 11:45:47,687 DEBUG 层 3：检查 152 格，内部 31，边界 75
2026-09-11 11:45:47,687 DEBUG 层 4：检查 300 格，内部 65，边界 150
2026-09-11 11:45:47,687 DEBUG 层 5：检查 600 格，内部 152，边界 301
2026-09-11 11:45:47,687 DEBUG 层 6：检查 1204 格，内部 307，边界 601
2026-09-11 11:45:47,687 DEBUG 层 7：检查 2404 格，内部 604，边界 1201
2026-09-11 11:45:47,688 DEBUG 层 8：检查 4804 格，内部 1188，边界 2403
2026-09-11 11:45:47,689 DEBUG 层 9：检查 9612 格，内部 2386，边界 4802
2026-09-11 11:45:47,824 DEBUG 求解结束：sampled；可行点 16666，叶格 9550，边界格边长 0.035156 m
2026-09-11 11:45:47,826 INFO number_022_2 | 面积 1188.7426 [1185.7825, 1191.7027] m² | 定位误差 19.9958 m | sampled
2026-09-11 11:45:47,829 DEBUG 层 0：检查 40000 格，内部 0，边界 4
2026-09-11 11:45:47,829 DEBUG 层 1：检查 16 格，内部 0，边界 11
2026-09-11 11:45:47,830 DEBUG 层 2：检查 44 格，内部 5，边界 27
2026-09-11 11:45:47,830 DEBUG 层 3：检查 108 格，内部 27，边界 53
2026-09-11 11:45:47,830 DEBUG 层 4：检查 212 格，内部 32，边界 107
2026-09-11 11:45:47,830 DEBUG 层 5：检查 428 格，内部 80，边界 216
2026-09-11 11:45:47,830 DEBUG 层 6：检查 864 格，内部 193，边界 433
2026-09-11 11:45:47,831 DEBUG 层 7：检查 1732 格，内部 427，边界 866
2026-09-11 11:45:47,831 DEBUG 层 8：检查 3464 格，内部 858，边界 1732
2026-09-11 11:45:47,832 DEBUG 层 9：检查 6928 格，内部 1717，边界 3463
2026-09-11 11:45:47,927 DEBUG 求解结束：sampled；可行点 11810，叶格 6802，边界格边长 0.035156 m
2026-09-11 11:45:47,930 INFO number_022_3 | 面积 338.0510 [335.9141, 340.1880] m² | 定位误差 17.8934 m | sampled
2026-09-11 11:45:47,933 DEBUG 层 0：检查 40000 格，内部 0，边界 3
2026-09-11 11:45:47,934 DEBUG 层 1：检查 12 格，内部 0，边界 8
2026-09-11 11:45:47,934 DEBUG 层 2：检查 32 格，内部 0，边界 22
2026-09-11 11:45:47,934 DEBUG 层 3：检查 88 格，内部 14，边界 48
2026-09-11 11:45:47,934 DEBUG 层 4：检查 192 格，内部 29，边界 97
2026-09-11 11:45:47,934 DEBUG 层 5：检查 388 格，内部 70，边界 196
2026-09-11 11:45:47,935 DEBUG 层 6：检查 784 格，内部 167，边界 394
2026-09-11 11:45:47,935 DEBUG 层 7：检查 1576 格，内部 389，边界 789
2026-09-11 11:45:47,935 DEBUG 层 8：检查 3156 格，内部 786，边界 1577
2026-09-11 11:45:47,936 DEBUG 层 9：检查 6308 格，内部 1574，边界 3153
2026-09-11 11:45:48,029 DEBUG 求解结束：sampled；可行点 10710，叶格 6182，边界格边长 0.035156 m
2026-09-11 11:45:48,030 INFO number_022_4 | 面积 160.2996 [158.3551, 162.2441] m² | 定位误差 12.8581 m | sampled
2026-09-11 11:45:48,034 DEBUG 层 0：检查 40000 格，内部 0，边界 3
2026-09-11 11:45:48,034 DEBUG 层 1：检查 12 格，内部 0，边界 8
2026-09-11 11:45:48,035 DEBUG 层 2：检查 32 格，内部 0，边界 21
2026-09-11 11:45:48,035 DEBUG 层 3：检查 84 格，内部 14，边界 46
2026-09-11 11:45:48,035 DEBUG 层 4：检查 184 格，内部 29，边界 90
2026-09-11 11:45:48,035 DEBUG 层 5：检查 360 格，内部 63，边界 184
2026-09-11 11:45:48,035 DEBUG 层 6：检查 736 格，内部 156，边界 367
2026-09-11 11:45:48,035 DEBUG 层 7：检查 1468 格，内部 353，边界 734
2026-09-11 11:45:48,036 DEBUG 层 8：检查 2936 格，内部 714，边界 1468
2026-09-11 11:45:48,036 DEBUG 层 9：检查 5872 格，内部 1484，边界 2936
2026-09-11 11:45:48,120 DEBUG 求解结束：sampled；可行点 9972，叶格 5749，边界格边长 0.035156 m
2026-09-11 11:45:48,122 INFO number_022_5 | 面积 155.7700 [153.9622, 157.5777] m² | 定位误差 13.2994 m | sampled
2026-09-11 11:45:48,128 DEBUG 层 0：检查 40000 格，内部 0，边界 3
2026-09-11 11:45:48,129 DEBUG 层 1：检查 12 格，内部 0，边界 8
2026-09-11 11:45:48,129 DEBUG 层 2：检查 32 格，内部 0，边界 20
2026-09-11 11:45:48,129 DEBUG 层 3：检查 80 格，内部 14，边界 44
2026-09-11 11:45:48,129 DEBUG 层 4：检查 176 格，内部 29，边界 87
2026-09-11 11:45:48,129 DEBUG 层 5：检查 348 格，内部 62，边界 177
2026-09-11 11:45:48,129 DEBUG 层 6：检查 708 格，内部 146，边界 354
2026-09-11 11:45:48,130 DEBUG 层 7：检查 1416 格，内部 348，边界 706
2026-09-11 11:45:48,130 DEBUG 层 8：检查 2824 格，内部 688，边界 1414
2026-09-11 11:45:48,131 DEBUG 层 9：检查 5656 格，内部 1420，边界 2828
2026-09-11 11:45:48,214 DEBUG 求解结束：sampled；可行点 9600，叶格 5535，边界格边长 0.035156 m
2026-09-11 11:45:48,215 INFO number_022_6 | 面积 154.2433 [152.5013, 155.9852] m² | 定位误差 13.1133 m | sampled
2026-09-11 11:45:48,219 DEBUG 层 0：检查 40000 格，内部 0，边界 11
2026-09-11 11:45:48,219 DEBUG 层 1：检查 44 格，内部 6，边界 22
2026-09-11 11:45:48,219 DEBUG 层 2：检查 88 格，内部 17，边界 43
2026-09-11 11:45:48,220 DEBUG 层 3：检查 172 格，内部 37，边界 87
2026-09-11 11:45:48,220 DEBUG 层 4：检查 348 格，内部 80，边界 173
2026-09-11 11:45:48,220 DEBUG 层 5：检查 692 格，内部 166，边界 343
2026-09-11 11:45:48,220 DEBUG 层 6：检查 1372 格，内部 330，边界 687
2026-09-11 11:45:48,220 DEBUG 层 7：检查 2748 格，内部 685，边界 1373
2026-09-11 11:45:48,221 DEBUG 层 8：检查 5492 格，内部 1364，边界 2747
2026-09-11 11:45:48,222 DEBUG 层 9：检查 10988 格，内部 2731，边界 5494
2026-09-11 11:45:48,377 DEBUG 求解结束：sampled；可行点 19014，叶格 10910，边界格边长 0.035156 m
2026-09-11 11:45:48,378 INFO number_023_2 | 面积 1227.8693 [1224.4758, 1231.2628] m² | 定位误差 14.1557 m | sampled
2026-09-11 11:45:48,382 DEBUG 层 0：检查 40000 格，内部 0，边界 5
2026-09-11 11:45:48,382 DEBUG 层 1：检查 20 格，内部 0，边界 11
2026-09-11 11:45:48,383 DEBUG 层 2：检查 44 格，内部 3，边界 24
2026-09-11 11:45:48,383 DEBUG 层 3：检查 96 格，内部 22，边界 49
2026-09-11 11:45:48,383 DEBUG 层 4：检查 196 格，内部 43，边界 97
2026-09-11 11:45:48,383 DEBUG 层 5：检查 388 格，内部 87，边界 190
2026-09-11 11:45:48,383 DEBUG 层 6：检查 760 格，内部 175，边界 378
2026-09-11 11:45:48,383 DEBUG 层 7：检查 1512 格，内部 371，边界 758
2026-09-11 11:45:48,384 DEBUG 层 8：检查 3032 格，内部 748，边界 1514
2026-09-11 11:45:48,385 DEBUG 层 9：检查 6056 格，内部 1503，边界 3031
2026-09-11 11:45:48,469 DEBUG 求解结束：sampled；可行点 10387，叶格 5983，边界格边长 0.035156 m
2026-09-11 11:45:48,471 INFO number_023_3 | 面积 284.5350 [282.6654, 286.4045] m² | 定位误差 0.7574 m | sampled
2026-09-11 11:45:48,475 DEBUG 层 0：检查 40000 格，内部 0，边界 4
2026-09-11 11:45:48,475 DEBUG 层 1：检查 16 格，内部 0，边界 9
2026-09-11 11:45:48,476 DEBUG 层 2：检查 36 格，内部 1，边界 18
2026-09-11 11:45:48,476 DEBUG 层 3：检查 72 格，内部 13，边界 36
2026-09-11 11:45:48,476 DEBUG 层 4：检查 144 格，内部 31，边界 72
2026-09-11 11:45:48,476 DEBUG 层 5：检查 288 格，内部 58，边界 142
2026-09-11 11:45:48,476 DEBUG 层 6：检查 568 格，内部 127，边界 284
2026-09-11 11:45:48,477 DEBUG 层 7：检查 1136 格，内部 273，边界 571
2026-09-11 11:45:48,477 DEBUG 层 8：检查 2284 格，内部 567，边界 1143
2026-09-11 11:45:48,478 DEBUG 层 9：检查 4572 格，内部 1140，边界 2284
2026-09-11 11:45:48,536 DEBUG 求解结束：sampled；可行点 7791，叶格 4494，边界格边长 0.035156 m
2026-09-11 11:45:48,537 INFO number_023_4 | 面积 166.1079 [164.7009, 167.5149] m² | 定位误差 4.2760 m | sampled
2026-09-11 11:45:48,541 DEBUG 层 0：检查 40000 格，内部 0，边界 4
2026-09-11 11:45:48,541 DEBUG 层 1：检查 16 格，内部 0，边界 9
2026-09-11 11:45:48,542 DEBUG 层 2：检查 36 格，内部 1，边界 18
2026-09-11 11:45:48,542 DEBUG 层 3：检查 72 格，内部 13，边界 36
2026-09-11 11:45:48,542 DEBUG 层 4：检查 144 格，内部 31，边界 72
2026-09-11 11:45:48,542 DEBUG 层 5：检查 288 格，内部 58，边界 142
2026-09-11 11:45:48,542 DEBUG 层 6：检查 568 格，内部 127，边界 284
2026-09-11 11:45:48,543 DEBUG 层 7：检查 1136 格，内部 273，边界 571
2026-09-11 11:45:48,544 DEBUG 层 8：检查 2284 格，内部 567，边界 1143
2026-09-11 11:45:48,545 DEBUG 层 9：检查 4572 格，内部 1140，边界 2284
2026-09-11 11:45:48,610 DEBUG 求解结束：sampled；可行点 7791，叶格 4494，边界格边长 0.035156 m
2026-09-11 11:45:48,611 INFO number_023_5 | 面积 166.1079 [164.7009, 167.5149] m² | 定位误差 4.2760 m | sampled
2026-09-11 11:45:48,616 DEBUG 层 0：检查 40000 格，内部 0，边界 3
2026-09-11 11:45:48,616 DEBUG 层 1：检查 12 格，内部 0，边界 7
2026-09-11 11:45:48,616 DEBUG 层 2：检查 28 格，内部 1，边界 16
2026-09-11 11:45:48,616 DEBUG 层 3：检查 64 格，内部 12，边界 32
2026-09-11 11:45:48,617 DEBUG 层 4：检查 128 格，内部 28，边界 64
2026-09-11 11:45:48,617 DEBUG 层 5：检查 256 格，内部 54，边界 126
2026-09-11 11:45:48,617 DEBUG 层 6：检查 504 格，内部 111，边界 253
2026-09-11 11:45:48,617 DEBUG 层 7：检查 1012 格，内部 244，边界 507
2026-09-11 11:45:48,618 DEBUG 层 8：检查 2028 格，内部 505，边界 1014
2026-09-11 11:45:48,618 DEBUG 层 9：检查 4056 格，内部 1012，边界 2026
2026-09-11 11:45:48,676 DEBUG 求解结束：sampled；可行点 6930，叶格 3993，边界格边长 0.035156 m
2026-09-11 11:45:48,678 INFO number_023_6 | 面积 153.3577 [152.1132, 154.6021] m² | 定位误差 5.0576 m | sampled
2026-09-11 11:45:48,683 DEBUG 层 0：检查 40000 格，内部 1，边界 8
2026-09-11 11:45:48,683 DEBUG 层 1：检查 32 格，内部 4，边界 16
2026-09-11 11:45:48,683 DEBUG 层 2：检查 64 格，内部 9，边界 36
2026-09-11 11:45:48,683 DEBUG 层 3：检查 144 格，内部 35，边界 74
2026-09-11 11:45:48,684 DEBUG 层 4：检查 296 格，内部 69，边界 150
2026-09-11 11:45:48,684 DEBUG 层 5：检查 600 格，内部 149，边界 300
2026-09-11 11:45:48,684 DEBUG 层 6：检查 1200 格，内部 298，边界 597
2026-09-11 11:45:48,684 DEBUG 层 7：检查 2388 格，内部 592，边界 1197
2026-09-11 11:45:48,685 DEBUG 层 8：检查 4788 格，内部 1182，边界 2396
2026-09-11 11:45:48,686 DEBUG 层 9：检查 9584 格，内部 2381，边界 4793
2026-09-11 11:45:48,824 DEBUG 求解结束：sampled；可行点 16595，叶格 9513，边界格边长 0.035156 m
2026-09-11 11:45:48,827 INFO number_024_2 | 面积 1191.8782 [1188.9231, 1194.8334] m² | 定位误差 18.1114 m | sampled
2026-09-11 11:45:48,830 DEBUG 层 0：检查 40000 格，内部 0，边界 8
2026-09-11 11:45:48,830 DEBUG 层 1：检查 32 格，内部 4，边界 14
2026-09-11 11:45:48,830 DEBUG 层 2：检查 56 格，内部 9，边界 32
2026-09-11 11:45:48,831 DEBUG 层 3：检查 128 格，内部 28，边界 66
2026-09-11 11:45:48,831 DEBUG 层 4：检查 264 格，内部 66，边界 132
2026-09-11 11:45:48,831 DEBUG 层 5：检查 528 格，内部 129，边界 264
2026-09-11 11:45:48,831 DEBUG 层 6：检查 1056 格，内部 256，边界 526
2026-09-11 11:45:48,831 DEBUG 层 7：检查 2104 格，内部 527，边界 1055
2026-09-11 11:45:48,832 DEBUG 层 8：检查 4220 格，内部 1048，边界 2108
2026-09-11 11:45:48,833 DEBUG 层 9：检查 8432 格，内部 2098，边界 4218
2026-09-11 11:45:48,953 DEBUG 求解结束：sampled；可行点 14617，叶格 8383，边界格边长 0.035156 m
2026-09-11 11:45:48,955 INFO number_024_3 | 面积 815.9834 [813.3831, 818.5838] m² | 定位误差 16.0405 m | sampled
2026-09-11 11:45:48,960 DEBUG 层 0：检查 40000 格，内部 0，边界 8
2026-09-11 11:45:48,960 DEBUG 层 1：检查 32 格，内部 4，边界 14
2026-09-11 11:45:48,960 DEBUG 层 2：检查 56 格，内部 7，边界 32
2026-09-11 11:45:48,960 DEBUG 层 3：检查 128 格，内部 27，边界 64
2026-09-11 11:45:48,960 DEBUG 层 4：检查 256 格，内部 62，边界 128
2026-09-11 11:45:48,961 DEBUG 层 5：检查 512 格，内部 128，边界 254
2026-09-11 11:45:48,961 DEBUG 层 6：检查 1016 格，内部 238，边界 508
2026-09-11 11:45:48,961 DEBUG 层 7：检查 2032 格，内部 509，边界 1019
2026-09-11 11:45:48,962 DEBUG 层 8：检查 4076 格，内部 1017，边界 2034
2026-09-11 11:45:48,963 DEBUG 层 9：检查 8136 格，内部 2028，边界 4071
2026-09-11 11:45:49,086 DEBUG 求解结束：sampled；可行点 14109，叶格 8091，边界格边长 0.035156 m
2026-09-11 11:45:49,087 INFO number_024_4 | 面积 762.8386 [760.3295, 765.3478] m² | 定位误差 15.8888 m | sampled
2026-09-11 11:45:49,093 DEBUG 层 0：检查 40000 格，内部 0，边界 7
2026-09-11 11:45:49,093 DEBUG 层 1：检查 28 格，内部 1，边界 11
2026-09-11 11:45:49,093 DEBUG 层 2：检查 44 格，内部 6，边界 23
2026-09-11 11:45:49,094 DEBUG 层 3：检查 92 格，内部 19，边界 46
2026-09-11 11:45:49,094 DEBUG 层 4：检查 184 格，内部 43，边界 93
2026-09-11 11:45:49,094 DEBUG 层 5：检查 372 格，内部 90，边界 186
2026-09-11 11:45:49,094 DEBUG 层 6：检查 744 格，内部 174，边界 372
2026-09-11 11:45:49,095 DEBUG 层 7：检查 1488 格，内部 374，边界 744
2026-09-11 11:45:49,095 DEBUG 层 8：检查 2976 格，内部 741，边界 1488
2026-09-11 11:45:49,096 DEBUG 层 9：检查 5952 格，内部 1476，边界 2979
2026-09-11 11:45:49,180 DEBUG 求解结束：sampled；可行点 10277，叶格 5903，边界格边长 0.035156 m
2026-09-11 11:45:49,181 INFO number_024_5 | 面积 411.8919 [410.0535, 413.7302] m² | 定位误差 7.8299 m | sampled
2026-09-11 11:45:49,186 DEBUG 层 0：检查 40000 格，内部 0，边界 7
2026-09-11 11:45:49,186 DEBUG 层 1：检查 28 格，内部 1，边界 11
2026-09-11 11:45:49,187 DEBUG 层 2：检查 44 格，内部 6，边界 23
2026-09-11 11:45:49,187 DEBUG 层 3：检查 92 格，内部 19，边界 45
2026-09-11 11:45:49,187 DEBUG 层 4：检查 180 格，内部 43，边界 91
2026-09-11 11:45:49,187 DEBUG 层 5：检查 364 格，内部 89，边界 184
2026-09-11 11:45:49,187 DEBUG 层 6：检查 736 格，内部 172，边界 367
2026-09-11 11:45:49,187 DEBUG 层 7：检查 1468 格，内部 372，边界 736
2026-09-11 11:45:49,188 DEBUG 层 8：检查 2944 格，内部 735，边界 1470
2026-09-11 11:45:49,189 DEBUG 层 9：检查 5880 格，内部 1460，边界 2942
2026-09-11 11:45:49,271 DEBUG 求解结束：sampled；可行点 10169，叶格 5839，边界格边长 0.035156 m
2026-09-11 11:45:49,273 INFO number_024_6 | 面积 411.2798 [409.4652, 413.0943] m² | 定位误差 7.8204 m | sampled
2026-09-11 11:45:49,277 DEBUG 层 0：检查 40000 格，内部 0，边界 11
2026-09-11 11:45:49,278 DEBUG 层 1：检查 44 格，内部 7，边界 21
2026-09-11 11:45:49,278 DEBUG 层 2：检查 84 格，内部 13，边界 43
2026-09-11 11:45:49,278 DEBUG 层 3：检查 172 格，内部 36，边界 87
2026-09-11 11:45:49,278 DEBUG 层 4：检查 348 格，内部 77，边界 174
2026-09-11 11:45:49,278 DEBUG 层 5：检查 696 格，内部 176，边界 346
2026-09-11 11:45:49,279 DEBUG 层 6：检查 1384 格，内部 338，边界 690
2026-09-11 11:45:49,279 DEBUG 层 7：检查 2760 格，内部 695，边界 1382
2026-09-11 11:45:49,280 DEBUG 层 8：检查 5528 格，内部 1371，边界 2765
2026-09-11 11:45:49,281 DEBUG 层 9：检查 11060 格，内部 2753，边界 5532
2026-09-11 11:45:49,430 DEBUG 求解结束：sampled；可行点 19177，叶格 10998，边界格边长 0.035156 m
2026-09-11 11:45:49,431 INFO number_025_2 | 面积 1223.1005 [1219.6985, 1226.5025] m² | 定位误差 17.1830 m | sampled
2026-09-11 11:45:49,435 DEBUG 层 0：检查 40000 格，内部 0，边界 6
2026-09-11 11:45:49,435 DEBUG 层 1：检查 24 格，内部 0，边界 13
2026-09-11 11:45:49,435 DEBUG 层 2：检查 52 格，内部 4，边界 25
2026-09-11 11:45:49,436 DEBUG 层 3：检查 100 格，内部 18，边界 53
2026-09-11 11:45:49,436 DEBUG 层 4：检查 212 格，内部 46，边界 105
2026-09-11 11:45:49,436 DEBUG 层 5：检查 420 格，内部 80，边界 211
2026-09-11 11:45:49,436 DEBUG 层 6：检查 844 格，内部 199，边界 419
2026-09-11 11:45:49,437 DEBUG 层 7：检查 1676 格，内部 405，边界 840
2026-09-11 11:45:49,437 DEBUG 层 8：检查 3360 格，内部 815，边界 1679
2026-09-11 11:45:49,438 DEBUG 层 9：检查 6716 格，内部 1669，边界 3359
2026-09-11 11:45:49,530 DEBUG 求解结束：sampled；可行点 11438，叶格 6595，边界格边长 0.035156 m
2026-09-11 11:45:49,531 INFO number_025_3 | 面积 289.6152 [287.5583, 291.6722] m² | 定位误差 4.8727 m | sampled
2026-09-11 11:45:49,536 DEBUG 层 0：检查 40000 格，内部 0，边界 4
2026-09-11 11:45:49,536 DEBUG 层 1：检查 16 格，内部 0，边界 7
2026-09-11 11:45:49,536 DEBUG 层 2：检查 28 格，内部 0，边界 13
2026-09-11 11:45:49,536 DEBUG 层 3：检查 52 格，内部 6，边界 25
2026-09-11 11:45:49,537 DEBUG 层 4：检查 100 格，内部 14，边界 50
2026-09-11 11:45:49,537 DEBUG 层 5：检查 200 格，内部 37，边界 98
2026-09-11 11:45:49,537 DEBUG 层 6：检查 392 格，内部 92，边界 192
2026-09-11 11:45:49,537 DEBUG 层 7：检查 768 格，内部 186，边界 383
2026-09-11 11:45:49,538 DEBUG 层 8：检查 1532 格，内部 379，边界 769
2026-09-11 11:45:49,538 DEBUG 层 9：检查 3076 格，内部 775，边界 1541
2026-09-11 11:45:49,581 DEBUG 求解结束：sampled；可行点 5232，叶格 3030，边界格边长 0.035156 m
2026-09-11 11:45:49,582 INFO number_025_4 | 面积 75.4683 [74.5239, 76.4127] m² | 定位误差 1.9370 m | sampled
2026-09-11 11:45:49,586 DEBUG 层 0：检查 40000 格，内部 0，边界 4
2026-09-11 11:45:49,587 DEBUG 层 1：检查 16 格，内部 0，边界 6
2026-09-11 11:45:49,587 DEBUG 层 2：检查 24 格，内部 0，边界 12
2026-09-11 11:45:49,587 DEBUG 层 3：检查 48 格，内部 6，边界 24
2026-09-11 11:45:49,587 DEBUG 层 4：检查 96 格，内部 14，边界 48
2026-09-11 11:45:49,587 DEBUG 层 5：检查 192 格，内部 37，边界 97
2026-09-11 11:45:49,588 DEBUG 层 6：检查 388 格，内部 92，边界 192
2026-09-11 11:45:49,588 DEBUG 层 7：检查 768 格，内部 186，边界 382
2026-09-11 11:45:49,588 DEBUG 层 8：检查 1528 格，内部 379，边界 767
2026-09-11 11:45:49,589 DEBUG 层 9：检查 3068 格，内部 775，边界 1536
2026-09-11 11:45:49,636 DEBUG 求解结束：sampled；可行点 5228，叶格 3025，边界格边长 0.035156 m
2026-09-11 11:45:49,637 INFO number_025_5 | 面积 75.4610 [74.5205, 76.4016] m² | 定位误差 1.9370 m | sampled
2026-09-11 11:45:49,641 DEBUG 层 0：检查 40000 格，内部 0，边界 3
2026-09-11 11:45:49,641 DEBUG 层 1：检查 12 格，内部 0，边界 6
2026-09-11 11:45:49,642 DEBUG 层 2：检查 24 格，内部 0，边界 12
2026-09-11 11:45:49,642 DEBUG 层 3：检查 48 格，内部 6，边界 24
2026-09-11 11:45:49,642 DEBUG 层 4：检查 96 格，内部 14，边界 48
2026-09-11 11:45:49,642 DEBUG 层 5：检查 192 格，内部 37，边界 97
2026-09-11 11:45:49,642 DEBUG 层 6：检查 388 格，内部 92，边界 192
2026-09-11 11:45:49,643 DEBUG 层 7：检查 768 格，内部 186，边界 382
2026-09-11 11:45:49,643 DEBUG 层 8：检查 1528 格，内部 379，边界 767
2026-09-11 11:45:49,643 DEBUG 层 9：检查 3068 格，内部 775，边界 1536
2026-09-11 11:45:49,686 DEBUG 求解结束：sampled；可行点 5228，叶格 3025，边界格边长 0.035156 m
2026-09-11 11:45:49,687 INFO number_025_6 | 面积 75.4610 [74.5205, 76.4016] m² | 定位误差 1.9370 m | sampled
2026-09-11 11:45:49,691 DEBUG 层 0：检查 40000 格，内部 0，边界 11
2026-09-11 11:45:49,692 DEBUG 层 1：检查 44 格，内部 6，边界 22
2026-09-11 11:45:49,692 DEBUG 层 2：检查 88 格，内部 17，边界 43
2026-09-11 11:45:49,692 DEBUG 层 3：检查 172 格，内部 36，边界 87
2026-09-11 11:45:49,692 DEBUG 层 4：检查 348 格，内部 83，边界 173
2026-09-11 11:45:49,692 DEBUG 层 5：检查 692 格，内部 163，边界 346
2026-09-11 11:45:49,692 DEBUG 层 6：检查 1384 格，内部 348，边界 692
2026-09-11 11:45:49,693 DEBUG 层 7：检查 2768 格，内部 729，边界 1383
2026-09-11 11:45:49,693 DEBUG 层 8：检查 5532 格，内部 1419，边界 2768
2026-09-11 11:45:49,694 DEBUG 层 9：检查 11072 格，内部 2784，边界 5538
2026-09-11 11:45:49,849 DEBUG 求解结束：sampled；可行点 19439，叶格 11123，边界格边长 0.035156 m
2026-09-11 11:45:49,851 INFO number_026_2 | 面积 1228.3124 [1224.9214, 1231.7034] m² | 定位误差 5.3151 m | sampled
2026-09-11 11:45:49,856 DEBUG 层 0：检查 40000 格，内部 0，边界 9
2026-09-11 11:45:49,857 DEBUG 层 1：检查 36 格，内部 6，边界 20
2026-09-11 11:45:49,857 DEBUG 层 2：检查 80 格，内部 13，边界 40
2026-09-11 11:45:49,857 DEBUG 层 3：检查 160 格，内部 36，边界 79
2026-09-11 11:45:49,857 DEBUG 层 4：检查 316 格，内部 79，边界 157
2026-09-11 11:45:49,857 DEBUG 层 5：检查 628 格，内部 146，边界 315
2026-09-11 11:45:49,858 DEBUG 层 6：检查 1260 格，内部 305，边界 631
2026-09-11 11:45:49,858 DEBUG 层 7：检查 2524 格，内部 646，边界 1262
2026-09-11 11:45:49,859 DEBUG 层 8：检查 5048 格，内部 1260，边界 2527
2026-09-11 11:45:49,860 DEBUG 层 9：检查 10108 格，内部 2489，边界 5052
2026-09-11 11:45:49,997 DEBUG 求解结束：sampled；可行点 17510，叶格 10032，边界格边长 0.035156 m
2026-09-11 11:45:49,998 INFO number_026_3 | 面积 1130.0576 [1126.9816, 1133.1336] m² | 定位误差 5.3458 m | sampled
2026-09-11 11:45:50,002 DEBUG 层 0：检查 40000 格，内部 0，边界 9
2026-09-11 11:45:50,003 DEBUG 层 1：检查 36 格，内部 5，边界 20
2026-09-11 11:45:50,003 DEBUG 层 2：检查 80 格，内部 16，边界 39
2026-09-11 11:45:50,003 DEBUG 层 3：检查 156 格，内部 35，边界 76
2026-09-11 11:45:50,003 DEBUG 层 4：检查 304 格，内部 74，边界 152
2026-09-11 11:45:50,003 DEBUG 层 5：检查 608 格，内部 148，边界 305
2026-09-11 11:45:50,004 DEBUG 层 6：检查 1220 格，内部 309，边界 609
2026-09-11 11:45:50,004 DEBUG 层 7：检查 2436 格，内部 635，边界 1218
2026-09-11 11:45:50,005 DEBUG 层 8：检查 4872 格，内部 1219，边界 2439
2026-09-11 11:45:50,006 DEBUG 层 9：检查 9756 格，内部 2408，边界 4876
2026-09-11 11:45:50,133 DEBUG 求解结束：sampled；可行点 16991，叶格 9725，边界格边长 0.035156 m
2026-09-11 11:45:50,135 INFO number_026_4 | 面积 1098.6223 [1095.6602, 1101.5844] m² | 定位误差 5.7491 m | sampled
2026-09-11 11:45:50,139 DEBUG 层 0：检查 40000 格，内部 0，边界 8
2026-09-11 11:45:50,139 DEBUG 层 1：检查 32 格，内部 5，边界 17
2026-09-11 11:45:50,139 DEBUG 层 2：检查 68 格，内部 13，边界 33
2026-09-11 11:45:50,140 DEBUG 层 3：检查 132 格，内部 30，边界 65
2026-09-11 11:45:50,140 DEBUG 层 4：检查 260 格，内部 65，边界 130
2026-09-11 11:45:50,140 DEBUG 层 5：检查 520 格，内部 129，边界 262
2026-09-11 11:45:50,140 DEBUG 层 6：检查 1048 格，内部 269，边界 524
2026-09-11 11:45:50,140 DEBUG 层 7：检查 2096 格，内部 540，边界 1050
2026-09-11 11:45:50,141 DEBUG 层 8：检查 4200 格，内部 1052，边界 2100
2026-09-11 11:45:50,142 DEBUG 层 9：检查 8400 格，内部 2058，边界 4199
2026-09-11 11:45:50,248 DEBUG 求解结束：sampled；可行点 14599，叶格 8360，边界格边长 0.035156 m
2026-09-11 11:45:50,250 INFO number_026_5 | 面积 988.0167 [985.4606, 990.5728] m² | 定位误差 5.8837 m | sampled
2026-09-11 11:45:50,254 DEBUG 层 0：检查 40000 格，内部 0，边界 7
2026-09-11 11:45:50,255 DEBUG 层 1：检查 28 格，内部 2，边界 16
2026-09-11 11:45:50,255 DEBUG 层 2：检查 64 格，内部 15，边界 31
2026-09-11 11:45:50,255 DEBUG 层 3：检查 124 格，内部 24，边界 61
2026-09-11 11:45:50,255 DEBUG 层 4：检查 244 格，内部 50，边界 121
2026-09-11 11:45:50,255 DEBUG 层 5：检查 484 格，内部 110，边界 243
2026-09-11 11:45:50,255 DEBUG 层 6：检查 972 格，内部 261，边界 487
2026-09-11 11:45:50,256 DEBUG 层 7：检查 1948 格，内部 492，边界 973
2026-09-11 11:45:50,256 DEBUG 层 8：检查 3892 格，内部 981，边界 1945
2026-09-11 11:45:50,257 DEBUG 层 9：检查 7780 格，内部 1894，边界 3890
2026-09-11 11:45:50,351 DEBUG 求解结束：sampled；可行点 13472，叶格 7719，边界格边长 0.035156 m
2026-09-11 11:45:50,354 INFO number_026_6 | 面积 727.6205 [725.2516, 729.9894] m² | 定位误差 2.2204 m | sampled
2026-09-11 11:45:50,358 DEBUG 层 0：检查 40000 格，内部 1，边界 8
2026-09-11 11:45:50,358 DEBUG 层 1：检查 32 格，内部 5，边界 16
2026-09-11 11:45:50,358 DEBUG 层 2：检查 64 格，内部 8，边界 32
2026-09-11 11:45:50,358 DEBUG 层 3：检查 128 格，内部 39，边界 64
2026-09-11 11:45:50,358 DEBUG 层 4：检查 256 格，内部 40，边界 130
2026-09-11 11:45:50,358 DEBUG 层 5：检查 520 格，内部 132，边界 260
2026-09-11 11:45:50,359 DEBUG 层 6：检查 1040 格，内部 261，边界 520
2026-09-11 11:45:50,359 DEBUG 层 7：检查 2080 格，内部 507，边界 1038
2026-09-11 11:45:50,359 DEBUG 层 8：检查 4152 格，内部 1023，边界 2074
2026-09-11 11:45:50,360 DEBUG 层 9：检查 8296 格，内部 2066，边界 4150
2026-09-11 11:45:50,470 DEBUG 求解结束：sampled；可行点 14361，叶格 8232，边界格边长 0.035156 m
2026-09-11 11:45:50,471 INFO number_027_2 | 面积 1224.2036 [1221.6513, 1226.7559] m² | 定位误差 22.2018 m | sampled
2026-09-11 11:45:50,476 DEBUG 层 0：检查 40000 格，内部 0，边界 5
2026-09-11 11:45:50,476 DEBUG 层 1：检查 20 格，内部 2，边界 14
2026-09-11 11:45:50,476 DEBUG 层 2：检查 56 格，内部 5，边界 27
2026-09-11 11:45:50,476 DEBUG 层 3：检查 108 格，内部 34，边界 55
2026-09-11 11:45:50,476 DEBUG 层 4：检查 220 格，内部 25，边界 112
2026-09-11 11:45:50,476 DEBUG 层 5：检查 448 格，内部 125，边界 222
2026-09-11 11:45:50,476 DEBUG 层 6：检查 888 格，内部 235，边界 440
2026-09-11 11:45:50,477 DEBUG 层 7：检查 1760 格，内部 428，边界 879
2026-09-11 11:45:50,477 DEBUG 层 8：检查 3516 格，内部 877，边界 1755
2026-09-11 11:45:50,478 DEBUG 层 9：检查 7020 格，内部 1757，边界 3512
2026-09-11 11:45:50,561 DEBUG 求解结束：sampled；可行点 12208，叶格 7000，边界格边长 0.035156 m
2026-09-11 11:45:50,563 INFO number_027_3 | 面积 544.4211 [542.2665, 546.5757] m² | 定位误差 14.3438 m | sampled
2026-09-11 11:45:50,569 DEBUG 层 0：检查 40000 格，内部 0，边界 3
2026-09-11 11:45:50,570 DEBUG 层 1：检查 12 格，内部 0，边界 6
2026-09-11 11:45:50,570 DEBUG 层 2：检查 24 格，内部 0，边界 6
2026-09-11 11:45:50,570 DEBUG 层 3：检查 24 格，内部 3，边界 18
2026-09-11 11:45:50,570 DEBUG 层 4：检查 72 格，内部 9，边界 36
2026-09-11 11:45:50,571 DEBUG 层 5：检查 144 格，内部 45，边界 74
2026-09-11 11:45:50,571 DEBUG 层 6：检查 296 格，内部 73，边界 148
2026-09-11 11:45:50,571 DEBUG 层 7：检查 592 格，内部 147，边界 296
2026-09-11 11:45:50,571 DEBUG 层 8：检查 1184 格，内部 298，边界 590
2026-09-11 11:45:50,572 DEBUG 层 9：检查 2360 格，内部 591，边界 1182
2026-09-11 11:45:50,608 DEBUG 求解结束：sampled；可行点 4047，叶格 2348，边界格边长 0.035156 m
2026-09-11 11:45:50,609 INFO number_027_4 | 面积 53.1277 [52.3983, 53.8570] m² | 定位误差 3.0850 m | sampled
2026-09-11 11:45:50,614 DEBUG 层 0：检查 40000 格，内部 0，边界 3
2026-09-11 11:45:50,614 DEBUG 层 1：检查 12 格，内部 0，边界 6
2026-09-11 11:45:50,614 DEBUG 层 2：检查 24 格，内部 0，边界 6
2026-09-11 11:45:50,614 DEBUG 层 3：检查 24 格，内部 3，边界 18
2026-09-11 11:45:50,615 DEBUG 层 4：检查 72 格，内部 9，边界 36
2026-09-11 11:45:50,615 DEBUG 层 5：检查 144 格，内部 45，边界 74
2026-09-11 11:45:50,615 DEBUG 层 6：检查 296 格，内部 73，边界 148
2026-09-11 11:45:50,615 DEBUG 层 7：检查 592 格，内部 147，边界 296
2026-09-11 11:45:50,615 DEBUG 层 8：检查 1184 格，内部 298，边界 590
2026-09-11 11:45:50,616 DEBUG 层 9：检查 2360 格，内部 591，边界 1182
2026-09-11 11:45:50,650 DEBUG 求解结束：sampled；可行点 4047，叶格 2348，边界格边长 0.035156 m
2026-09-11 11:45:50,651 INFO number_027_5 | 面积 53.1277 [52.3983, 53.8570] m² | 定位误差 3.0850 m | sampled
2026-09-11 11:45:50,656 DEBUG 层 0：检查 40000 格，内部 0，边界 2
2026-09-11 11:45:50,656 DEBUG 层 1：检查 8 格，内部 0，边界 5
2026-09-11 11:45:50,656 DEBUG 层 2：检查 20 格，内部 0，边界 5
2026-09-11 11:45:50,656 DEBUG 层 3：检查 20 格，内部 3，边界 15
2026-09-11 11:45:50,656 DEBUG 层 4：检查 60 格，内部 8，边界 31
2026-09-11 11:45:50,657 DEBUG 层 5：检查 124 格，内部 38，边界 63
2026-09-11 11:45:50,657 DEBUG 层 6：检查 252 格，内部 54，边界 125
2026-09-11 11:45:50,657 DEBUG 层 7：检查 500 格，内部 140，边界 249
2026-09-11 11:45:50,657 DEBUG 层 8：检查 996 格，内部 243，边界 499
2026-09-11 11:45:50,658 DEBUG 层 9：检查 1996 格，内部 492，边界 1001
2026-09-11 11:45:50,690 DEBUG 求解结束：sampled；可行点 3419，叶格 1979，边界格边长 0.035156 m
2026-09-11 11:45:50,692 INFO number_027_6 | 面积 47.3945 [46.7818, 48.0072] m² | 定位误差 2.5626 m | sampled
2026-09-11 11:45:50,696 DEBUG 层 0：检查 40000 格，内部 0，边界 10
2026-09-11 11:45:50,696 DEBUG 层 1：检查 40 格，内部 6，边界 20
2026-09-11 11:45:50,696 DEBUG 层 2：检查 80 格，内部 20，边界 36
2026-09-11 11:45:50,697 DEBUG 层 3：检查 144 格，内部 35，边界 72
2026-09-11 11:45:50,697 DEBUG 层 4：检查 288 格，内部 67，边界 146
2026-09-11 11:45:50,697 DEBUG 层 5：检查 584 格，内部 135，边界 292
2026-09-11 11:45:50,697 DEBUG 层 6：检查 1168 格，内部 287，边界 584
2026-09-11 11:45:50,697 DEBUG 层 7：检查 2336 格，内部 588，边界 1166
2026-09-11 11:45:50,698 DEBUG 层 8：检查 4664 格，内部 1169，边界 2332
2026-09-11 11:45:50,699 DEBUG 层 9：检查 9328 格，内部 2339，边界 4662
2026-09-11 11:45:50,834 DEBUG 求解结束：sampled；可行点 16260，叶格 9308，边界格边长 0.035156 m
2026-09-11 11:45:50,835 INFO number_028_2 | 面积 1244.4266 [1241.5617, 1247.2914] m² | 定位误差 15.2783 m | sampled
2026-09-11 11:45:50,839 DEBUG 层 0：检查 40000 格，内部 0，边界 8
2026-09-11 11:45:50,840 DEBUG 层 1：检查 32 格，内部 2，边界 17
2026-09-11 11:45:50,840 DEBUG 层 2：检查 68 格，内部 17，边界 34
2026-09-11 11:45:50,840 DEBUG 层 3：检查 136 格，内部 33，边界 68
2026-09-11 11:45:50,840 DEBUG 层 4：检查 272 格，内部 66，边界 138
2026-09-11 11:45:50,840 DEBUG 层 5：检查 552 格，内部 126，边界 277
2026-09-11 11:45:50,841 DEBUG 层 6：检查 1108 格，内部 282，边界 553
2026-09-11 11:45:50,841 DEBUG 层 7：检查 2212 格，内部 544，边界 1103
2026-09-11 11:45:50,841 DEBUG 层 8：检查 4412 格，内部 1101，边界 2207
2026-09-11 11:45:50,842 DEBUG 层 9：检查 8828 格，内部 2209，边界 4411
2026-09-11 11:45:50,974 DEBUG 求解结束：sampled；可行点 15333，叶格 8791，边界格边长 0.035156 m
2026-09-11 11:45:50,975 INFO number_028_3 | 面积 843.3748 [840.6559, 846.0938] m² | 定位误差 15.1903 m | sampled
2026-09-11 11:45:50,980 DEBUG 层 0：检查 40000 格，内部 0，边界 8
2026-09-11 11:45:50,980 DEBUG 层 1：检查 32 格，内部 2，边界 17
2026-09-11 11:45:50,980 DEBUG 层 2：检查 68 格，内部 17，边界 34
2026-09-11 11:45:50,980 DEBUG 层 3：检查 136 格，内部 31，边界 67
2026-09-11 11:45:50,981 DEBUG 层 4：检查 268 格，内部 63，边界 137
2026-09-11 11:45:50,981 DEBUG 层 5：检查 548 格，内部 124，边界 273
2026-09-11 11:45:50,981 DEBUG 层 6：检查 1092 格，内部 281，边界 545
2026-09-11 11:45:50,981 DEBUG 层 7：检查 2180 格，内部 534，边界 1089
2026-09-11 11:45:50,982 DEBUG 层 8：检查 4356 格，内部 1081，边界 2177
2026-09-11 11:45:50,983 DEBUG 层 9：检查 8708 格，内部 2170，边界 4353
2026-09-11 11:45:51,115 DEBUG 求解结束：sampled；可行点 15099，叶格 8656，边界格边长 0.035156 m
2026-09-11 11:45:51,116 INFO number_028_4 | 面积 828.3094 [825.6402, 830.9786] m² | 定位误差 15.2812 m | sampled
2026-09-11 11:45:51,122 DEBUG 层 0：检查 40000 格，内部 0，边界 4
2026-09-11 11:45:51,122 DEBUG 层 1：检查 16 格，内部 0，边界 7
2026-09-11 11:45:51,122 DEBUG 层 2：检查 28 格，内部 1，边界 15
2026-09-11 11:45:51,122 DEBUG 层 3：检查 60 格，内部 9，边界 32
2026-09-11 11:45:51,122 DEBUG 层 4：检查 128 格，内部 29，边界 65
2026-09-11 11:45:51,123 DEBUG 层 5：检查 260 格，内部 54，边界 130
2026-09-11 11:45:51,123 DEBUG 层 6：检查 520 格，内部 132，边界 259
2026-09-11 11:45:51,123 DEBUG 层 7：检查 1036 格，内部 257，边界 517
2026-09-11 11:45:51,124 DEBUG 层 8：检查 2068 格，内部 501，边界 1034
2026-09-11 11:45:51,124 DEBUG 层 9：检查 4136 格，内部 1021，边界 2065
2026-09-11 11:45:51,171 DEBUG 求解结束：sampled；可行点 7053，叶格 4069，边界格边长 0.035156 m
2026-09-11 11:45:51,172 INFO number_028_5 | 面积 141.3990 [140.1253, 142.6726] m² | 定位误差 3.4438 m | sampled
2026-09-11 11:45:51,176 DEBUG 层 0：检查 40000 格，内部 0，边界 4
2026-09-11 11:45:51,177 DEBUG 层 1：检查 16 格，内部 0，边界 7
2026-09-11 11:45:51,177 DEBUG 层 2：检查 28 格，内部 1，边界 15
2026-09-11 11:45:51,177 DEBUG 层 3：检查 60 格，内部 9，边界 32
2026-09-11 11:45:51,177 DEBUG 层 4：检查 128 格，内部 29，边界 65
2026-09-11 11:45:51,177 DEBUG 层 5：检查 260 格，内部 54，边界 130
2026-09-11 11:45:51,177 DEBUG 层 6：检查 520 格，内部 132，边界 259
2026-09-11 11:45:51,178 DEBUG 层 7：检查 1036 格，内部 257，边界 517
2026-09-11 11:45:51,178 DEBUG 层 8：检查 2068 格，内部 501，边界 1034
2026-09-11 11:45:51,179 DEBUG 层 9：检查 4136 格，内部 1021，边界 2065
2026-09-11 11:45:51,237 DEBUG 求解结束：sampled；可行点 7053，叶格 4069，边界格边长 0.035156 m
2026-09-11 11:45:51,238 INFO number_028_6 | 面积 141.3990 [140.1253, 142.6726] m² | 定位误差 3.4438 m | sampled
2026-09-11 11:45:51,242 DEBUG 层 0：检查 40000 格，内部 0，边界 11
2026-09-11 11:45:51,242 DEBUG 层 1：检查 44 格，内部 5，边界 21
2026-09-11 11:45:51,243 DEBUG 层 2：检查 84 格，内部 21，边界 41
2026-09-11 11:45:51,243 DEBUG 层 3：检查 164 格，内部 32，边界 85
2026-09-11 11:45:51,243 DEBUG 层 4：检查 340 格，内部 76，边界 167
2026-09-11 11:45:51,243 DEBUG 层 5：检查 668 格，内部 162，边界 337
2026-09-11 11:45:51,243 DEBUG 层 6：检查 1348 格，内部 337，边界 672
2026-09-11 11:45:51,244 DEBUG 层 7：检查 2688 格，内部 653，边界 1343
2026-09-11 11:45:51,244 DEBUG 层 8：检查 5372 格，内部 1335，边界 2686
2026-09-11 11:45:51,245 DEBUG 层 9：检查 10744 格，内部 2661，边界 5370
2026-09-11 11:45:51,379 DEBUG 求解结束：sampled；可行点 18570，叶格 10652，边界格边长 0.035156 m
2026-09-11 11:45:51,381 INFO number_029_2 | 面积 1195.7385 [1192.4313, 1199.0456] m² | 定位误差 17.2350 m | sampled
2026-09-11 11:45:51,385 DEBUG 层 0：检查 40000 格，内部 0，边界 7
2026-09-11 11:45:51,385 DEBUG 层 1：检查 28 格，内部 1，边界 16
2026-09-11 11:45:51,385 DEBUG 层 2：检查 64 格，内部 11，边界 32
2026-09-11 11:45:51,386 DEBUG 层 3：检查 128 格，内部 21，边界 66
2026-09-11 11:45:51,386 DEBUG 层 4：检查 264 格，内部 58，边界 129
2026-09-11 11:45:51,386 DEBUG 层 5：检查 516 格，内部 119，边界 260
2026-09-11 11:45:51,386 DEBUG 层 6：检查 1040 格，内部 249，边界 521
2026-09-11 11:45:51,386 DEBUG 层 7：检查 2084 格，内部 507，边界 1040
2026-09-11 11:45:51,387 DEBUG 层 8：检查 4160 格，内部 1031，边界 2081
2026-09-11 11:45:51,387 DEBUG 层 9：检查 8324 格，内部 2048，边界 4162
2026-09-11 11:45:51,494 DEBUG 求解结束：sampled；可行点 14295，叶格 8207，边界格边长 0.035156 m
2026-09-11 11:45:51,495 INFO number_029_3 | 面积 563.5707 [561.0065, 566.1348] m² | 定位误差 12.3028 m | sampled
2026-09-11 11:45:51,499 DEBUG 层 0：检查 40000 格，内部 0，边界 7
2026-09-11 11:45:51,500 DEBUG 层 1：检查 28 格，内部 1，边界 16
2026-09-11 11:45:51,500 DEBUG 层 2：检查 64 格，内部 11，边界 32
2026-09-11 11:45:51,500 DEBUG 层 3：检查 128 格，内部 21，边界 66
2026-09-11 11:45:51,500 DEBUG 层 4：检查 264 格，内部 58，边界 129
2026-09-11 11:45:51,500 DEBUG 层 5：检查 516 格，内部 119，边界 260
2026-09-11 11:45:51,500 DEBUG 层 6：检查 1040 格，内部 249，边界 521
2026-09-11 11:45:51,500 DEBUG 层 7：检查 2084 格，内部 507，边界 1040
2026-09-11 11:45:51,501 DEBUG 层 8：检查 4160 格，内部 1031，边界 2081
2026-09-11 11:45:51,502 DEBUG 层 9：检查 8324 格，内部 2048，边界 4162
2026-09-11 11:45:51,613 DEBUG 求解结束：sampled；可行点 14295，叶格 8207，边界格边长 0.035156 m
2026-09-11 11:45:51,614 INFO number_029_4 | 面积 563.5707 [561.0065, 566.1348] m² | 定位误差 12.3028 m | sampled
2026-09-11 11:45:51,622 DEBUG 层 0：检查 40000 格，内部 0，边界 2
2026-09-11 11:45:51,622 DEBUG 层 1：检查 8 格，内部 0，边界 5
2026-09-11 11:45:51,622 DEBUG 层 2：检查 20 格，内部 1，边界 10
2026-09-11 11:45:51,622 DEBUG 层 3：检查 40 格，内部 2，边界 24
2026-09-11 11:45:51,623 DEBUG 层 4：检查 96 格，内部 18，边界 44
2026-09-11 11:45:51,623 DEBUG 层 5：检查 176 格，内部 37，边界 90
2026-09-11 11:45:51,623 DEBUG 层 6：检查 360 格，内部 83，边界 182
2026-09-11 11:45:51,623 DEBUG 层 7：检查 728 格，内部 176，边界 363
2026-09-11 11:45:51,624 DEBUG 层 8：检查 1452 格，内部 363，边界 724
2026-09-11 11:45:51,624 DEBUG 层 9：检查 2896 格，内部 705，边界 1449
2026-09-11 11:45:51,664 DEBUG 求解结束：sampled；可行点 4912，叶格 2834，边界格边长 0.035156 m
2026-09-11 11:45:51,666 INFO number_029_5 | 面积 79.3404 [78.4552, 80.2257] m² | 定位误差 6.7460 m | sampled
2026-09-11 11:45:51,671 DEBUG 层 0：检查 40000 格，内部 0，边界 2
2026-09-11 11:45:51,672 DEBUG 层 1：检查 8 格，内部 0，边界 5
2026-09-11 11:45:51,672 DEBUG 层 2：检查 20 格，内部 1，边界 10
2026-09-11 11:45:51,672 DEBUG 层 3：检查 40 格，内部 2，边界 24
2026-09-11 11:45:51,672 DEBUG 层 4：检查 96 格，内部 18，边界 44
2026-09-11 11:45:51,672 DEBUG 层 5：检查 176 格，内部 37，边界 90
2026-09-11 11:45:51,673 DEBUG 层 6：检查 360 格，内部 83，边界 182
2026-09-11 11:45:51,673 DEBUG 层 7：检查 728 格，内部 176，边界 363
2026-09-11 11:45:51,673 DEBUG 层 8：检查 1452 格，内部 363，边界 724
2026-09-11 11:45:51,674 DEBUG 层 9：检查 2896 格，内部 705，边界 1449
2026-09-11 11:45:51,716 DEBUG 求解结束：sampled；可行点 4912，叶格 2834，边界格边长 0.035156 m
2026-09-11 11:45:51,718 INFO number_029_6 | 面积 79.3404 [78.4552, 80.2257] m² | 定位误差 6.7460 m | sampled
2026-09-11 11:45:51,718 INFO 开始模块：experiment.experiment_error
2026-09-11 11:45:51,723 DEBUG 层 0：检查 40000 格，内部 0，边界 3
2026-09-11 11:45:51,723 DEBUG 层 1：检查 12 格，内部 0，边界 4
2026-09-11 11:45:51,723 DEBUG 层 2：检查 16 格，内部 0，边界 8
2026-09-11 11:45:51,723 DEBUG 层 3：检查 32 格，内部 3，边界 15
2026-09-11 11:45:51,723 DEBUG 层 4：检查 60 格，内部 7，边界 28
2026-09-11 11:45:51,723 DEBUG 层 5：检查 112 格，内部 20，边界 56
2026-09-11 11:45:51,724 DEBUG 层 6：检查 224 格，内部 49，边界 114
2026-09-11 11:45:51,724 DEBUG 层 7：检查 456 格，内部 124，边界 227
2026-09-11 11:45:51,724 DEBUG 层 8：检查 908 格，内部 230，边界 454
2026-09-11 11:45:51,724 DEBUG 层 9：检查 1816 格，内部 442，边界 909
2026-09-11 11:45:51,748 DEBUG 求解结束：sampled；可行点 3085，叶格 1784，边界格边长 0.035156 m
2026-09-11 11:45:51,750 INFO error_000_0.2 | 面积 39.4885 [38.9343, 40.0427] m² | 定位误差 1.7480 m | sampled
2026-09-11 11:45:51,753 DEBUG 层 0：检查 40000 格，内部 0，边界 5
2026-09-11 11:45:51,754 DEBUG 层 1：检查 20 格，内部 1，边界 8
2026-09-11 11:45:51,754 DEBUG 层 2：检查 32 格，内部 3，边界 18
2026-09-11 11:45:51,754 DEBUG 层 3：检查 72 格，内部 11，边界 35
2026-09-11 11:45:51,754 DEBUG 层 4：检查 140 格，内部 28，边界 72
2026-09-11 11:45:51,754 DEBUG 层 5：检查 288 格，内部 63，边界 145
2026-09-11 11:45:51,754 DEBUG 层 6：检查 580 格，内部 142，边界 289
2026-09-11 11:45:51,755 DEBUG 层 7：检查 1156 格，内部 279，边界 580
2026-09-11 11:45:51,755 DEBUG 层 8：检查 2320 格，内部 580，边界 1157
2026-09-11 11:45:51,756 DEBUG 层 9：检查 4628 格，内部 1154，边界 2315
2026-09-11 11:45:51,820 DEBUG 求解结束：sampled；可行点 7962，叶格 4576，边界格边长 0.035156 m
2026-09-11 11:45:51,822 INFO error_000_0.5 | 面积 276.6865 [275.2617, 278.1112] m² | 定位误差 1.7258 m | sampled
2026-09-11 11:45:51,826 DEBUG 层 0：检查 40000 格，内部 0，边界 9
2026-09-11 11:45:51,826 DEBUG 层 1：检查 36 格，内部 7，边界 18
2026-09-11 11:45:51,827 DEBUG 层 2：检查 72 格，内部 12，边界 36
2026-09-11 11:45:51,827 DEBUG 层 3：检查 144 格，内部 26，边界 72
2026-09-11 11:45:51,827 DEBUG 层 4：检查 288 格，内部 71，边界 145
2026-09-11 11:45:51,828 DEBUG 层 5：检查 580 格，内部 137，边界 290
2026-09-11 11:45:51,828 DEBUG 层 6：检查 1160 格，内部 285，边界 579
2026-09-11 11:45:51,829 DEBUG 层 7：检查 2316 格，内部 576，边界 1157
2026-09-11 11:45:51,831 DEBUG 层 8：检查 4628 格，内部 1158，边界 2316
2026-09-11 11:45:51,832 DEBUG 层 9：检查 9264 格，内部 2317，边界 4630
2026-09-11 11:45:51,968 DEBUG 求解结束：sampled；可行点 16095，叶格 9219，边界格边长 0.035156 m
2026-09-11 11:45:51,970 INFO error_000_1.0 | 面积 1123.0352 [1120.1900, 1125.8803] m² | 定位误差 1.8491 m | sampled
2026-09-11 11:45:51,974 DEBUG 层 0：检查 40000 格，内部 3，边界 13
2026-09-11 11:45:51,974 DEBUG 层 1：检查 52 格，内部 8，边界 27
2026-09-11 11:45:51,974 DEBUG 层 2：检查 108 格，内部 21，边界 54
2026-09-11 11:45:51,975 DEBUG 层 3：检查 216 格，内部 43，边界 109
2026-09-11 11:45:51,975 DEBUG 层 4：检查 436 格，内部 104，边界 217
2026-09-11 11:45:51,975 DEBUG 层 5：检查 868 格，内部 214，边界 434
2026-09-11 11:45:51,975 DEBUG 层 6：检查 1736 格，内部 422，边界 868
2026-09-11 11:45:51,976 DEBUG 层 7：检查 3472 格，内部 847，边界 1736
2026-09-11 11:45:51,976 DEBUG 层 8：检查 6944 格，内部 1742，边界 3473
2026-09-11 11:45:51,978 DEBUG 层 9：检查 13892 格，内部 3461，边界 6947
2026-09-11 11:45:52,182 DEBUG 求解结束：sampled；可行点 24114，叶格 13812，边界格边长 0.035156 m
2026-09-11 11:45:52,184 INFO error_000_1.5 | 面积 2533.8413 [2529.5558, 2538.1269] m² | 定位误差 2.0671 m | sampled
2026-09-11 11:45:52,188 DEBUG 层 0：检查 40000 格，内部 6，边界 18
2026-09-11 11:45:52,188 DEBUG 层 1：检查 72 格，内部 15，边界 37
2026-09-11 11:45:52,189 DEBUG 层 2：检查 148 格，内部 33，边界 72
2026-09-11 11:45:52,189 DEBUG 层 3：检查 288 格，内部 61，边界 144
2026-09-11 11:45:52,189 DEBUG 层 4：检查 576 格，内部 146，边界 290
2026-09-11 11:45:52,189 DEBUG 层 5：检查 1160 格，内部 294，边界 579
2026-09-11 11:45:52,190 DEBUG 层 6：检查 2316 格，内部 573，边界 1159
2026-09-11 11:45:52,190 DEBUG 层 7：检查 4636 格，内部 1166，边界 2316
2026-09-11 11:45:52,191 DEBUG 层 8：检查 9264 格，内部 2305，边界 4634
2026-09-11 11:45:52,193 DEBUG 层 9：检查 18536 格，内部 4635，边界 9267
2026-09-11 11:45:52,476 DEBUG 求解结束：sampled；可行点 32327，叶格 18501，边界格边长 0.035156 m
2026-09-11 11:45:52,480 INFO error_000_2.0 | 面积 4510.7919 [4505.0750, 4516.5089] m² | 定位误差 2.3765 m | sampled
2026-09-11 11:45:52,486 DEBUG 层 0：检查 40000 格，内部 0，边界 2
2026-09-11 11:45:52,486 DEBUG 层 1：检查 8 格，内部 0，边界 3
2026-09-11 11:45:52,486 DEBUG 层 2：检查 12 格，内部 0，边界 6
2026-09-11 11:45:52,487 DEBUG 层 3：检查 24 格，内部 1，边界 13
2026-09-11 11:45:52,487 DEBUG 层 4：检查 52 格，内部 6，边界 27
2026-09-11 11:45:52,487 DEBUG 层 5：检查 108 格，内部 27，边界 53
2026-09-11 11:45:52,487 DEBUG 层 6：检查 212 格，内部 48，边界 105
2026-09-11 11:45:52,487 DEBUG 层 7：检查 420 格，内部 104，边界 211
2026-09-11 11:45:52,487 DEBUG 层 8：检查 844 格，内部 206，边界 420
2026-09-11 11:45:52,488 DEBUG 层 9：检查 1680 格，内部 413，边界 840
2026-09-11 11:45:52,512 DEBUG 求解结束：sampled；可行点 2839，叶格 1645，边界格边长 0.035156 m
2026-09-11 11:45:52,514 INFO error_001_0.2 | 面积 29.6004 [29.0834, 30.1173] m² | 定位误差 2.5000 m | sampled
2026-09-11 11:45:52,518 DEBUG 层 0：检查 40000 格，内部 0，边界 5
2026-09-11 11:45:52,518 DEBUG 层 1：检查 20 格，内部 0，边界 9
2026-09-11 11:45:52,518 DEBUG 层 2：检查 36 格，内部 6，边界 18
2026-09-11 11:45:52,519 DEBUG 层 3：检查 72 格，内部 10，边界 36
2026-09-11 11:45:52,519 DEBUG 层 4：检查 144 格，内部 36，边界 71
2026-09-11 11:45:52,519 DEBUG 层 5：检查 284 格，内部 69，边界 142
2026-09-11 11:45:52,519 DEBUG 层 6：检查 568 格，内部 142，边界 285
2026-09-11 11:45:52,519 DEBUG 层 7：检查 1140 格，内部 283，边界 569
2026-09-11 11:45:52,520 DEBUG 层 8：检查 2276 格，内部 556，边界 1137
2026-09-11 11:45:52,520 DEBUG 层 9：检查 4548 格，内部 1149，边界 2272
2026-09-11 11:45:52,585 DEBUG 求解结束：sampled；可行点 7874，叶格 4523，边界格边长 0.035156 m
2026-09-11 11:45:52,587 INFO error_001_0.5 | 面积 263.2933 [261.8966, 264.6899] m² | 定位误差 2.5714 m | sampled
2026-09-11 11:45:52,592 DEBUG 层 0：检查 40000 格，内部 0，边界 9
2026-09-11 11:45:52,592 DEBUG 层 1：检查 36 格，内部 6，边界 19
2026-09-11 11:45:52,592 DEBUG 层 2：检查 76 格，内部 15，边界 34
2026-09-11 11:45:52,592 DEBUG 层 3：检查 136 格，内部 27，边界 72
2026-09-11 11:45:52,592 DEBUG 层 4：检查 288 格，内部 74，边界 143
2026-09-11 11:45:52,592 DEBUG 层 5：检查 572 格，内部 129，边界 285
2026-09-11 11:45:52,593 DEBUG 层 6：检查 1140 格，内部 295，边界 569
2026-09-11 11:45:52,593 DEBUG 层 7：检查 2276 格，内部 569，边界 1138
2026-09-11 11:45:52,594 DEBUG 层 8：检查 4552 格，内部 1148，边界 2273
2026-09-11 11:45:52,595 DEBUG 层 9：检查 9092 格，内部 2255，边界 4545
2026-09-11 11:45:52,730 DEBUG 求解结束：sampled；可行点 15822，叶格 9063，边界格边长 0.035156 m
2026-09-11 11:45:52,732 INFO error_001_1.0 | 面积 1109.5065 [1106.7072, 1112.3058] m² | 定位误差 2.6120 m | sampled
2026-09-11 11:45:52,736 DEBUG 层 0：检查 40000 格，内部 3，边界 14
2026-09-11 11:45:52,736 DEBUG 层 1：检查 56 格，内部 7，边界 27
2026-09-11 11:45:52,736 DEBUG 层 2：检查 108 格，内部 23，边界 53
2026-09-11 11:45:52,736 DEBUG 层 3：检查 212 格，内部 52，边界 106
2026-09-11 11:45:52,737 DEBUG 层 4：检查 424 格，内部 94，边界 213
2026-09-11 11:45:52,737 DEBUG 层 5：检查 852 格，内部 195，边界 427
2026-09-11 11:45:52,737 DEBUG 层 6：检查 1708 格，内部 427，边界 852
2026-09-11 11:45:52,737 DEBUG 层 7：检查 3408 格，内部 843，边界 1704
2026-09-11 11:45:52,738 DEBUG 层 8：检查 6816 格，内部 1713，边界 3410
2026-09-11 11:45:52,740 DEBUG 层 9：检查 13640 格，内部 3410，边界 6822
2026-09-11 11:45:52,948 DEBUG 求解结束：sampled；可行点 23728，叶格 13589，边界格边长 0.035156 m
2026-09-11 11:45:52,950 INFO error_001_1.5 | 面积 2520.1901 [2515.9819, 2524.3984] m² | 定位误差 2.7402 m | sampled
2026-09-11 11:45:52,954 DEBUG 层 0：检查 40000 格，内部 5，边界 18
2026-09-11 11:45:52,955 DEBUG 层 1：检查 72 格，内部 18，边界 36
2026-09-11 11:45:52,955 DEBUG 层 2：检查 144 格，内部 36，边界 72
2026-09-11 11:45:52,955 DEBUG 层 3：检查 288 格，内部 62，边界 141
2026-09-11 11:45:52,955 DEBUG 层 4：检查 564 格，内部 152，边界 283
2026-09-11 11:45:52,956 DEBUG 层 5：检查 1132 格，内部 280，边界 569
2026-09-11 11:45:52,956 DEBUG 层 6：检查 2276 格，内部 563，边界 1138
2026-09-11 11:45:52,956 DEBUG 层 7：检查 4552 格，内部 1140，边界 2274
2026-09-11 11:45:52,957 DEBUG 层 8：检查 9096 格，内部 2260，边界 4549
2026-09-11 11:45:52,959 DEBUG 层 9：检查 18196 格，内部 4544，边界 9102
2026-09-11 11:45:53,237 DEBUG 求解结束：sampled；可行点 31737，叶格 18162，边界格边长 0.035156 m
2026-09-11 11:45:53,238 INFO error_001_2.0 | 面积 4496.9210 [4491.3082, 4502.5339] m² | 定位误差 2.9455 m | sampled
2026-09-11 11:45:53,244 DEBUG 层 0：检查 40000 格，内部 0，边界 3
2026-09-11 11:45:53,245 DEBUG 层 1：检查 12 格，内部 0，边界 3
2026-09-11 11:45:53,245 DEBUG 层 2：检查 12 格，内部 0，边界 6
2026-09-11 11:45:53,245 DEBUG 层 3：检查 24 格，内部 0，边界 12
2026-09-11 11:45:53,245 DEBUG 层 4：检查 48 格，内部 8，边界 24
2026-09-11 11:45:53,245 DEBUG 层 5：检查 96 格，内部 21，边界 47
2026-09-11 11:45:53,246 DEBUG 层 6：检查 188 格，内部 42，边界 95
2026-09-11 11:45:53,246 DEBUG 层 7：检查 380 格，内部 88，边界 192
2026-09-11 11:45:53,247 DEBUG 层 8：检查 768 格，内部 190，边界 386
2026-09-11 11:45:53,247 DEBUG 层 9：检查 1544 格，内部 381，边界 771
2026-09-11 11:45:53,268 DEBUG 求解结束：sampled；可行点 2575，叶格 1501，边界格边长 0.035156 m
2026-09-11 11:45:53,269 INFO error_002_0.2 | 面积 24.1742 [23.6990, 24.6494] m² | 定位误差 3.0715 m | sampled
2026-09-11 11:45:53,273 DEBUG 层 0：检查 40000 格，内部 0，边界 6
2026-09-11 11:45:53,274 DEBUG 层 1：检查 24 格，内部 1，边界 10
2026-09-11 11:45:53,274 DEBUG 层 2：检查 40 格，内部 1，边界 19
2026-09-11 11:45:53,274 DEBUG 层 3：检查 76 格，内部 14，边界 36
2026-09-11 11:45:53,274 DEBUG 层 4：检查 144 格，内部 28，边界 72
2026-09-11 11:45:53,274 DEBUG 层 5：检查 288 格，内部 72，边界 144
2026-09-11 11:45:53,274 DEBUG 层 6：检查 576 格，内部 134，边界 288
2026-09-11 11:45:53,275 DEBUG 层 7：检查 1152 格，内部 288，边界 575
2026-09-11 11:45:53,275 DEBUG 层 8：检查 2300 格，内部 576，边界 1151
2026-09-11 11:45:53,276 DEBUG 层 9：检查 4604 格，内部 1132，边界 2303
2026-09-11 11:45:53,344 DEBUG 求解结束：sampled；可行点 7910，叶格 4549，边界格边长 0.035156 m
2026-09-11 11:45:53,345 INFO error_002_0.5 | 面积 253.7042 [252.2849, 255.1236] m² | 定位误差 3.3781 m | sampled
2026-09-11 11:45:53,349 DEBUG 层 0：检查 40000 格，内部 0，边界 8
2026-09-11 11:45:53,350 DEBUG 层 1：检查 32 格，内部 6，边界 18
2026-09-11 11:45:53,350 DEBUG 层 2：检查 72 格，内部 14，边界 36
2026-09-11 11:45:53,350 DEBUG 层 3：检查 144 格，内部 27，边界 73
2026-09-11 11:45:53,350 DEBUG 层 4：检查 292 格，内部 78，边界 145
2026-09-11 11:45:53,350 DEBUG 层 5：检查 580 格，内部 149，边界 288
2026-09-11 11:45:53,351 DEBUG 层 6：检查 1152 格，内部 286，边界 579
2026-09-11 11:45:53,351 DEBUG 层 7：检查 2316 格，内部 587，边界 1158
2026-09-11 11:45:53,351 DEBUG 层 8：检查 4632 格，内部 1161，边界 2314
2026-09-11 11:45:53,352 DEBUG 层 9：检查 9256 格，内部 2319，边界 4632
2026-09-11 11:45:53,495 DEBUG 求解结束：sampled；可行点 16159，叶格 9259，边界格边长 0.035156 m
2026-09-11 11:45:53,496 INFO error_002_1.0 | 面积 1100.5807 [1097.7211, 1103.4402] m² | 定位误差 3.5925 m | sampled
2026-09-11 11:45:53,500 DEBUG 层 0：检查 40000 格，内部 3，边界 14
2026-09-11 11:45:53,500 DEBUG 层 1：检查 56 格，内部 6，边界 28
2026-09-11 11:45:53,501 DEBUG 层 2：检查 112 格，内部 27，边界 55
2026-09-11 11:45:53,501 DEBUG 层 3：检查 220 格，内部 48，边界 109
2026-09-11 11:45:53,501 DEBUG 层 4：检查 436 格，内部 100，边界 218
2026-09-11 11:45:53,501 DEBUG 层 5：检查 872 格，内部 209，边界 433
2026-09-11 11:45:53,501 DEBUG 层 6：检查 1732 格，内部 423，边界 869
2026-09-11 11:45:53,502 DEBUG 层 7：检查 3476 格，内部 869，边界 1736
2026-09-11 11:45:53,503 DEBUG 层 8：检查 6944 格，内部 1705，边界 3475
2026-09-11 11:45:53,504 DEBUG 层 9：检查 13900 格，内部 3478，边界 6948
2026-09-11 11:45:53,720 DEBUG 求解结束：sampled；可行点 24134，叶格 13816，边界格边长 0.035156 m
2026-09-11 11:45:53,722 INFO error_002_1.5 | 面积 2512.3514 [2508.0766, 2516.6261] m² | 定位误差 3.7893 m | sampled
2026-09-11 11:45:53,726 DEBUG 层 0：检查 40000 格，内部 6，边界 19
2026-09-11 11:45:53,727 DEBUG 层 1：检查 76 格，内部 13，边界 36
2026-09-11 11:45:53,727 DEBUG 层 2：检查 144 格，内部 38，边界 73
2026-09-11 11:45:53,727 DEBUG 层 3：检查 292 格，内部 71，边界 145
2026-09-11 11:45:53,727 DEBUG 层 4：检查 580 格，内部 140，边界 290
2026-09-11 11:45:53,727 DEBUG 层 5：检查 1160 格，内部 287，边界 580
2026-09-11 11:45:53,728 DEBUG 层 6：检查 2320 格，内部 575，边界 1158
2026-09-11 11:45:53,728 DEBUG 层 7：检查 4632 格，内部 1152，边界 2317
2026-09-11 11:45:53,729 DEBUG 层 8：检查 9268 格，内部 2303，边界 4634
2026-09-11 11:45:53,731 DEBUG 层 9：检查 18536 格，内部 4629，边界 9269
2026-09-11 11:45:54,007 DEBUG 求解结束：sampled；可行点 32283，叶格 18483，边界格边长 0.035156 m
2026-09-11 11:45:54,009 INFO error_002_2.0 | 面积 4490.7241 [4485.0051, 4496.4430] m² | 定位误差 4.0541 m | sampled
2026-09-11 11:45:54,015 DEBUG 层 0：检查 40000 格，内部 0，边界 3
2026-09-11 11:45:54,015 DEBUG 层 1：检查 12 格，内部 0，边界 4
2026-09-11 11:45:54,015 DEBUG 层 2：检查 16 格，内部 0，边界 7
2026-09-11 11:45:54,015 DEBUG 层 3：检查 28 格，内部 3，边界 15
2026-09-11 11:45:54,015 DEBUG 层 4：检查 60 格，内部 6，边界 31
2026-09-11 11:45:54,016 DEBUG 层 5：检查 124 格，内部 26，边界 61
2026-09-11 11:45:54,016 DEBUG 层 6：检查 244 格，内部 56，边界 123
2026-09-11 11:45:54,016 DEBUG 层 7：检查 492 格，内部 120，边界 246
2026-09-11 11:45:54,017 DEBUG 层 8：检查 984 格，内部 244，边界 490
2026-09-11 11:45:54,017 DEBUG 层 9：检查 1960 格，内部 495，边界 978
2026-09-11 11:45:54,045 DEBUG 求解结束：sampled；可行点 3333，叶格 1928，边界格边长 0.035156 m
2026-09-11 11:45:54,047 INFO error_003_0.2 | 面积 40.8184 [40.2179, 41.4189] m² | 定位误差 0.3902 m | sampled
2026-09-11 11:45:54,050 DEBUG 层 0：检查 40000 格，内部 0，边界 6
2026-09-11 11:45:54,051 DEBUG 层 1：检查 24 格，内部 1，边界 9
2026-09-11 11:45:54,051 DEBUG 层 2：检查 36 格，内部 1，边界 19
2026-09-11 11:45:54,051 DEBUG 层 3：检查 76 格，内部 16，边界 38
2026-09-11 11:45:54,051 DEBUG 层 4：检查 152 格，内部 37，边界 77
2026-09-11 11:45:54,051 DEBUG 层 5：检查 308 格，内部 72，边界 154
2026-09-11 11:45:54,051 DEBUG 层 6：检查 616 格，内部 153，边界 308
2026-09-11 11:45:54,052 DEBUG 层 7：检查 1232 格，内部 312，边界 615
2026-09-11 11:45:54,052 DEBUG 层 8：检查 2460 格，内部 615，边界 1231
2026-09-11 11:45:54,053 DEBUG 层 9：检查 4924 格，内部 1231，边界 2458
2026-09-11 11:45:54,126 DEBUG 求解结束：sampled；可行点 8522，叶格 4896，边界格边长 0.035156 m
2026-09-11 11:45:54,128 INFO error_003_0.5 | 面积 277.7043 [276.1905, 279.2180] m² | 定位误差 0.3957 m | sampled
2026-09-11 11:45:54,133 DEBUG 层 0：检查 40000 格，内部 0，边界 10
2026-09-11 11:45:54,133 DEBUG 层 1：检查 40 格，内部 6，边界 20
2026-09-11 11:45:54,133 DEBUG 层 2：检查 80 格，内部 15，边界 37
2026-09-11 11:45:54,133 DEBUG 层 3：检查 148 格，内部 28，边界 77
2026-09-11 11:45:54,133 DEBUG 层 4：检查 308 格，内部 73，边界 153
2026-09-11 11:45:54,133 DEBUG 层 5：检查 612 格，内部 150，边界 308
2026-09-11 11:45:54,134 DEBUG 层 6：检查 1232 格，内部 302，边界 615
2026-09-11 11:45:54,134 DEBUG 层 7：检查 2460 格，内部 612，边界 1229
2026-09-11 11:45:54,134 DEBUG 层 8：检查 4916 格，内部 1218，边界 2460
2026-09-11 11:45:54,135 DEBUG 层 9：检查 9840 格，内部 2469，边界 4918
2026-09-11 11:45:54,271 DEBUG 求解结束：sampled；可行点 17083，叶格 9791，边界格边长 0.035156 m
2026-09-11 11:45:54,272 INFO error_003_1.0 | 面积 1122.4436 [1119.4166, 1125.4706] m² | 定位误差 0.2871 m | sampled
2026-09-11 11:45:54,276 DEBUG 层 0：检查 40000 格，内部 3，边界 15
2026-09-11 11:45:54,277 DEBUG 层 1：检查 60 格，内部 7，边界 29
2026-09-11 11:45:54,277 DEBUG 层 2：检查 116 格，内部 20，边界 58
2026-09-11 11:45:54,277 DEBUG 层 3：检查 232 格，内部 62，边界 114
2026-09-11 11:45:54,277 DEBUG 层 4：检查 456 格，内部 100，边界 230
2026-09-11 11:45:54,277 DEBUG 层 5：检查 920 格，内部 222，边界 461
2026-09-11 11:45:54,277 DEBUG 层 6：检查 1844 格，内部 437，边界 922
2026-09-11 11:45:54,278 DEBUG 层 7：检查 3688 格，内部 948，边界 1845
2026-09-11 11:45:54,279 DEBUG 层 8：检查 7380 格，内部 1795，边界 3691
2026-09-11 11:45:54,280 DEBUG 层 9：检查 14764 格，内部 3695，边界 7380
2026-09-11 11:45:54,449 DEBUG 求解结束：sampled；可行点 25606，叶格 14669，边界格边长 0.035156 m
2026-09-11 11:45:54,452 INFO error_003_1.5 | 面积 2530.4897 [2525.9493, 2535.0302] m² | 定位误差 0.1776 m | sampled
2026-09-11 11:45:54,456 DEBUG 层 0：检查 40000 格，内部 7，边界 20
2026-09-11 11:45:54,456 DEBUG 层 1：检查 80 格，内部 10，边界 38
2026-09-11 11:45:54,456 DEBUG 层 2：检查 152 格，内部 31，边界 76
2026-09-11 11:45:54,456 DEBUG 层 3：检查 304 格，内部 75，边界 154
2026-09-11 11:45:54,457 DEBUG 层 4：检查 616 格，内部 180，边界 308
2026-09-11 11:45:54,457 DEBUG 层 5：检查 1232 格，内部 281，边界 616
2026-09-11 11:45:54,457 DEBUG 层 6：检查 2464 格，内部 600，边界 1230
2026-09-11 11:45:54,458 DEBUG 层 7：检查 4920 格，内部 1193，边界 2462
2026-09-11 11:45:54,458 DEBUG 层 8：检查 9848 格，内部 2452，边界 4924
2026-09-11 11:45:54,460 DEBUG 层 9：检查 19696 格，内部 4928，边界 9848
2026-09-11 11:45:54,715 DEBUG 求解结束：sampled；可行点 34240，叶格 19605，边界格边长 0.035156 m
2026-09-11 11:45:54,716 INFO error_003_2.0 | 面积 4503.5481 [4497.4754, 4509.6209] m² | 定位误差 0.3585 m | sampled
2026-09-11 11:45:54,724 DEBUG 层 0：检查 40000 格，内部 0，边界 3
2026-09-11 11:45:54,724 DEBUG 层 1：检查 12 格，内部 0，边界 3
2026-09-11 11:45:54,724 DEBUG 层 2：检查 12 格，内部 0，边界 4
2026-09-11 11:45:54,724 DEBUG 层 3：检查 16 格，内部 0，边界 7
2026-09-11 11:45:54,725 DEBUG 层 4：检查 28 格，内部 1，边界 14
2026-09-11 11:45:54,725 DEBUG 层 5：检查 56 格，内部 3，边界 27
2026-09-11 11:45:54,725 DEBUG 层 6：检查 108 格，内部 20，边界 55
2026-09-11 11:45:54,725 DEBUG 层 7：检查 220 格，内部 40，边界 110
2026-09-11 11:45:54,725 DEBUG 层 8：检查 440 格，内部 106，边界 221
2026-09-11 11:45:54,725 DEBUG 层 9：检查 884 格，内部 223，边界 441
2026-09-11 11:45:54,736 DEBUG 求解结束：sampled；可行点 1406，叶格 834，边界格边长 0.035156 m
2026-09-11 11:45:54,737 INFO error_004_0.2 | 面积 5.9182 [5.6462, 6.1903] m² | 定位误差 0.6585 m | sampled
2026-09-11 11:45:54,741 DEBUG 层 0：检查 40000 格，内部 0，边界 4
2026-09-11 11:45:54,741 DEBUG 层 1：检查 16 格，内部 0，边界 9
2026-09-11 11:45:54,741 DEBUG 层 2：检查 36 格，内部 4，边界 17
2026-09-11 11:45:54,741 DEBUG 层 3：检查 68 格，内部 8，边界 35
2026-09-11 11:45:54,742 DEBUG 层 4：检查 140 格，内部 36，边界 70
2026-09-11 11:45:54,742 DEBUG 层 5：检查 280 格，内部 60，边界 138
2026-09-11 11:45:54,742 DEBUG 层 6：检查 552 格，内部 127，边界 275
2026-09-11 11:45:54,742 DEBUG 层 7：检查 1100 格，内部 265，边界 550
2026-09-11 11:45:54,742 DEBUG 层 8：检查 2200 格，内部 540，边界 1099
2026-09-11 11:45:54,743 DEBUG 层 9：检查 4396 格，内部 1098，边界 2196
2026-09-11 11:45:54,803 DEBUG 求解结束：sampled；可行点 7531，叶格 4334，边界格边长 0.035156 m
2026-09-11 11:45:54,804 INFO error_004_0.5 | 面积 208.0490 [206.6983, 209.3998] m² | 定位误差 1.1030 m | sampled
2026-09-11 11:45:54,808 DEBUG 层 0：检查 40000 格，内部 0，边界 9
2026-09-11 11:45:54,809 DEBUG 层 1：检查 36 格，内部 5，边界 18
2026-09-11 11:45:54,809 DEBUG 层 2：检查 72 格，内部 16，边界 34
2026-09-11 11:45:54,809 DEBUG 层 3：检查 136 格，内部 30，边界 70
2026-09-11 11:45:54,809 DEBUG 层 4：检查 280 格，内部 60，边界 142
2026-09-11 11:45:54,809 DEBUG 层 5：检查 568 格，内部 124，边界 283
2026-09-11 11:45:54,810 DEBUG 层 6：检查 1132 格，内部 281，边界 565
2026-09-11 11:45:54,810 DEBUG 层 7：检查 2260 格，内部 561，边界 1131
2026-09-11 11:45:54,811 DEBUG 层 8：检查 4524 格，内部 1094，边界 2264
2026-09-11 11:45:54,811 DEBUG 层 9：检查 9056 格，内部 2218，边界 4529
2026-09-11 11:45:54,926 DEBUG 求解结束：sampled；可行点 15522，叶格 8918，边界格边长 0.035156 m
2026-09-11 11:45:54,927 INFO error_004_1.0 | 面积 1043.0622 [1040.2733, 1045.8512] m² | 定位误差 0.8097 m | sampled
2026-09-11 11:45:54,931 DEBUG 层 0：检查 40000 格，内部 3，边界 13
2026-09-11 11:45:54,931 DEBUG 层 1：检查 52 格，内部 7，边界 27
2026-09-11 11:45:54,932 DEBUG 层 2：检查 108 格，内部 19，边界 53
2026-09-11 11:45:54,932 DEBUG 层 3：检查 212 格，内部 51，边界 107
2026-09-11 11:45:54,932 DEBUG 层 4：检查 428 格，内部 105，边界 212
2026-09-11 11:45:54,932 DEBUG 层 5：检查 848 格，内部 208，边界 424
2026-09-11 11:45:54,932 DEBUG 层 6：检查 1696 格，内部 424，边界 850
2026-09-11 11:45:54,932 DEBUG 层 7：检查 3400 格，内部 842，边界 1701
2026-09-11 11:45:54,933 DEBUG 层 8：检查 6804 格，内部 1699，边界 3399
2026-09-11 11:45:54,934 DEBUG 层 9：检查 13596 格，内部 3374，边界 6795
2026-09-11 11:45:55,100 DEBUG 求解结束：sampled；可行点 23616，叶格 13527，边界格边长 0.035156 m
2026-09-11 11:45:55,101 INFO error_004_1.5 | 面积 2451.7471 [2447.5519, 2455.9422] m² | 定位误差 0.9047 m | sampled
2026-09-11 11:45:55,105 DEBUG 层 0：检查 40000 格，内部 6，边界 19
2026-09-11 11:45:55,105 DEBUG 层 1：检查 76 格，内部 16，边界 34
2026-09-11 11:45:55,105 DEBUG 层 2：检查 136 格，内部 22，边界 70
2026-09-11 11:45:55,105 DEBUG 层 3：检查 280 格，内部 79，边界 142
2026-09-11 11:45:55,106 DEBUG 层 4：检查 568 格，内部 124，边界 285
2026-09-11 11:45:55,106 DEBUG 层 5：检查 1140 格，内部 276，边界 567
2026-09-11 11:45:55,106 DEBUG 层 6：检查 2268 格，内部 577，边界 1133
2026-09-11 11:45:55,107 DEBUG 层 7：检查 4532 格，内部 1140，边界 2268
2026-09-11 11:45:55,107 DEBUG 层 8：检查 9072 格，内部 2255，边界 4534
2026-09-11 11:45:55,109 DEBUG 层 9：检查 18136 格，内部 4535，边界 9065
2026-09-11 11:45:55,347 DEBUG 求解结束：sampled；可行点 31623，叶格 18095，边界格边长 0.035156 m
2026-09-11 11:45:55,348 INFO error_004_2.0 | 面积 4425.7853 [4420.2015, 4431.3690] m² | 定位误差 1.1680 m | sampled
2026-09-11 11:45:55,352 DEBUG 层 0：检查 40000 格，内部 0，边界 2
2026-09-11 11:45:55,353 DEBUG 层 1：检查 8 格，内部 0，边界 3
2026-09-11 11:45:55,353 DEBUG 层 2：检查 12 格，内部 0，边界 4
2026-09-11 11:45:55,353 DEBUG 层 3：检查 16 格，内部 0，边界 4
2026-09-11 11:45:55,353 DEBUG 层 4：检查 16 格，内部 0，边界 8
2026-09-11 11:45:55,353 DEBUG 层 5：检查 32 格，内部 3，边界 21
2026-09-11 11:45:55,353 DEBUG 层 6：检查 84 格，内部 16，边界 40
2026-09-11 11:45:55,353 DEBUG 层 7：检查 160 格，内部 28，边界 83
2026-09-11 11:45:55,353 DEBUG 层 8：检查 332 格，内部 73，边界 165
2026-09-11 11:45:55,354 DEBUG 层 9：检查 660 格，内部 156，边界 326
2026-09-11 11:45:55,360 DEBUG 求解结束：sampled；可行点 1006，叶格 602，边界格边长 0.035156 m
2026-09-11 11:45:55,361 INFO error_005_0.2 | 面积 3.7110 [3.5120, 3.9100] m² | 定位误差 0.4635 m | sampled
2026-09-11 11:45:55,365 DEBUG 层 0：检查 40000 格，内部 0，边界 3
2026-09-11 11:45:55,365 DEBUG 层 1：检查 12 格，内部 0，边界 6
2026-09-11 11:45:55,365 DEBUG 层 2：检查 24 格，内部 3，边界 15
2026-09-11 11:45:55,365 DEBUG 层 3：检查 60 格，内部 15，边界 31
2026-09-11 11:45:55,365 DEBUG 层 4：检查 124 格，内部 16，边界 61
2026-09-11 11:45:55,366 DEBUG 层 5：检查 244 格，内部 64，边界 126
2026-09-11 11:45:55,366 DEBUG 层 6：检查 504 格，内部 122，边界 253
2026-09-11 11:45:55,366 DEBUG 层 7：检查 1012 格，内部 244，边界 504
2026-09-11 11:45:55,366 DEBUG 层 8：检查 2016 格，内部 508，边界 1008
2026-09-11 11:45:55,367 DEBUG 层 9：检查 4032 格，内部 1000，边界 2018
2026-09-11 11:45:55,413 DEBUG 求解结束：sampled；可行点 6940，叶格 3990，边界格边长 0.035156 m
2026-09-11 11:45:55,414 INFO error_005_0.5 | 面积 197.8903 [196.6468, 199.1339] m² | 定位误差 1.4573 m | sampled
2026-09-11 11:45:55,418 DEBUG 层 0：检查 40000 格，内部 0，边界 8
2026-09-11 11:45:55,418 DEBUG 层 1：检查 32 格，内部 5，边界 16
2026-09-11 11:45:55,418 DEBUG 层 2：检查 64 格，内部 16，边界 32
2026-09-11 11:45:55,419 DEBUG 层 3：检查 128 格，内部 27，边界 66
2026-09-11 11:45:55,419 DEBUG 层 4：检查 264 格，内部 63，边界 133
2026-09-11 11:45:55,419 DEBUG 层 5：检查 532 格，内部 124，边界 264
2026-09-11 11:45:55,419 DEBUG 层 6：检查 1056 格，内部 274，边界 525
2026-09-11 11:45:55,419 DEBUG 层 7：检查 2100 格，内部 505，边界 1051
2026-09-11 11:45:55,420 DEBUG 层 8：检查 4204 格，内部 1048，边界 2104
2026-09-11 11:45:55,420 DEBUG 层 9：检查 8416 格，内部 2107，边界 4208
2026-09-11 11:45:55,548 DEBUG 求解结束：sampled；可行点 14610，叶格 8377，边界格边长 0.035156 m
2026-09-11 11:45:55,549 INFO error_005_1.0 | 面积 1029.2430 [1026.6530, 1031.8329] m² | 定位误差 1.2735 m | sampled
2026-09-11 11:45:55,553 DEBUG 层 0：检查 40000 格，内部 2，边界 12
2026-09-11 11:45:55,554 DEBUG 层 1：检查 48 格，内部 8，边界 24
2026-09-11 11:45:55,554 DEBUG 层 2：检查 96 格，内部 33，边界 48
2026-09-11 11:45:55,554 DEBUG 层 3：检查 192 格，内部 47，边界 98
2026-09-11 11:45:55,554 DEBUG 层 4：检查 392 格，内部 84，边界 197
2026-09-11 11:45:55,554 DEBUG 层 5：检查 788 格，内部 197，边界 395
2026-09-11 11:45:55,555 DEBUG 层 6：检查 1580 格，内部 399，边界 790
2026-09-11 11:45:55,555 DEBUG 层 7：检查 3160 格，内部 803，边界 1580
2026-09-11 11:45:55,556 DEBUG 层 8：检查 6320 格，内部 1578，边界 3160
2026-09-11 11:45:55,557 DEBUG 层 9：检查 12640 格，内部 3161，边界 6316
2026-09-11 11:45:55,715 DEBUG 求解结束：sampled；可行点 22049，叶格 12628，边界格边长 0.035156 m
2026-09-11 11:45:55,716 INFO error_005_1.5 | 面积 2437.7255 [2433.8324, 2441.6187] m² | 定位误差 1.2455 m | sampled
2026-09-11 11:45:55,721 DEBUG 层 0：检查 40000 格，内部 7，边界 16
2026-09-11 11:45:55,721 DEBUG 层 1：检查 64 格，内部 10，边界 32
2026-09-11 11:45:55,721 DEBUG 层 2：检查 128 格，内部 37，边界 66
2026-09-11 11:45:55,721 DEBUG 层 3：检查 264 格，内部 51，边界 133
2026-09-11 11:45:55,721 DEBUG 层 4：检查 532 格，内部 126，边界 262
2026-09-11 11:45:55,722 DEBUG 层 5：检查 1048 格，内部 253，边界 526
2026-09-11 11:45:55,722 DEBUG 层 6：检查 2104 格，内部 508，边界 1053
2026-09-11 11:45:55,722 DEBUG 层 7：检查 4212 格，内部 1025，边界 2108
2026-09-11 11:45:55,723 DEBUG 层 8：检查 8432 格，内部 2120，边界 4214
2026-09-11 11:45:55,725 DEBUG 层 9：检查 16856 格，内部 4219，边界 8426
2026-09-11 11:45:55,946 DEBUG 求解结束：sampled；可行点 29306，叶格 16782，边界格边长 0.035156 m
2026-09-11 11:45:55,948 INFO error_005_2.0 | 面积 4411.4697 [4406.2741, 4416.6654] m² | 定位误差 1.3878 m | sampled
2026-09-11 11:45:55,952 DEBUG 层 0：检查 40000 格，内部 0，边界 3
2026-09-11 11:45:55,953 DEBUG 层 1：检查 12 格，内部 0，边界 4
2026-09-11 11:45:55,953 DEBUG 层 2：检查 16 格，内部 0，边界 6
2026-09-11 11:45:55,953 DEBUG 层 3：检查 24 格，内部 1，边界 15
2026-09-11 11:45:55,953 DEBUG 层 4：检查 60 格，内部 10，边界 29
2026-09-11 11:45:55,953 DEBUG 层 5：检查 116 格，内部 26，边界 58
2026-09-11 11:45:55,953 DEBUG 层 6：检查 232 格，内部 47，边界 117
2026-09-11 11:45:55,953 DEBUG 层 7：检查 468 格，内部 110，边界 235
2026-09-11 11:45:55,953 DEBUG 层 8：检查 940 格，内部 226，边界 469
2026-09-11 11:45:55,954 DEBUG 层 9：检查 1876 格，内部 472，边界 937
2026-09-11 11:45:55,974 DEBUG 求解结束：sampled；可行点 3149，叶格 1829，边界格边长 0.035156 m
2026-09-11 11:45:55,975 INFO error_006_0.2 | 面积 34.6758 [34.1002, 35.2515] m² | 定位误差 2.4208 m | sampled
2026-09-11 11:45:55,979 DEBUG 层 0：检查 40000 格，内部 0，边界 5
2026-09-11 11:45:55,980 DEBUG 层 1：检查 20 格，内部 0，边界 11
2026-09-11 11:45:55,980 DEBUG 层 2：检查 44 格，内部 4，边界 19
2026-09-11 11:45:55,980 DEBUG 层 3：检查 76 格，内部 21，边界 38
2026-09-11 11:45:55,980 DEBUG 层 4：检查 152 格，内部 30，边界 77
2026-09-11 11:45:55,980 DEBUG 层 5：检查 308 格，内部 68，边界 155
2026-09-11 11:45:55,980 DEBUG 层 6：检查 620 格，内部 133，边界 311
2026-09-11 11:45:55,980 DEBUG 层 7：检查 1244 格，内部 315，边界 619
2026-09-11 11:45:55,981 DEBUG 层 8：检查 2476 格，内部 628，边界 1241
2026-09-11 11:45:55,981 DEBUG 层 9：检查 4964 格，内部 1218，边界 2479
2026-09-11 11:45:56,044 DEBUG 求解结束：sampled；可行点 8509，叶格 4896，边界格边长 0.035156 m
2026-09-11 11:45:56,045 INFO error_006_0.5 | 面积 271.1793 [269.6585, 272.7002] m² | 定位误差 2.6199 m | sampled
2026-09-11 11:45:56,049 DEBUG 层 0：检查 40000 格，内部 0，边界 11
2026-09-11 11:45:56,050 DEBUG 层 1：检查 44 格，内部 5，边界 20
2026-09-11 11:45:56,050 DEBUG 层 2：检查 80 格，内部 18，边界 39
2026-09-11 11:45:56,050 DEBUG 层 3：检查 156 格，内部 32，边界 77
2026-09-11 11:45:56,050 DEBUG 层 4：检查 308 格，内部 68，边界 156
2026-09-11 11:45:56,050 DEBUG 层 5：检查 624 格，内部 152，边界 310
2026-09-11 11:45:56,050 DEBUG 层 6：检查 1240 格，内部 318，边界 621
2026-09-11 11:45:56,051 DEBUG 层 7：检查 2484 格，内部 624，边界 1239
2026-09-11 11:45:56,051 DEBUG 层 8：检查 4956 格，内部 1244，边界 2479
2026-09-11 11:45:56,052 DEBUG 层 9：检查 9916 格，内部 2489，边界 4959
2026-09-11 11:45:56,199 DEBUG 求解结束：sampled；可行点 17277，叶格 9909，边界格边长 0.035156 m
2026-09-11 11:45:56,201 INFO error_006_1.0 | 面积 1118.4405 [1115.3864, 1121.4945] m² | 定位误差 2.7719 m | sampled
2026-09-11 11:45:56,205 DEBUG 层 0：检查 40000 格，内部 3，边界 13
2026-09-11 11:45:56,205 DEBUG 层 1：检查 52 格，内部 6，边界 30
2026-09-11 11:45:56,205 DEBUG 层 2：检查 120 格，内部 25，边界 59
2026-09-11 11:45:56,205 DEBUG 层 3：检查 236 格，内部 55，边界 118
2026-09-11 11:45:56,206 DEBUG 层 4：检查 472 格，内部 112，边界 234
2026-09-11 11:45:56,206 DEBUG 层 5：检查 936 格，内部 222，边界 466
2026-09-11 11:45:56,206 DEBUG 层 6：检查 1864 格，内部 447，边界 931
2026-09-11 11:45:56,207 DEBUG 层 7：检查 3724 格，内部 903，边界 1861
2026-09-11 11:45:56,207 DEBUG 层 8：检查 7444 格，内部 1815，边界 3720
2026-09-11 11:45:56,209 DEBUG 层 9：检查 14880 格，内部 3784，边界 7442
2026-09-11 11:45:56,415 DEBUG 求解结束：sampled；可行点 25869，叶格 14814，边界格边长 0.035156 m
2026-09-11 11:45:56,417 INFO error_006_1.5 | 面积 2530.6187 [2526.0398, 2535.1977] m² | 定位误差 3.0005 m | sampled
2026-09-11 11:45:56,421 DEBUG 层 0：检查 40000 格，内部 5，边界 20
2026-09-11 11:45:56,421 DEBUG 层 1：检查 80 格，内部 18，边界 39
2026-09-11 11:45:56,421 DEBUG 层 2：检查 156 格，内部 33，边界 78
2026-09-11 11:45:56,422 DEBUG 层 3：检查 312 格，内部 76，边界 156
2026-09-11 11:45:56,422 DEBUG 层 4：检查 624 格，内部 145，边界 310
2026-09-11 11:45:56,422 DEBUG 层 5：检查 1240 格，内部 294，边界 620
2026-09-11 11:45:56,422 DEBUG 层 6：检查 2480 格，内部 598，边界 1242
2026-09-11 11:45:56,423 DEBUG 层 7：检查 4968 格，内部 1229，边界 2482
2026-09-11 11:45:56,424 DEBUG 层 8：检查 9928 格，内部 2464，边界 4964
2026-09-11 11:45:56,426 DEBUG 层 9：检查 19856 格，内部 4944，边界 9929
2026-09-11 11:45:56,684 DEBUG 求解结束：sampled；可行点 34464，叶格 19735，边界格边长 0.035156 m
2026-09-11 11:45:56,687 INFO error_006_2.0 | 面积 4509.6539 [4503.5263, 4515.7815] m² | 定位误差 3.3186 m | sampled
2026-09-11 11:45:56,692 DEBUG 层 0：检查 40000 格，内部 0，边界 1
2026-09-11 11:45:56,692 DEBUG 层 1：检查 4 格，内部 0，边界 2
2026-09-11 11:45:56,692 DEBUG 层 2：检查 8 格，内部 0，边界 3
2026-09-11 11:45:56,692 DEBUG 层 3：检查 12 格，内部 0，边界 6
2026-09-11 11:45:56,692 DEBUG 层 4：检查 24 格，内部 0，边界 11
2026-09-11 11:45:56,693 DEBUG 层 5：检查 44 格，内部 5，边界 23
2026-09-11 11:45:56,693 DEBUG 层 6：检查 92 格，内部 12，边界 46
2026-09-11 11:45:56,693 DEBUG 层 7：检查 184 格，内部 41，边界 93
2026-09-11 11:45:56,693 DEBUG 层 8：检查 372 格，内部 89，边界 185
2026-09-11 11:45:56,693 DEBUG 层 9：检查 740 格，内部 173，边界 371
2026-09-11 11:45:56,702 DEBUG 求解结束：sampled；可行点 1152，叶格 691，边界格边长 0.035156 m
2026-09-11 11:45:56,702 INFO error_007_0.2 | 面积 4.4416 [4.2106, 4.6726] m² | 定位误差 0.2179 m | sampled
2026-09-11 11:45:56,706 DEBUG 层 0：检查 40000 格，内部 0，边界 5
2026-09-11 11:45:56,707 DEBUG 层 1：检查 20 格，内部 0，边界 8
2026-09-11 11:45:56,707 DEBUG 层 2：检查 32 格，内部 3，边界 16
2026-09-11 11:45:56,707 DEBUG 层 3：检查 64 格，内部 12，边界 34
2026-09-11 11:45:56,707 DEBUG 层 4：检查 136 格，内部 31，边界 65
2026-09-11 11:45:56,707 DEBUG 层 5：检查 260 格，内部 62，边界 131
2026-09-11 11:45:56,707 DEBUG 层 6：检查 524 格，内部 120，边界 262
2026-09-11 11:45:56,707 DEBUG 层 7：检查 1048 格，内部 254，边界 527
2026-09-11 11:45:56,708 DEBUG 层 8：检查 2108 格，内部 517，边界 1052
2026-09-11 11:45:56,708 DEBUG 层 9：检查 4208 格，内部 1047，边界 2104
2026-09-11 11:45:56,765 DEBUG 求解结束：sampled；可行点 7208，叶格 4150，边界格边长 0.035156 m
2026-09-11 11:45:56,766 INFO error_007_0.5 | 面积 201.2875 [199.9929, 202.5822] m² | 定位误差 1.0006 m | sampled
2026-09-11 11:45:56,769 DEBUG 层 0：检查 40000 格，内部 0，边界 8
2026-09-11 11:45:56,769 DEBUG 层 1：检查 32 格，内部 7，边界 17
2026-09-11 11:45:56,770 DEBUG 层 2：检查 68 格，内部 6，边界 35
2026-09-11 11:45:56,770 DEBUG 层 3：检查 140 格，内部 34，边界 69
2026-09-11 11:45:56,770 DEBUG 层 4：检查 276 格，内部 66，边界 137
2026-09-11 11:45:56,770 DEBUG 层 5：检查 548 格，内部 140，边界 274
2026-09-11 11:45:56,770 DEBUG 层 6：检查 1096 格，内部 271，边界 547
2026-09-11 11:45:56,770 DEBUG 层 7：检查 2188 格，内部 564，边界 1096
2026-09-11 11:45:56,771 DEBUG 层 8：检查 4384 格，内部 1089，边界 2192
2026-09-11 11:45:56,772 DEBUG 层 9：检查 8768 格，内部 2188，边界 4382
2026-09-11 11:45:56,889 DEBUG 求解结束：sampled；可行点 15263，叶格 8747，边界格边长 0.035156 m
2026-09-11 11:45:56,891 INFO error_007_1.0 | 面积 1034.5041 [1031.8088, 1037.1995] m² | 定位误差 0.9467 m | sampled
2026-09-11 11:45:56,895 DEBUG 层 0：检查 40000 格，内部 3，边界 13
2026-09-11 11:45:56,896 DEBUG 层 1：检查 52 格，内部 8，边界 25
2026-09-11 11:45:56,896 DEBUG 层 2：检查 100 格，内部 14，边界 52
2026-09-11 11:45:56,896 DEBUG 层 3：检查 208 格，内部 57，边界 102
2026-09-11 11:45:56,896 DEBUG 层 4：检查 408 格，内部 95，边界 206
2026-09-11 11:45:56,896 DEBUG 层 5：检查 824 格，内部 196，边界 412
2026-09-11 11:45:56,897 DEBUG 层 6：检查 1648 格，内部 415，边界 820
2026-09-11 11:45:56,897 DEBUG 层 7：检查 3280 格，内部 808，边界 1644
2026-09-11 11:45:56,897 DEBUG 层 8：检查 6576 格，内部 1626，边界 3290
2026-09-11 11:45:56,899 DEBUG 层 9：检查 13160 格，内部 3271，边界 6580
2026-09-11 11:45:57,083 DEBUG 求解结束：sampled；可行点 22820，叶格 13073，边界格边长 0.035156 m
2026-09-11 11:45:57,084 INFO error_007_1.5 | 面积 2443.2997 [2439.2441, 2447.3554] m² | 定位误差 1.0296 m | sampled
2026-09-11 11:45:57,090 DEBUG 层 0：检查 40000 格，内部 7，边界 16
2026-09-11 11:45:57,090 DEBUG 层 1：检查 64 格，内部 11，边界 34
2026-09-11 11:45:57,090 DEBUG 层 2：检查 136 格，内部 28，边界 69
2026-09-11 11:45:57,090 DEBUG 层 3：检查 276 格，内部 68，边界 138
2026-09-11 11:45:57,091 DEBUG 层 4：检查 552 格，内部 133，边界 274
2026-09-11 11:45:57,091 DEBUG 层 5：检查 1096 格，内部 274，边界 550
2026-09-11 11:45:57,091 DEBUG 层 6：检查 2200 格，内部 545，边界 1098
2026-09-11 11:45:57,092 DEBUG 层 7：检查 4392 格，内部 1106，边界 2194
2026-09-11 11:45:57,092 DEBUG 层 8：检查 8776 格，内部 2211，边界 4390
2026-09-11 11:45:57,094 DEBUG 层 9：检查 17560 格，内部 4398，边界 8777
2026-09-11 11:45:57,326 DEBUG 求解结束：sampled；可行点 30688，叶格 17558，边界格边长 0.035156 m
2026-09-11 11:45:57,327 INFO error_007_2.0 | 面积 4417.4203 [4412.0102, 4422.8304] m² | 定位误差 1.2696 m | sampled
2026-09-11 11:45:57,331 DEBUG 层 0：检查 40000 格，内部 0，边界 1
2026-09-11 11:45:57,332 DEBUG 层 1：检查 4 格，内部 0，边界 3
2026-09-11 11:45:57,332 DEBUG 层 2：检查 12 格，内部 0，边界 5
2026-09-11 11:45:57,332 DEBUG 层 3：检查 20 格，内部 0，边界 10
2026-09-11 11:45:57,332 DEBUG 层 4：检查 40 格，内部 3，边界 23
2026-09-11 11:45:57,332 DEBUG 层 5：检查 92 格，内部 13，边界 47
2026-09-11 11:45:57,332 DEBUG 层 6：检查 188 格，内部 44，边界 92
2026-09-11 11:45:57,332 DEBUG 层 7：检查 368 格，内部 83，边界 184
2026-09-11 11:45:57,332 DEBUG 层 8：检查 736 格，内部 169，边界 368
2026-09-11 11:45:57,333 DEBUG 层 9：检查 1472 格，内部 368，边界 738
2026-09-11 11:45:57,348 DEBUG 求解结束：sampled；可行点 2418，叶格 1418，边界格边长 0.035156 m
2026-09-11 11:45:57,349 INFO error_008_0.2 | 面积 15.2104 [14.7580, 15.6627] m² | 定位误差 1.6382 m | sampled
2026-09-11 11:45:57,353 DEBUG 层 0：检查 40000 格，内部 0，边界 5
2026-09-11 11:45:57,353 DEBUG 层 1：检查 20 格，内部 0，边界 9
2026-09-11 11:45:57,353 DEBUG 层 2：检查 36 格，内部 4，边界 19
2026-09-11 11:45:57,353 DEBUG 层 3：检查 76 格，内部 12，边界 39
2026-09-11 11:45:57,353 DEBUG 层 4：检查 156 格，内部 37，边界 74
2026-09-11 11:45:57,353 DEBUG 层 5：检查 296 格，内部 69，边界 151
2026-09-11 11:45:57,354 DEBUG 层 6：检查 604 格，内部 143，边界 300
2026-09-11 11:45:57,354 DEBUG 层 7：检查 1200 格，内部 292，边界 597
2026-09-11 11:45:57,354 DEBUG 层 8：检查 2388 格，内部 587，边界 1195
2026-09-11 11:45:57,355 DEBUG 层 9：检查 4780 格，内部 1198，边界 2390
2026-09-11 11:45:57,409 DEBUG 求解结束：sampled；可行点 8227，叶格 4732，边界格边长 0.035156 m
2026-09-11 11:45:57,409 INFO error_008_0.5 | 面积 234.7977 [233.3252, 236.2702] m² | 定位误差 1.5787 m | sampled
2026-09-11 11:45:57,413 DEBUG 层 0：检查 40000 格，内部 1，边界 9
2026-09-11 11:45:57,414 DEBUG 层 1：检查 36 格，内部 2，边界 19
2026-09-11 11:45:57,414 DEBUG 层 2：检查 76 格，内部 12，边界 37
2026-09-11 11:45:57,414 DEBUG 层 3：检查 148 格，内部 32，边界 75
2026-09-11 11:45:57,414 DEBUG 层 4：检查 300 格，内部 73，边界 153
2026-09-11 11:45:57,414 DEBUG 层 5：检查 612 格，内部 141，边界 304
2026-09-11 11:45:57,414 DEBUG 层 6：检查 1216 格，内部 292，边界 607
2026-09-11 11:45:57,415 DEBUG 层 7：检查 2428 格，内部 590，边界 1213
2026-09-11 11:45:57,415 DEBUG 层 8：检查 4852 格，内部 1223，边界 2428
2026-09-11 11:45:57,416 DEBUG 层 9：检查 9712 格，内部 2411，边界 4855
2026-09-11 11:45:57,532 DEBUG 求解结束：sampled；可行点 16790，叶格 9632，边界格边长 0.035156 m
2026-09-11 11:45:57,533 INFO error_008_1.0 | 面积 1077.7563 [1074.7647, 1080.7480] m² | 定位误差 1.4642 m | sampled
2026-09-11 11:45:57,537 DEBUG 层 0：检查 40000 格，内部 1，边界 15
2026-09-11 11:45:57,537 DEBUG 层 1：检查 60 格，内部 14，边界 28
2026-09-11 11:45:57,537 DEBUG 层 2：检查 112 格，内部 25，边界 56
2026-09-11 11:45:57,537 DEBUG 层 3：检查 224 格，内部 49，边界 113
2026-09-11 11:45:57,537 DEBUG 层 4：检查 452 格，内部 104，边界 228
2026-09-11 11:45:57,538 DEBUG 层 5：检查 912 格，内部 212，边界 454
2026-09-11 11:45:57,538 DEBUG 层 6：检查 1816 格，内部 454，边界 910
2026-09-11 11:45:57,538 DEBUG 层 7：检查 3640 格，内部 910，边界 1821
2026-09-11 11:45:57,539 DEBUG 层 8：检查 7284 格，内部 1808，边界 3643
2026-09-11 11:45:57,540 DEBUG 层 9：检查 14572 格，内部 3677，边界 7284
2026-09-11 11:45:57,739 DEBUG 求解结束：sampled；可行点 25379，叶格 14538，边界格边长 0.035156 m
2026-09-11 11:45:57,740 INFO error_008_1.5 | 面积 2487.3602 [2482.8680, 2491.8525] m² | 定位误差 1.5965 m | sampled
2026-09-11 11:45:57,744 DEBUG 层 0：检查 40000 格，内部 6，边界 18
2026-09-11 11:45:57,745 DEBUG 层 1：检查 72 格，内部 13，边界 38
2026-09-11 11:45:57,745 DEBUG 层 2：检查 152 格，内部 35，边界 75
2026-09-11 11:45:57,745 DEBUG 层 3：检查 300 格，内部 71，边界 153
2026-09-11 11:45:57,745 DEBUG 层 4：检查 612 格，内部 158，边界 303
2026-09-11 11:45:57,745 DEBUG 层 5：检查 1212 格，内部 304，边界 608
2026-09-11 11:45:57,746 DEBUG 层 6：检查 2432 格，内部 600，边界 1215
2026-09-11 11:45:57,746 DEBUG 层 7：检查 4860 格，内部 1203，边界 2429
2026-09-11 11:45:57,747 DEBUG 层 8：检查 9716 格，内部 2438，边界 4859
2026-09-11 11:45:57,749 DEBUG 层 9：检查 19436 格，内部 4845，边界 9717
2026-09-11 11:45:58,001 DEBUG 求解结束：sampled；可行点 33879，叶格 19390，边界格边长 0.035156 m
2026-09-11 11:45:58,002 INFO error_008_2.0 | 面积 4462.6046 [4456.6092, 4468.5999] m² | 定位误差 1.8483 m | sampled
2026-09-11 11:45:58,006 DEBUG 层 0：检查 40000 格，内部 0，边界 3
2026-09-11 11:45:58,006 DEBUG 层 1：检查 12 格，内部 0，边界 4
2026-09-11 11:45:58,006 DEBUG 层 2：检查 16 格，内部 0，边界 7
2026-09-11 11:45:58,006 DEBUG 层 3：检查 28 格，内部 2，边界 15
2026-09-11 11:45:58,007 DEBUG 层 4：检查 60 格，内部 14，边界 31
2026-09-11 11:45:58,007 DEBUG 层 5：检查 124 格，内部 25，边界 61
2026-09-11 11:45:58,007 DEBUG 层 6：检查 244 格，内部 54，边界 121
2026-09-11 11:45:58,007 DEBUG 层 7：检查 484 格，内部 116，边界 243
2026-09-11 11:45:58,007 DEBUG 层 8：检查 972 格，内部 242，边界 488
2026-09-11 11:45:58,007 DEBUG 层 9：检查 1952 格，内部 480，边界 972
2026-09-11 11:45:58,029 DEBUG 求解结束：sampled；可行点 3294，叶格 1905，边界格边长 0.035156 m
2026-09-11 11:45:58,031 INFO error_009_0.2 | 面积 45.2839 [44.6915, 45.8764] m² | 定位误差 0.2765 m | sampled
2026-09-11 11:45:58,035 DEBUG 层 0：检查 40000 格，内部 0，边界 5
2026-09-11 11:45:58,035 DEBUG 层 1：检查 20 格，内部 0，边界 10
2026-09-11 11:45:58,035 DEBUG 层 2：检查 40 格，内部 5，边界 20
2026-09-11 11:45:58,035 DEBUG 层 3：检查 80 格，内部 17，边界 39
2026-09-11 11:45:58,035 DEBUG 层 4：检查 156 格，内部 36，边界 77
2026-09-11 11:45:58,035 DEBUG 层 5：检查 308 格，内部 77，边界 152
2026-09-11 11:45:58,035 DEBUG 层 6：检查 608 格，内部 150，边界 306
2026-09-11 11:45:58,035 DEBUG 层 7：检查 1224 格，内部 295，边界 610
2026-09-11 11:45:58,036 DEBUG 层 8：检查 2440 格，内部 588，边界 1218
2026-09-11 11:45:58,036 DEBUG 层 9：检查 4872 格，内部 1215，边界 2435
2026-09-11 11:45:58,093 DEBUG 求解结束：sampled；可行点 8383，叶格 4818，边界格边长 0.035156 m
2026-09-11 11:45:58,094 INFO error_009_0.5 | 面积 282.3197 [280.8217, 283.8176] m² | 定位误差 0.2926 m | sampled
2026-09-11 11:45:58,098 DEBUG 层 0：检查 40000 格，内部 1，边界 9
2026-09-11 11:45:58,098 DEBUG 层 1：检查 36 格，内部 1，边界 20
2026-09-11 11:45:58,098 DEBUG 层 2：检查 80 格，内部 17，边界 39
2026-09-11 11:45:58,098 DEBUG 层 3：检查 156 格，内部 35，边界 76
2026-09-11 11:45:58,099 DEBUG 层 4：检查 304 格，内部 79，边界 153
2026-09-11 11:45:58,099 DEBUG 层 5：检查 612 格，内部 159，边界 306
2026-09-11 11:45:58,099 DEBUG 层 6：检查 1224 格，内部 301，边界 609
2026-09-11 11:45:58,099 DEBUG 层 7：检查 2436 格，内部 606，边界 1218
2026-09-11 11:45:58,100 DEBUG 层 8：检查 4872 格，内部 1214，边界 2436
2026-09-11 11:45:58,100 DEBUG 层 9：检查 9744 格，内部 2427，边界 4871
2026-09-11 11:45:58,215 DEBUG 求解结束：sampled；可行点 16952，叶格 9711，边界格边长 0.035156 m
2026-09-11 11:45:58,216 INFO error_009_1.0 | 面积 1127.5112 [1124.5128, 1130.5096] m² | 定位误差 0.3744 m | sampled
2026-09-11 11:45:58,221 DEBUG 层 0：检查 40000 格，内部 2，边界 15
2026-09-11 11:45:58,221 DEBUG 层 1：检查 60 格，内部 11，边界 29
2026-09-11 11:45:58,221 DEBUG 层 2：检查 116 格，内部 21，边界 58
2026-09-11 11:45:58,221 DEBUG 层 3：检查 232 格，内部 56，边界 114
2026-09-11 11:45:58,221 DEBUG 层 4：检查 456 格，内部 109，边界 230
2026-09-11 11:45:58,221 DEBUG 层 5：检查 920 格，内部 235，边界 458
2026-09-11 11:45:58,222 DEBUG 层 6：检查 1832 格，内部 456，边界 914
2026-09-11 11:45:58,222 DEBUG 层 7：检查 3656 格，内部 895，边界 1827
2026-09-11 11:45:58,223 DEBUG 层 8：检查 7308 格，内部 1814，边界 3654
2026-09-11 11:45:58,224 DEBUG 层 9：检查 14616 格，内部 3658，边界 7308
2026-09-11 11:45:58,395 DEBUG 求解结束：sampled；可行点 25429，叶格 14565，边界格边长 0.035156 m
2026-09-11 11:45:58,396 INFO error_009_1.5 | 面积 2536.2808 [2531.7842, 2540.7774] m² | 定位误差 0.5587 m | sampled
2026-09-11 11:45:58,400 DEBUG 层 0：检查 40000 格，内部 5，边界 19
2026-09-11 11:45:58,401 DEBUG 层 1：检查 76 格，内部 17，边界 38
2026-09-11 11:45:58,401 DEBUG 层 2：检查 152 格，内部 38，边界 76
2026-09-11 11:45:58,401 DEBUG 层 3：检查 304 格，内部 73，边界 152
2026-09-11 11:45:58,401 DEBUG 层 4：检查 608 格，内部 139，边界 305
2026-09-11 11:45:58,401 DEBUG 层 5：检查 1220 格，内部 303，边界 610
2026-09-11 11:45:58,402 DEBUG 层 6：检查 2440 格，内部 613，边界 1219
2026-09-11 11:45:58,402 DEBUG 层 7：检查 4876 格，内部 1212，边界 2438
2026-09-11 11:45:58,403 DEBUG 层 8：检查 9752 格，内部 2436，边界 4875
2026-09-11 11:45:58,405 DEBUG 层 9：检查 19500 格，内部 4875，边界 9751
2026-09-11 11:45:58,664 DEBUG 求解结束：sampled；可行点 34001，叶格 19462，边界格边长 0.035156 m
2026-09-11 11:45:58,665 INFO error_009_2.0 | 面积 4510.3955 [4504.3798, 4516.4112] m² | 定位误差 0.8504 m | sampled
2026-09-11 11:45:58,669 DEBUG 层 0：检查 40000 格，内部 0，边界 2
2026-09-11 11:45:58,670 DEBUG 层 1：检查 8 格，内部 0，边界 4
2026-09-11 11:45:58,670 DEBUG 层 2：检查 16 格，内部 0，边界 8
2026-09-11 11:45:58,670 DEBUG 层 3：检查 32 格，内部 3，边界 15
2026-09-11 11:45:58,670 DEBUG 层 4：检查 60 格，内部 7，边界 31
2026-09-11 11:45:58,670 DEBUG 层 5：检查 124 格，内部 25，边界 60
2026-09-11 11:45:58,670 DEBUG 层 6：检查 240 格，内部 48，边界 123
2026-09-11 11:45:58,670 DEBUG 层 7：检查 492 格，内部 117，边界 244
2026-09-11 11:45:58,670 DEBUG 层 8：检查 976 格，内部 233，边界 486
2026-09-11 11:45:58,671 DEBUG 层 9：检查 1944 格，内部 489，边界 972
2026-09-11 11:45:58,694 DEBUG 求解结束：sampled；可行点 3265，叶格 1894，边界格边长 0.035156 m
2026-09-11 11:45:58,694 INFO error_010_0.2 | 面积 41.0004 [40.4051, 41.5957] m² | 定位误差 3.1321 m | sampled
2026-09-11 11:45:58,699 DEBUG 层 0：检查 40000 格，内部 0，边界 4
2026-09-11 11:45:58,699 DEBUG 层 1：检查 16 格，内部 0，边界 9
2026-09-11 11:45:58,699 DEBUG 层 2：检查 36 格，内部 6，边界 19
2026-09-11 11:45:58,699 DEBUG 层 3：检查 76 格，内部 13，边界 37
2026-09-11 11:45:58,699 DEBUG 层 4：检查 148 格，内部 34，边界 76
2026-09-11 11:45:58,699 DEBUG 层 5：检查 304 格，内部 70，边界 153
2026-09-11 11:45:58,699 DEBUG 层 6：检查 612 格，内部 156，边界 306
2026-09-11 11:45:58,700 DEBUG 层 7：检查 1224 格，内部 302，边界 613
2026-09-11 11:45:58,700 DEBUG 层 8：检查 2452 格，内部 610，边界 1223
2026-09-11 11:45:58,700 DEBUG 层 9：检查 4892 格，内部 1205，边界 2444
2026-09-11 11:45:58,755 DEBUG 求解结束：sampled；可行点 8425，叶格 4840，边界格边长 0.035156 m
2026-09-11 11:45:58,756 INFO error_010_0.5 | 面积 278.2923 [276.7906, 279.7940] m² | 定位误差 3.2011 m | sampled
2026-09-11 11:45:58,760 DEBUG 层 0：检查 40000 格，内部 1，边界 9
2026-09-11 11:45:58,761 DEBUG 层 1：检查 36 格，内部 2，边界 18
2026-09-11 11:45:58,761 DEBUG 层 2：检查 72 格，内部 14，边界 37
2026-09-11 11:45:58,761 DEBUG 层 3：检查 148 格，内部 32，边界 77
2026-09-11 11:45:58,761 DEBUG 层 4：检查 308 格，内部 73，边界 153
2026-09-11 11:45:58,761 DEBUG 层 5：检查 612 格，内部 155，边界 307
2026-09-11 11:45:58,761 DEBUG 层 6：检查 1228 格，内部 309，边界 611
2026-09-11 11:45:58,761 DEBUG 层 7：检查 2444 格，内部 609，边界 1222
2026-09-11 11:45:58,762 DEBUG 层 8：检查 4888 格，内部 1215，边界 2445
2026-09-11 11:45:58,763 DEBUG 层 9：检查 9780 格，内部 2443，边界 4892
2026-09-11 11:45:58,894 DEBUG 求解结束：sampled；可行点 17001，叶格 9745，边界格边长 0.035156 m
2026-09-11 11:45:58,896 INFO error_010_1.0 | 面积 1124.4561 [1121.4392, 1127.4729] m² | 定位误差 3.2769 m | sampled
2026-09-11 11:45:58,900 DEBUG 层 0：检查 40000 格，内部 2，边界 15
2026-09-11 11:45:58,900 DEBUG 层 1：检查 60 格，内部 11，边界 28
2026-09-11 11:45:58,901 DEBUG 层 2：检查 112 格，内部 22，边界 57
2026-09-11 11:45:58,901 DEBUG 层 3：检查 228 格，内部 51，边界 115
2026-09-11 11:45:58,901 DEBUG 层 4：检查 460 格，内部 114，边界 229
2026-09-11 11:45:58,901 DEBUG 层 5：检查 916 格，内部 222，边界 458
2026-09-11 11:45:58,902 DEBUG 层 6：检查 1832 格，内部 471，边界 918
2026-09-11 11:45:58,902 DEBUG 层 7：检查 3672 格，内部 904，边界 1835
2026-09-11 11:45:58,903 DEBUG 层 8：检查 7340 格，内部 1806，边界 3669
2026-09-11 11:45:58,904 DEBUG 层 9：检查 14676 格，内部 3675，边界 7339
2026-09-11 11:45:59,095 DEBUG 求解结束：sampled；可行点 25514，叶格 14617，边界格边长 0.035156 m
2026-09-11 11:45:59,097 INFO error_010_1.5 | 面积 2534.8460 [2530.3212, 2539.3709] m² | 定位误差 3.4022 m | sampled
2026-09-11 11:45:59,101 DEBUG 层 0：检查 40000 格，内部 5，边界 19
2026-09-11 11:45:59,102 DEBUG 层 1：检查 76 格，内部 18，边界 38
2026-09-11 11:45:59,102 DEBUG 层 2：检查 152 格，内部 33，边界 76
2026-09-11 11:45:59,102 DEBUG 层 3：检查 304 格，内部 74，边界 154
2026-09-11 11:45:59,102 DEBUG 层 4：检查 616 格，内部 151，边界 307
2026-09-11 11:45:59,102 DEBUG 层 5：检查 1228 格，内部 307，边界 613
2026-09-11 11:45:59,103 DEBUG 层 6：检查 2452 格，内部 603，边界 1224
2026-09-11 11:45:59,103 DEBUG 层 7：检查 4896 格，内部 1219，边界 2448
2026-09-11 11:45:59,104 DEBUG 层 8：检查 9792 格，内部 2459，边界 4896
2026-09-11 11:45:59,106 DEBUG 层 9：检查 19584 格，内部 4902，边界 9792
2026-09-11 11:45:59,367 DEBUG 求解结束：sampled；可行点 34188，叶格 19563，边界格边长 0.035156 m
2026-09-11 11:45:59,370 INFO error_010_2.0 | 面积 4511.1938 [4505.1544, 4517.2332] m² | 定位误差 3.5939 m | sampled
2026-09-11 11:45:59,374 DEBUG 层 0：检查 40000 格，内部 0，边界 2
2026-09-11 11:45:59,374 DEBUG 层 1：检查 8 格，内部 0，边界 2
2026-09-11 11:45:59,374 DEBUG 层 2：检查 8 格，内部 0，边界 4
2026-09-11 11:45:59,374 DEBUG 层 3：检查 16 格，内部 0，边界 4
2026-09-11 11:45:59,374 DEBUG 层 4：检查 16 格，内部 0，边界 7
2026-09-11 11:45:59,375 DEBUG 层 5：检查 28 格，内部 1，边界 16
2026-09-11 11:45:59,375 DEBUG 层 6：检查 64 格，内部 13，边界 35
2026-09-11 11:45:59,375 DEBUG 层 7：检查 140 格，内部 40，边界 73
2026-09-11 11:45:59,375 DEBUG 层 8：检查 292 格，内部 90，边界 150
2026-09-11 11:45:59,375 DEBUG 层 9：检查 600 格，内部 185，边界 304
2026-09-11 11:45:59,384 DEBUG 求解结束：sampled；可行点 1098，叶格 633，边界格边长 0.035156 m
2026-09-11 11:45:59,384 INFO error_011_0.2 | 面积 3.1400 [2.9818, 3.2982] m² | 定位误差 1.7030 m | sampled
2026-09-11 11:45:59,388 DEBUG 层 0：检查 40000 格，内部 0，边界 4
2026-09-11 11:45:59,388 DEBUG 层 1：检查 16 格，内部 0，边界 10
2026-09-11 11:45:59,388 DEBUG 层 2：检查 40 格，内部 2，边界 17
2026-09-11 11:45:59,388 DEBUG 层 3：检查 68 格，内部 17，边界 34
2026-09-11 11:45:59,389 DEBUG 层 4：检查 136 格，内部 20，边界 67
2026-09-11 11:45:59,389 DEBUG 层 5：检查 268 格，内部 78，边界 133
2026-09-11 11:45:59,389 DEBUG 层 6：检查 532 格，内部 90，边界 265
2026-09-11 11:45:59,389 DEBUG 层 7：检查 1060 格，内部 329，边界 530
2026-09-11 11:45:59,389 DEBUG 层 8：检查 2120 格，内部 375，边界 1059
2026-09-11 11:45:59,390 DEBUG 层 9：检查 4236 格，内部 775，边界 2115
2026-09-11 11:45:59,442 DEBUG 求解结束：sampled；可行点 6312，叶格 3801，边界格边长 0.035156 m
2026-09-11 11:45:59,444 INFO error_011_0.5 | 面积 195.3336 [194.1319, 196.5352] m² | 定位误差 0.7815 m | sampled
2026-09-11 11:45:59,447 DEBUG 层 0：检查 40000 格，内部 0，边界 10
2026-09-11 11:45:59,448 DEBUG 层 1：检查 40 格，内部 6，边界 18
2026-09-11 11:45:59,448 DEBUG 层 2：检查 72 格，内部 10，边界 36
2026-09-11 11:45:59,448 DEBUG 层 3：检查 144 格，内部 34，边界 74
2026-09-11 11:45:59,448 DEBUG 层 4：检查 296 格，内部 58，边界 147
2026-09-11 11:45:59,448 DEBUG 层 5：检查 588 格，内部 125，边界 293
2026-09-11 11:45:59,448 DEBUG 层 6：检查 1172 格，内部 344，边界 587
2026-09-11 11:45:59,449 DEBUG 层 7：检查 2348 格，内部 578，边界 1176
2026-09-11 11:45:59,449 DEBUG 层 8：检查 4704 格，内部 1177，边界 2350
2026-09-11 11:45:59,450 DEBUG 层 9：检查 9400 格，内部 2355，边界 4699
2026-09-11 11:45:59,568 DEBUG 求解结束：sampled；可行点 16382，叶格 9386，边界格边长 0.035156 m
2026-09-11 11:45:59,569 INFO error_011_1.0 | 面积 1026.7292 [1023.8341, 1029.6243] m² | 定位误差 1.4525 m | sampled
2026-09-11 11:45:59,574 DEBUG 层 0：检查 40000 格，内部 2，边界 13
2026-09-11 11:45:59,574 DEBUG 层 1：检查 52 格，内部 11，边界 27
2026-09-11 11:45:59,574 DEBUG 层 2：检查 108 格，内部 18，边界 55
2026-09-11 11:45:59,574 DEBUG 层 3：检查 220 格，内部 53，边界 111
2026-09-11 11:45:59,574 DEBUG 层 4：检查 444 格，内部 103，边界 221
2026-09-11 11:45:59,574 DEBUG 层 5：检查 884 格，内部 191，边界 441
2026-09-11 11:45:59,575 DEBUG 层 6：检查 1764 格，内部 443，边界 883
2026-09-11 11:45:59,575 DEBUG 层 7：检查 3532 格，内部 875，边界 1767
2026-09-11 11:45:59,576 DEBUG 层 8：检查 7068 格，内部 1773，边界 3535
2026-09-11 11:45:59,577 DEBUG 层 9：检查 14140 格，内部 3533，边界 7069
2026-09-11 11:45:59,749 DEBUG 求解结束：sampled；可行点 24554，叶格 14071，边界格边长 0.035156 m
2026-09-11 11:45:59,751 INFO error_011_1.5 | 面积 2436.7618 [2432.4012, 2441.1224] m² | 定位误差 1.7690 m | sampled
2026-09-11 11:45:59,755 DEBUG 层 0：检查 40000 格，内部 6，边界 19
2026-09-11 11:45:59,755 DEBUG 层 1：检查 76 格，内部 13，边界 38
2026-09-11 11:45:59,755 DEBUG 层 2：检查 152 格，内部 33，边界 74
2026-09-11 11:45:59,755 DEBUG 层 3：检查 296 格，内部 69，边界 150
2026-09-11 11:45:59,756 DEBUG 层 4：检查 600 格，内部 162，边界 296
2026-09-11 11:45:59,756 DEBUG 层 5：检查 1184 格，内部 297，边界 590
2026-09-11 11:45:59,756 DEBUG 层 6：检查 2360 格，内部 587，边界 1180
2026-09-11 11:45:59,756 DEBUG 层 7：检查 4720 格，内部 1187，边界 2361
2026-09-11 11:45:59,757 DEBUG 层 8：检查 9444 格，内部 2368，边界 4723
2026-09-11 11:45:59,759 DEBUG 层 9：检查 18892 格，内部 4717，边界 9448
2026-09-11 11:45:59,990 DEBUG 求解结束：sampled；可行点 33000，叶格 18887，边界格边长 0.035156 m
2026-09-11 11:45:59,992 INFO error_011_2.0 | 面积 4412.6459 [4406.8182, 4418.4736] m² | 定位误差 2.1077 m | sampled
2026-09-11 11:45:59,996 DEBUG 层 0：检查 40000 格，内部 0，边界 3
2026-09-11 11:45:59,996 DEBUG 层 1：检查 12 格，内部 0，边界 4
2026-09-11 11:45:59,996 DEBUG 层 2：检查 16 格，内部 0，边界 7
2026-09-11 11:45:59,996 DEBUG 层 3：检查 28 格，内部 1，边界 15
2026-09-11 11:45:59,996 DEBUG 层 4：检查 60 格，内部 12，边界 29
2026-09-11 11:45:59,997 DEBUG 层 5：检查 116 格，内部 20，边界 61
2026-09-11 11:45:59,997 DEBUG 层 6：检查 244 格，内部 55，边界 121
2026-09-11 11:45:59,997 DEBUG 层 7：检查 484 格，内部 110，边界 244
2026-09-11 11:45:59,997 DEBUG 层 8：检查 976 格，内部 242，边界 484
2026-09-11 11:45:59,997 DEBUG 层 9：检查 1936 格，内部 476，边界 970
2026-09-11 11:46:00,018 DEBUG 求解结束：sampled；可行点 3251，叶格 1886，边界格边长 0.035156 m
2026-09-11 11:46:00,019 INFO error_012_0.2 | 面积 36.0685 [35.4727, 36.6642] m² | 定位误差 2.0354 m | sampled
2026-09-11 11:46:00,023 DEBUG 层 0：检查 40000 格，内部 0，边界 5
2026-09-11 11:46:00,024 DEBUG 层 1：检查 20 格，内部 0，边界 11
2026-09-11 11:46:00,024 DEBUG 层 2：检查 44 格，内部 5，边界 21
2026-09-11 11:46:00,024 DEBUG 层 3：检查 84 格，内部 16，边界 39
2026-09-11 11:46:00,024 DEBUG 层 4：检查 156 格，内部 34，边界 78
2026-09-11 11:46:00,024 DEBUG 层 5：检查 312 格，内部 71，边界 156
2026-09-11 11:46:00,024 DEBUG 层 6：检查 624 格，内部 144，边界 311
2026-09-11 11:46:00,024 DEBUG 层 7：检查 1244 格，内部 297，边界 623
2026-09-11 11:46:00,025 DEBUG 层 8：检查 2492 格，内部 618，边界 1246
2026-09-11 11:46:00,025 DEBUG 层 9：检查 4984 格，内部 1234，边界 2492
2026-09-11 11:46:00,082 DEBUG 求解结束：sampled；可行点 8531，叶格 4911，边界格边长 0.035156 m
2026-09-11 11:46:00,084 INFO error_012_0.5 | 面积 272.6348 [271.1048, 274.1648] m² | 定位误差 2.0295 m | sampled
2026-09-11 11:46:00,088 DEBUG 层 0：检查 40000 格，内部 0，边界 10
2026-09-11 11:46:00,088 DEBUG 层 1：检查 40 格，内部 5，边界 20
2026-09-11 11:46:00,088 DEBUG 层 2：检查 80 格，内部 18，边界 39
2026-09-11 11:46:00,089 DEBUG 层 3：检查 156 格，内部 32，边界 79
2026-09-11 11:46:00,089 DEBUG 层 4：检查 316 格，内部 70，边界 156
2026-09-11 11:46:00,089 DEBUG 层 5：检查 624 格，内部 141，边界 313
2026-09-11 11:46:00,089 DEBUG 层 6：检查 1252 格，内部 339，边界 624
2026-09-11 11:46:00,089 DEBUG 层 7：检查 2496 格，内部 618，边界 1247
2026-09-11 11:46:00,090 DEBUG 层 8：检查 4988 格，内部 1249，边界 2493
2026-09-11 11:46:00,091 DEBUG 层 9：检查 9972 格，内部 2476，边界 4985
2026-09-11 11:46:00,212 DEBUG 求解结束：sampled；可行点 17322，叶格 9933，边界格边长 0.035156 m
2026-09-11 11:46:00,213 INFO error_012_1.0 | 面积 1119.0900 [1116.0285, 1122.1515] m² | 定位误差 2.1364 m | sampled
2026-09-11 11:46:00,217 DEBUG 层 0：检查 40000 格，内部 2，边界 14
2026-09-11 11:46:00,218 DEBUG 层 1：检查 56 格，内部 10，边界 30
2026-09-11 11:46:00,218 DEBUG 层 2：检查 120 格，内部 26，边界 57
2026-09-11 11:46:00,218 DEBUG 层 3：检查 228 格，内部 48，边界 116
2026-09-11 11:46:00,218 DEBUG 层 4：检查 464 格，内部 113，边界 233
2026-09-11 11:46:00,218 DEBUG 层 5：检查 932 格，内部 256，边界 468
2026-09-11 11:46:00,218 DEBUG 层 6：检查 1872 格，内部 478，边界 936
2026-09-11 11:46:00,219 DEBUG 层 7：检查 3744 格，内部 886，边界 1869
2026-09-11 11:46:00,219 DEBUG 层 8：检查 7476 格，内部 1890，边界 3739
2026-09-11 11:46:00,221 DEBUG 层 9：检查 14956 格，内部 3717，边界 7481
2026-09-11 11:46:00,426 DEBUG 求解结束：sampled；可行点 26020，叶格 14907，边界格边长 0.035156 m
2026-09-11 11:46:00,428 INFO error_012_1.5 | 面积 2529.9665 [2525.3724, 2534.5605] m² | 定位误差 2.3123 m | sampled
2026-09-11 11:46:00,432 DEBUG 层 0：检查 40000 格，内部 6，边界 18
2026-09-11 11:46:00,432 DEBUG 层 1：检查 72 格，内部 13，边界 39
2026-09-11 11:46:00,433 DEBUG 层 2：检查 156 格，内部 36，边界 78
2026-09-11 11:46:00,433 DEBUG 层 3：检查 312 格，内部 74，边界 156
2026-09-11 11:46:00,433 DEBUG 层 4：检查 624 格，内部 162，边界 312
2026-09-11 11:46:00,433 DEBUG 层 5：检查 1248 格，内部 305，边界 624
2026-09-11 11:46:00,433 DEBUG 层 6：检查 2496 格，内部 627，边界 1249
2026-09-11 11:46:00,434 DEBUG 层 7：检查 4996 格，内部 1238，边界 2496
2026-09-11 11:46:00,435 DEBUG 层 8：检查 9984 格，内部 2489，边界 4990
2026-09-11 11:46:00,437 DEBUG 层 9：检查 19960 格，内部 5000，边界 9979
2026-09-11 11:46:00,707 DEBUG 求解结束：sampled；可行点 34815，叶格 19929，边界格边长 0.035156 m
2026-09-11 11:46:00,708 INFO error_012_2.0 | 面积 4507.0142 [4500.8560, 4513.1724] m² | 定位误差 2.5709 m | sampled
2026-09-11 11:46:00,713 DEBUG 层 0：检查 40000 格，内部 0，边界 3
2026-09-11 11:46:00,713 DEBUG 层 1：检查 12 格，内部 0，边界 3
2026-09-11 11:46:00,713 DEBUG 层 2：检查 12 格，内部 0，边界 8
2026-09-11 11:46:00,713 DEBUG 层 3：检查 32 格，内部 4，边界 14
2026-09-11 11:46:00,713 DEBUG 层 4：检查 56 格，内部 5，边界 28
2026-09-11 11:46:00,713 DEBUG 层 5：检查 112 格，内部 27，边界 54
2026-09-11 11:46:00,713 DEBUG 层 6：检查 216 格，内部 46，边界 106
2026-09-11 11:46:00,713 DEBUG 层 7：检查 424 格，内部 104，边界 215
2026-09-11 11:46:00,714 DEBUG 层 8：检查 860 格，内部 211，边界 430
2026-09-11 11:46:00,714 DEBUG 层 9：检查 1720 格，内部 423，边界 861
2026-09-11 11:46:00,733 DEBUG 求解结束：sampled；可行点 2904，叶格 1681，边界格边长 0.035156 m
2026-09-11 11:46:00,734 INFO error_013_0.2 | 面积 43.4190 [42.8904, 43.9477] m² | 定位误差 3.8308 m | sampled
2026-09-11 11:46:00,738 DEBUG 层 0：检查 40000 格，内部 0，边界 4
2026-09-11 11:46:00,738 DEBUG 层 1：检查 16 格，内部 0，边界 8
2026-09-11 11:46:00,738 DEBUG 层 2：检查 32 格，内部 8，边界 17
2026-09-11 11:46:00,738 DEBUG 层 3：检查 68 格，内部 8，边界 32
2026-09-11 11:46:00,738 DEBUG 层 4：检查 128 格，内部 30，边界 66
2026-09-11 11:46:00,738 DEBUG 层 5：检查 264 格，内部 57，边界 135
2026-09-11 11:46:00,739 DEBUG 层 6：检查 540 格，内部 138，边界 269
2026-09-11 11:46:00,739 DEBUG 层 7：检查 1076 格，内部 265，边界 537
2026-09-11 11:46:00,739 DEBUG 层 8：检查 2148 格，内部 529，边界 1078
2026-09-11 11:46:00,740 DEBUG 层 9：检查 4312 格，内部 1074，边界 2155
2026-09-11 11:46:00,788 DEBUG 求解结束：sampled；可行点 7418，叶格 4264，边界格边长 0.035156 m
2026-09-11 11:46:00,789 INFO error_013_0.5 | 面积 281.2325 [279.9067, 282.5582] m² | 定位误差 3.8782 m | sampled
2026-09-11 11:46:00,793 DEBUG 层 0：检查 40000 格，内部 0，边界 8
2026-09-11 11:46:00,793 DEBUG 层 1：检查 32 格，内部 7，边界 16
2026-09-11 11:46:00,793 DEBUG 层 2：检查 64 格，内部 13，边界 33
2026-09-11 11:46:00,793 DEBUG 层 3：检查 132 格，内部 25，边界 68
2026-09-11 11:46:00,793 DEBUG 层 4：检查 272 格，内部 69，边界 135
2026-09-11 11:46:00,794 DEBUG 层 5：检查 540 格，内部 123，边界 270
2026-09-11 11:46:00,794 DEBUG 层 6：检查 1080 格，内部 283，边界 538
2026-09-11 11:46:00,794 DEBUG 层 7：检查 2152 格，内部 541，边界 1078
2026-09-11 11:46:00,794 DEBUG 层 8：检查 4312 格，内部 1103，边界 2155
2026-09-11 11:46:00,795 DEBUG 层 9：检查 8620 格，内部 2080，边界 4310
2026-09-11 11:46:00,895 DEBUG 求解结束：sampled；可行点 14860，叶格 8554，边界格边长 0.035156 m
2026-09-11 11:46:00,897 INFO error_013_1.0 | 面积 1129.3747 [1126.7257, 1132.0237] m² | 定位误差 4.0156 m | sampled
2026-09-11 11:46:00,901 DEBUG 层 0：检查 40000 格，内部 4，边界 13
2026-09-11 11:46:00,901 DEBUG 层 1：检查 52 格，内部 5，边界 25
2026-09-11 11:46:00,901 DEBUG 层 2：检查 100 格，内部 16，边界 51
2026-09-11 11:46:00,901 DEBUG 层 3：检查 204 格，内部 51，边界 101
2026-09-11 11:46:00,901 DEBUG 层 4：检查 404 格，内部 104，边界 202
2026-09-11 11:46:00,901 DEBUG 层 5：检查 808 格，内部 194，边界 405
2026-09-11 11:46:00,902 DEBUG 层 6：检查 1620 格，内部 396，边界 808
2026-09-11 11:46:00,902 DEBUG 层 7：检查 3232 格，内部 802，边界 1617
2026-09-11 11:46:00,903 DEBUG 层 8：检查 6468 格，内部 1613，边界 3234
2026-09-11 11:46:00,904 DEBUG 层 9：检查 12936 格，内部 3228，边界 6468
2026-09-11 11:46:01,059 DEBUG 求解结束：sampled；可行点 22494，叶格 12881，边界格边长 0.035156 m
2026-09-11 11:46:01,060 INFO error_013_1.5 | 面积 2543.3057 [2539.3131, 2547.2983] m² | 定位误差 4.2435 m | sampled
2026-09-11 11:46:01,066 DEBUG 层 0：检查 40000 格，内部 7，边界 16
2026-09-11 11:46:01,066 DEBUG 层 1：检查 64 格，内部 14，边界 34
2026-09-11 11:46:01,066 DEBUG 层 2：检查 136 格，内部 25，边界 68
2026-09-11 11:46:01,066 DEBUG 层 3：检查 272 格，内部 54，边界 134
2026-09-11 11:46:01,066 DEBUG 层 4：检查 536 格，内部 133，边界 270
2026-09-11 11:46:01,067 DEBUG 层 5：检查 1080 格，内部 264，边界 540
2026-09-11 11:46:01,067 DEBUG 层 6：检查 2160 格，内部 548，边界 1079
2026-09-11 11:46:01,067 DEBUG 层 7：检查 4316 格，内部 1075，边界 2158
2026-09-11 11:46:01,068 DEBUG 层 8：检查 8632 格，内部 2141，边界 4313
2026-09-11 11:46:01,070 DEBUG 层 9：检查 17252 格，内部 4307，边界 8626
2026-09-11 11:46:01,305 DEBUG 求解结束：sampled；可行点 30044，叶格 17194，边界格边长 0.035156 m
2026-09-11 11:46:01,307 INFO error_013_2.0 | 面积 4524.6268 [4519.3099, 4529.9438] m² | 定位误差 4.5628 m | sampled
2026-09-11 11:46:01,311 DEBUG 层 0：检查 40000 格，内部 0，边界 2
2026-09-11 11:46:01,311 DEBUG 层 1：检查 8 格，内部 0，边界 2
2026-09-11 11:46:01,311 DEBUG 层 2：检查 8 格，内部 0，边界 6
2026-09-11 11:46:01,311 DEBUG 层 3：检查 24 格，内部 2，边界 12
2026-09-11 11:46:01,311 DEBUG 层 4：检查 48 格，内部 12，边界 26
2026-09-11 11:46:01,311 DEBUG 层 5：检查 104 格，内部 21，边界 55
2026-09-11 11:46:01,311 DEBUG 层 6：检查 220 格，内部 51，边界 109
2026-09-11 11:46:01,312 DEBUG 层 7：检查 436 格，内部 107，边界 215
2026-09-11 11:46:01,312 DEBUG 层 8：检查 860 格，内部 220，边界 429
2026-09-11 11:46:01,312 DEBUG 层 9：检查 1716 格，内部 419，边界 856
2026-09-11 11:46:01,336 DEBUG 求解结束：sampled；可行点 2922，叶格 1688，边界格边长 0.035156 m
2026-09-11 11:46:01,338 INFO error_014_0.2 | 面积 40.7492 [40.2216, 41.2768] m² | 定位误差 2.0505 m | sampled
2026-09-11 11:46:01,343 DEBUG 层 0：检查 40000 格，内部 0，边界 4
2026-09-11 11:46:01,343 DEBUG 层 1：检查 16 格，内部 1，边界 8
2026-09-11 11:46:01,343 DEBUG 层 2：检查 32 格，内部 2，边界 16
2026-09-11 11:46:01,343 DEBUG 层 3：检查 64 格，内部 15，边界 34
2026-09-11 11:46:01,343 DEBUG 层 4：检查 136 格，内部 31，边界 66
2026-09-11 11:46:01,343 DEBUG 层 5：检查 264 格，内部 61，边界 134
2026-09-11 11:46:01,344 DEBUG 层 6：检查 536 格，内部 127，边界 268
2026-09-11 11:46:01,344 DEBUG 层 7：检查 1072 格，内部 262，边界 535
2026-09-11 11:46:01,344 DEBUG 层 8：检查 2140 格，内部 530，边界 1073
2026-09-11 11:46:01,345 DEBUG 层 9：检查 4292 格，内部 1071，边界 2144
2026-09-11 11:46:01,398 DEBUG 求解结束：sampled；可行点 7394，叶格 4244，边界格边长 0.035156 m
2026-09-11 11:46:01,400 INFO error_014_0.5 | 面积 277.7648 [276.4532, 279.0765] m² | 定位误差 2.0135 m | sampled
2026-09-11 11:46:01,404 DEBUG 层 0：检查 40000 格，内部 1，边界 8
2026-09-11 11:46:01,404 DEBUG 层 1：检查 32 格，内部 4，边界 17
2026-09-11 11:46:01,404 DEBUG 层 2：检查 68 格，内部 8，边界 33
2026-09-11 11:46:01,404 DEBUG 层 3：检查 132 格，内部 29，边界 66
2026-09-11 11:46:01,404 DEBUG 层 4：检查 264 格，内部 64，边界 134
2026-09-11 11:46:01,404 DEBUG 层 5：检查 536 格，内部 131，边界 268
2026-09-11 11:46:01,405 DEBUG 层 6：检查 1072 格，内部 254，边界 538
2026-09-11 11:46:01,405 DEBUG 层 7：检查 2152 格，内部 538，边界 1074
2026-09-11 11:46:01,405 DEBUG 层 8：检查 4296 格，内部 1069，边界 2146
2026-09-11 11:46:01,406 DEBUG 层 9：检查 8584 格，内部 2151，边界 4293
2026-09-11 11:46:01,508 DEBUG 求解结束：sampled；可行点 14906，叶格 8542，边界格边长 0.035156 m
2026-09-11 11:46:01,509 INFO error_014_1.0 | 面积 1123.2006 [1120.5617, 1125.8396] m² | 定位误差 2.0663 m | sampled
2026-09-11 11:46:01,513 DEBUG 层 0：检查 40000 格，内部 3，边界 13
2026-09-11 11:46:01,513 DEBUG 层 1：检查 52 格，内部 9，边界 24
2026-09-11 11:46:01,513 DEBUG 层 2：检查 96 格，内部 16，边界 49
2026-09-11 11:46:01,514 DEBUG 层 3：检查 196 格，内部 48，边界 99
2026-09-11 11:46:01,514 DEBUG 层 4：检查 396 格，内部 105，边界 202
2026-09-11 11:46:01,514 DEBUG 层 5：检查 808 格，内部 203，边界 404
2026-09-11 11:46:01,514 DEBUG 层 6：检查 1616 格，内部 403，边界 804
2026-09-11 11:46:01,514 DEBUG 层 7：检查 3216 格，内部 799，边界 1610
2026-09-11 11:46:01,515 DEBUG 层 8：检查 6440 格，内部 1583，边界 3220
2026-09-11 11:46:01,516 DEBUG 层 9：检查 12880 格，内部 3218，边界 6441
2026-09-11 11:46:01,690 DEBUG 求解结束：sampled；可行点 22407，叶格 12828，边界格边长 0.035156 m
2026-09-11 11:46:01,691 INFO error_014_1.5 | 面积 2532.5291 [2528.5590, 2536.4991] m² | 定位误差 2.1800 m | sampled
2026-09-11 11:46:01,695 DEBUG 层 0：检查 40000 格，内部 7，边界 17
2026-09-11 11:46:01,696 DEBUG 层 1：检查 68 格，内部 13，边界 33
2026-09-11 11:46:01,696 DEBUG 层 2：检查 132 格，内部 25，边界 66
2026-09-11 11:46:01,696 DEBUG 层 3：检查 264 格，内部 67，边界 134
2026-09-11 11:46:01,696 DEBUG 层 4：检查 536 格，内部 132，边界 268
2026-09-11 11:46:01,696 DEBUG 层 5：检查 1072 格，内部 267，边界 535
2026-09-11 11:46:01,697 DEBUG 层 6：检查 2140 格，内部 528，边界 1074
2026-09-11 11:46:01,697 DEBUG 层 7：检查 4296 格，内部 1075，边界 2148
2026-09-11 11:46:01,698 DEBUG 层 8：检查 8592 格，内部 2135，边界 4296
2026-09-11 11:46:01,700 DEBUG 层 9：检查 17184 格，内部 4299，边界 8592
2026-09-11 11:46:01,902 DEBUG 求解结束：sampled；可行点 29941，叶格 17140，边界格边长 0.035156 m
2026-09-11 11:46:01,904 INFO error_014_2.0 | 面积 4507.4514 [4502.1519, 4512.7509] m² | 定位误差 2.3679 m | sampled
2026-09-11 11:46:01,908 DEBUG 层 0：检查 40000 格，内部 0，边界 3
2026-09-11 11:46:01,908 DEBUG 层 1：检查 12 格，内部 0，边界 4
2026-09-11 11:46:01,908 DEBUG 层 2：检查 16 格，内部 0，边界 7
2026-09-11 11:46:01,908 DEBUG 层 3：检查 28 格，内部 2，边界 15
2026-09-11 11:46:01,908 DEBUG 层 4：检查 60 格，内部 12，边界 32
2026-09-11 11:46:01,908 DEBUG 层 5：检查 128 格，内部 29，边界 63
2026-09-11 11:46:01,908 DEBUG 层 6：检查 252 格，内部 57，边界 124
2026-09-11 11:46:01,909 DEBUG 层 7：检查 496 格，内部 121，边界 247
2026-09-11 11:46:01,909 DEBUG 层 8：检查 988 格，内部 235，边界 494
2026-09-11 11:46:01,909 DEBUG 层 9：检查 1976 格，内部 488，边界 989
2026-09-11 11:46:01,934 DEBUG 求解结束：sampled；可行点 3337，叶格 1933，边界格边长 0.035156 m
2026-09-11 11:46:01,936 INFO error_015_0.2 | 面积 44.3482 [43.7432, 44.9532] m² | 定位误差 4.0169 m | sampled
2026-09-11 11:46:01,939 DEBUG 层 0：检查 40000 格，内部 0，边界 5
2026-09-11 11:46:01,939 DEBUG 层 1：检查 20 格，内部 0，边界 11
2026-09-11 11:46:01,939 DEBUG 层 2：检查 44 格，内部 5，边界 21
2026-09-11 11:46:01,939 DEBUG 层 3：检查 84 格，内部 17，边界 40
2026-09-11 11:46:01,939 DEBUG 层 4：检查 160 格，内部 36，边界 78
2026-09-11 11:46:01,940 DEBUG 层 5：检查 312 格，内部 70，边界 155
2026-09-11 11:46:01,940 DEBUG 层 6：检查 620 格，内部 151，边界 309
2026-09-11 11:46:01,940 DEBUG 层 7：检查 1236 格，内部 299，边界 618
2026-09-11 11:46:01,940 DEBUG 层 8：检查 2472 格，内部 605，边界 1236
2026-09-11 11:46:01,941 DEBUG 层 9：检查 4944 格，内部 1249，边界 2471
2026-09-11 11:46:02,012 DEBUG 求解结束：sampled；可行点 8552，叶格 4903，边界格边长 0.035156 m
2026-09-11 11:46:02,014 INFO error_015_0.5 | 面积 280.4340 [278.9248, 281.9433] m² | 定位误差 3.9779 m | sampled
2026-09-11 11:46:02,018 DEBUG 层 0：检查 40000 格，内部 1，边界 10
2026-09-11 11:46:02,018 DEBUG 层 1：检查 40 格，内部 0，边界 21
2026-09-11 11:46:02,019 DEBUG 层 2：检查 84 格，内部 21，边界 40
2026-09-11 11:46:02,019 DEBUG 层 3：检查 160 格，内部 36，边界 77
2026-09-11 11:46:02,019 DEBUG 层 4：检查 308 格，内部 73，边界 153
2026-09-11 11:46:02,020 DEBUG 层 5：检查 612 格，内部 149，边界 307
2026-09-11 11:46:02,020 DEBUG 层 6：检查 1228 格，内部 302，边界 618
2026-09-11 11:46:02,021 DEBUG 层 7：检查 2472 格，内部 610，边界 1237
2026-09-11 11:46:02,021 DEBUG 层 8：检查 4948 格，内部 1246，边界 2473
2026-09-11 11:46:02,022 DEBUG 层 9：检查 9892 格，内部 2471，边界 4945
2026-09-11 11:46:02,147 DEBUG 求解结束：sampled；可行点 17195，叶格 9854，边界格边长 0.035156 m
2026-09-11 11:46:02,148 INFO error_015_1.0 | 面积 1122.2740 [1119.2269, 1125.3211] m² | 定位误差 3.8503 m | sampled
2026-09-11 11:46:02,152 DEBUG 层 0：检查 40000 格，内部 2，边界 16
2026-09-11 11:46:02,153 DEBUG 层 1：检查 64 格，内部 11，边界 30
2026-09-11 11:46:02,153 DEBUG 层 2：检查 120 格，内部 20，边界 58
2026-09-11 11:46:02,153 DEBUG 层 3：检查 232 格，内部 59，边界 115
2026-09-11 11:46:02,153 DEBUG 层 4：检查 460 格，内部 106，边界 233
2026-09-11 11:46:02,153 DEBUG 层 5：检查 932 格，内部 228，边界 464
2026-09-11 11:46:02,153 DEBUG 层 6：检查 1856 格，内部 451，边界 926
2026-09-11 11:46:02,154 DEBUG 层 7：检查 3704 格，内部 907，边界 1855
2026-09-11 11:46:02,155 DEBUG 层 8：检查 7420 格，内部 1851，边界 3710
2026-09-11 11:46:02,156 DEBUG 层 9：检查 14840 格，内部 3684，边界 7421
2026-09-11 11:46:02,360 DEBUG 求解结束：sampled；可行点 25713，叶格 14740，边界格边长 0.035156 m
2026-09-11 11:46:02,362 INFO error_015_1.5 | 面积 2525.4132 [2520.8444, 2529.9819] m² | 定位误差 3.6388 m | sampled
2026-09-11 11:46:02,366 DEBUG 层 0：检查 40000 格，内部 5，边界 18
2026-09-11 11:46:02,366 DEBUG 层 1：检查 72 格，内部 16，边界 40
2026-09-11 11:46:02,367 DEBUG 层 2：检查 160 格，内部 42，边界 77
2026-09-11 11:46:02,367 DEBUG 层 3：检查 308 格，内部 68，边界 155
2026-09-11 11:46:02,367 DEBUG 层 4：检查 620 格，内部 143，边界 310
2026-09-11 11:46:02,367 DEBUG 层 5：检查 1240 格，内部 309，边界 618
2026-09-11 11:46:02,368 DEBUG 层 6：检查 2472 格，内部 600，边界 1240
2026-09-11 11:46:02,368 DEBUG 层 7：检查 4960 格，内部 1215，边界 2476
2026-09-11 11:46:02,369 DEBUG 层 8：检查 9904 格，内部 2487，边界 4949
2026-09-11 11:46:02,371 DEBUG 层 9：检查 19796 格，内部 4942，边界 9899
2026-09-11 11:46:02,669 DEBUG 求解结束：sampled；可行点 34457，叶格 19726，边界格边长 0.035156 m
2026-09-11 11:46:02,670 INFO error_015_2.0 | 面积 4491.5860 [4485.4751, 4497.6969] m² | 定位误差 3.3440 m | sampled
2026-09-11 11:46:02,675 DEBUG 层 0：检查 40000 格，内部 0，边界 2
2026-09-11 11:46:02,675 DEBUG 层 1：检查 8 格，内部 0，边界 3
2026-09-11 11:46:02,675 DEBUG 层 2：检查 12 格，内部 0，边界 7
2026-09-11 11:46:02,675 DEBUG 层 3：检查 28 格，内部 3，边界 13
2026-09-11 11:46:02,675 DEBUG 层 4：检查 52 格，内部 11，边界 24
2026-09-11 11:46:02,676 DEBUG 层 5：检查 96 格，内部 29，边界 50
2026-09-11 11:46:02,676 DEBUG 层 6：检查 200 格，内部 32，边界 100
2026-09-11 11:46:02,676 DEBUG 层 7：检查 400 格，内部 116，边界 200
2026-09-11 11:46:02,676 DEBUG 层 8：检查 800 格，内部 204，边界 400
2026-09-11 11:46:02,676 DEBUG 层 9：检查 1600 格，内部 358，边界 798
2026-09-11 11:46:02,699 DEBUG 求解结束：sampled；可行点 2778，叶格 1551，边界格边长 0.035156 m
2026-09-11 11:46:02,701 INFO error_016_0.2 | 面积 45.3839 [45.0168, 45.7510] m² | 定位误差 3.5046 m | sampled
2026-09-11 11:46:02,705 DEBUG 层 0：检查 40000 格，内部 0，边界 4
2026-09-11 11:46:02,705 DEBUG 层 1：检查 16 格，内部 1，边界 8
2026-09-11 11:46:02,705 DEBUG 层 2：检查 32 格，内部 4，边界 16
2026-09-11 11:46:02,706 DEBUG 层 3：检查 64 格，内部 11，边界 32
2026-09-11 11:46:02,706 DEBUG 层 4：检查 128 格，内部 21，边界 64
2026-09-11 11:46:02,706 DEBUG 层 5：检查 256 格，内部 54，边界 126
2026-09-11 11:46:02,706 DEBUG 层 6：检查 504 格，内部 132，边界 252
2026-09-11 11:46:02,706 DEBUG 层 7：检查 1008 格，内部 290，边界 502
2026-09-11 11:46:02,707 DEBUG 层 8：检查 2008 格，内部 444，边界 1002
2026-09-11 11:46:02,707 DEBUG 层 9：检查 4008 格，内部 869，边界 2004
2026-09-11 11:46:02,764 DEBUG 求解结束：sampled；可行点 6695，叶格 3830，边界格边长 0.035156 m
2026-09-11 11:46:02,765 INFO error_016_0.5 | 面积 283.0728 [281.9634, 284.1823] m² | 定位误差 3.5455 m | sampled
2026-09-11 11:46:02,769 DEBUG 层 0：检查 40000 格，内部 0，边界 8
2026-09-11 11:46:02,769 DEBUG 层 1：检查 32 格，内部 7，边界 16
2026-09-11 11:46:02,769 DEBUG 层 2：检查 64 格，内部 15，边界 32
2026-09-11 11:46:02,770 DEBUG 层 3：检查 128 格，内部 29，边界 64
2026-09-11 11:46:02,770 DEBUG 层 4：检查 256 格，内部 30，边界 128
2026-09-11 11:46:02,770 DEBUG 层 5：检查 512 格，内部 101，边界 252
2026-09-11 11:46:02,770 DEBUG 层 6：检查 1008 格，内部 278，边界 504
2026-09-11 11:46:02,770 DEBUG 层 7：检查 2016 格，内部 471，边界 1008
2026-09-11 11:46:02,771 DEBUG 层 8：检查 4032 格，内部 973，边界 2020
2026-09-11 11:46:02,772 DEBUG 层 9：检查 8080 格，内部 2023，边界 4036
2026-09-11 11:46:02,885 DEBUG 求解结束：sampled；可行点 13902，叶格 7963，边界格边长 0.035156 m
2026-09-11 11:46:02,887 INFO error_016_1.0 | 面积 1131.0161 [1128.5686, 1133.4636] m² | 定位误差 3.6790 m | sampled
2026-09-11 11:46:02,891 DEBUG 层 0：检查 40000 格，内部 3，边界 12
2026-09-11 11:46:02,892 DEBUG 层 1：检查 48 格，内部 9，边界 24
2026-09-11 11:46:02,892 DEBUG 层 2：检查 96 格，内部 19，边界 48
2026-09-11 11:46:02,892 DEBUG 层 3：检查 192 格，内部 47，边界 96
2026-09-11 11:46:02,892 DEBUG 层 4：检查 384 格，内部 76，边界 192
2026-09-11 11:46:02,892 DEBUG 层 5：检查 768 格，内部 190，边界 380
2026-09-11 11:46:02,893 DEBUG 层 6：检查 1520 格，内部 388，边界 762
2026-09-11 11:46:02,893 DEBUG 层 7：检查 3048 格，内部 758，边界 1524
2026-09-11 11:46:02,894 DEBUG 层 8：检查 6096 格，内部 1500，边界 3048
2026-09-11 11:46:02,895 DEBUG 层 9：检查 12192 格，内部 3068，边界 6094
2026-09-11 11:46:03,073 DEBUG 求解结束：sampled；可行点 21228，叶格 12152，边界格边长 0.035156 m
2026-09-11 11:46:03,075 INFO error_016_1.5 | 面积 2544.3493 [2540.6019, 2548.0968] m² | 定位误差 3.9046 m | sampled
2026-09-11 11:46:03,080 DEBUG 层 0：检查 40000 格，内部 8，边界 16
2026-09-11 11:46:03,080 DEBUG 层 1：检查 64 格，内部 11，边界 32
2026-09-11 11:46:03,080 DEBUG 层 2：检查 128 格，内部 18，边界 64
2026-09-11 11:46:03,080 DEBUG 层 3：检查 256 格，内部 69，边界 128
2026-09-11 11:46:03,081 DEBUG 层 4：检查 512 格，内部 132，边界 256
2026-09-11 11:46:03,081 DEBUG 层 5：检查 1024 格，内部 245，边界 512
2026-09-11 11:46:03,081 DEBUG 层 6：检查 2048 格，内部 475，边界 1022
2026-09-11 11:46:03,082 DEBUG 层 7：检查 4088 格，内部 1049，边界 2044
2026-09-11 11:46:03,083 DEBUG 层 8：检查 8176 格，内部 2041，边界 4090
2026-09-11 11:46:03,084 DEBUG 层 9：检查 16360 格，内部 4098，边界 8180
2026-09-11 11:46:03,332 DEBUG 求解结束：sampled；可行点 28528，叶格 16326，边界格边长 0.035156 m
2026-09-11 11:46:03,334 INFO error_016_2.0 | 面积 4524.9366 [4519.8936, 4529.9796] m² | 定位误差 4.2217 m | sampled
2026-09-11 11:46:03,338 DEBUG 层 0：检查 40000 格，内部 0，边界 1
2026-09-11 11:46:03,339 DEBUG 层 1：检查 4 格，内部 0，边界 4
2026-09-11 11:46:03,339 DEBUG 层 2：检查 16 格，内部 0，边界 8
2026-09-11 11:46:03,339 DEBUG 层 3：检查 32 格，内部 3，边界 12
2026-09-11 11:46:03,339 DEBUG 层 4：检查 48 格，内部 3，边界 26
2026-09-11 11:46:03,339 DEBUG 层 5：检查 104 格，内部 23，边界 54
2026-09-11 11:46:03,339 DEBUG 层 6：检查 216 格，内部 55，边界 112
2026-09-11 11:46:03,339 DEBUG 层 7：检查 448 格，内部 119，边界 221
2026-09-11 11:46:03,340 DEBUG 层 8：检查 884 格，内部 222，边界 440
2026-09-11 11:46:03,340 DEBUG 层 9：检查 1760 格，内部 449，边界 880
2026-09-11 11:46:03,368 DEBUG 求解结束：sampled；可行点 3033，叶格 1754，边界格边长 0.035156 m
2026-09-11 11:46:03,369 INFO error_017_0.2 | 面积 35.6790 [35.1418, 36.2162] m² | 定位误差 2.1085 m | sampled
2026-09-11 11:46:03,373 DEBUG 层 0：检查 40000 格，内部 0，边界 4
2026-09-11 11:46:03,374 DEBUG 层 1：检查 16 格，内部 1，边界 8
2026-09-11 11:46:03,374 DEBUG 层 2：检查 32 格，内部 4，边界 16
2026-09-11 11:46:03,374 DEBUG 层 3：检查 64 格，内部 5，边界 35
2026-09-11 11:46:03,374 DEBUG 层 4：检查 140 格，内部 32，边界 69
2026-09-11 11:46:03,374 DEBUG 层 5：检查 276 格，内部 68，边界 138
2026-09-11 11:46:03,374 DEBUG 层 6：检查 552 格，内部 137，边界 276
2026-09-11 11:46:03,374 DEBUG 层 7：检查 1104 格，内部 271，边界 554
2026-09-11 11:46:03,375 DEBUG 层 8：检查 2216 格，内部 539，边界 1110
2026-09-11 11:46:03,375 DEBUG 层 9：检查 4440 格，内部 1105，边界 2222
2026-09-11 11:46:03,436 DEBUG 求解结束：sampled；可行点 7632，叶格 4384，边界格边长 0.035156 m
2026-09-11 11:46:03,438 INFO error_017_0.5 | 面积 272.2767 [270.9102, 273.6432] m² | 定位误差 2.2827 m | sampled
2026-09-11 11:46:03,441 DEBUG 层 0：检查 40000 格，内部 1，边界 8
2026-09-11 11:46:03,441 DEBUG 层 1：检查 32 格，内部 3，边界 17
2026-09-11 11:46:03,441 DEBUG 层 2：检查 68 格，内部 12，边界 34
2026-09-11 11:46:03,441 DEBUG 层 3：检查 136 格，内部 28，边界 70
2026-09-11 11:46:03,442 DEBUG 层 4：检查 280 格，内部 63，边界 140
2026-09-11 11:46:03,442 DEBUG 层 5：检查 560 格，内部 132，边界 276
2026-09-11 11:46:03,442 DEBUG 层 6：检查 1104 格，内部 269，边界 554
2026-09-11 11:46:03,442 DEBUG 层 7：检查 2216 格，内部 551，边界 1110
2026-09-11 11:46:03,443 DEBUG 层 8：检查 4440 格，内部 1102，边界 2218
2026-09-11 11:46:03,444 DEBUG 层 9：检查 8872 格，内部 2205，边界 4440
2026-09-11 11:46:03,577 DEBUG 求解结束：sampled；可行点 15379，叶格 8806，边界格边长 0.035156 m
2026-09-11 11:46:03,579 INFO error_017_1.0 | 面积 1119.0412 [1116.3183, 1121.7640] m² | 定位误差 2.4314 m | sampled
2026-09-11 11:46:03,583 DEBUG 层 0：检查 40000 格，内部 1，边界 14
2026-09-11 11:46:03,583 DEBUG 层 1：检查 56 格，内部 14，边界 26
2026-09-11 11:46:03,583 DEBUG 层 2：检查 104 格，内部 27，边界 52
2026-09-11 11:46:03,583 DEBUG 层 3：检查 208 格，内部 53，边界 105
2026-09-11 11:46:03,584 DEBUG 层 4：检查 420 格，内部 99，边界 208
2026-09-11 11:46:03,584 DEBUG 层 5：检查 832 格，内部 200，边界 416
2026-09-11 11:46:03,584 DEBUG 层 6：检查 1664 格，内部 406，边界 834
2026-09-11 11:46:03,585 DEBUG 层 7：检查 3336 格，内部 817，边界 1665
2026-09-11 11:46:03,585 DEBUG 层 8：检查 6660 格，内部 1711，边界 3332
2026-09-11 11:46:03,587 DEBUG 层 9：检查 13328 格，内部 3256，边界 6664
2026-09-11 11:46:03,781 DEBUG 求解结束：sampled；可行点 23124，叶格 13248，边界格边长 0.035156 m
2026-09-11 11:46:03,782 INFO error_017_1.5 | 面积 2530.5971 [2526.4847, 2534.7095] m² | 定位误差 2.6569 m | sampled
2026-09-11 11:46:03,786 DEBUG 层 0：检查 40000 格，内部 7，边界 17
2026-09-11 11:46:03,786 DEBUG 层 1：检查 68 格，内部 10，边界 35
2026-09-11 11:46:03,786 DEBUG 层 2：检查 140 格，内部 38，边界 69
2026-09-11 11:46:03,787 DEBUG 层 3：检查 276 格，内部 63，边界 140
2026-09-11 11:46:03,787 DEBUG 层 4：检查 560 格，内部 131，边界 278
2026-09-11 11:46:03,787 DEBUG 层 5：检查 1112 格，内部 264，边界 554
2026-09-11 11:46:03,787 DEBUG 层 6：检查 2216 格，内部 553，边界 1110
2026-09-11 11:46:03,788 DEBUG 层 7：检查 4440 格，内部 1105，边界 2222
2026-09-11 11:46:03,789 DEBUG 层 8：检查 8888 格，内部 2198，边界 4446
2026-09-11 11:46:03,791 DEBUG 层 9：检查 17784 格，内部 4402，边界 8890
2026-09-11 11:46:04,051 DEBUG 求解结束：sampled；可行点 30837，叶格 17661，边界格边长 0.035156 m
2026-09-11 11:46:04,053 INFO error_017_2.0 | 面积 4508.5686 [4503.0836, 4514.0536] m² | 定位误差 2.9706 m | sampled
2026-09-11 11:46:04,058 DEBUG 层 0：检查 40000 格，内部 0，边界 2
2026-09-11 11:46:04,058 DEBUG 层 1：检查 8 格，内部 0，边界 3
2026-09-11 11:46:04,058 DEBUG 层 2：检查 12 格，内部 0，边界 7
2026-09-11 11:46:04,058 DEBUG 层 3：检查 28 格，内部 2，边界 14
2026-09-11 11:46:04,058 DEBUG 层 4：检查 56 格，内部 7，边界 30
2026-09-11 11:46:04,059 DEBUG 层 5：检查 120 格，内部 23，边界 61
2026-09-11 11:46:04,059 DEBUG 层 6：检查 244 格，内部 55，边界 123
2026-09-11 11:46:04,059 DEBUG 层 7：检查 492 格，内部 118，边界 243
2026-09-11 11:46:04,059 DEBUG 层 8：检查 972 格，内部 243，边界 487
2026-09-11 11:46:04,059 DEBUG 层 9：检查 1948 格，内部 483，边界 972
2026-09-11 11:46:04,086 DEBUG 求解结束：sampled；可行点 3286，叶格 1903，边界格边长 0.035156 m
2026-09-11 11:46:04,088 INFO error_018_0.2 | 面积 35.9256 [35.3297, 36.5214] m² | 定位误差 3.5276 m | sampled
2026-09-11 11:46:04,092 DEBUG 层 0：检查 40000 格，内部 0，边界 5
2026-09-11 11:46:04,092 DEBUG 层 1：检查 20 格，内部 0，边界 10
2026-09-11 11:46:04,092 DEBUG 层 2：检查 40 格，内部 5，边界 20
2026-09-11 11:46:04,093 DEBUG 层 3：检查 80 格，内部 16，边界 40
2026-09-11 11:46:04,093 DEBUG 层 4：检查 160 格，内部 31，边界 78
2026-09-11 11:46:04,093 DEBUG 层 5：检查 312 格，内部 76，边界 156
2026-09-11 11:46:04,093 DEBUG 层 6：检查 624 格，内部 151，边界 313
2026-09-11 11:46:04,093 DEBUG 层 7：检查 1252 格，内部 315，边界 625
2026-09-11 11:46:04,094 DEBUG 层 8：检查 2500 格，内部 614，边界 1250
2026-09-11 11:46:04,094 DEBUG 层 9：检查 5000 格，内部 1256，边界 2502
2026-09-11 11:46:04,167 DEBUG 求解结束：sampled；可行点 8635，叶格 4966，边界格边长 0.035156 m
2026-09-11 11:46:04,169 INFO error_018_0.5 | 面积 271.3533 [269.8123, 272.8942] m² | 定位误差 3.3767 m | sampled
2026-09-11 11:46:04,173 DEBUG 层 0：检查 40000 格，内部 0，边界 9
2026-09-11 11:46:04,174 DEBUG 层 1：检查 36 格，内部 6，边界 21
2026-09-11 11:46:04,174 DEBUG 层 2：检查 84 格，内部 14，边界 39
2026-09-11 11:46:04,174 DEBUG 层 3：检查 156 格，内部 31，边界 78
2026-09-11 11:46:04,174 DEBUG 层 4：检查 312 格，内部 70，边界 157
2026-09-11 11:46:04,175 DEBUG 层 5：检查 628 格，内部 149，边界 314
2026-09-11 11:46:04,175 DEBUG 层 6：检查 1256 格，内部 306，边界 625
2026-09-11 11:46:04,176 DEBUG 层 7：检查 2500 格，内部 601，边界 1250
2026-09-11 11:46:04,177 DEBUG 层 8：检查 5000 格，内部 1222，边界 2503
2026-09-11 11:46:04,179 DEBUG 层 9：检查 10012 格，内部 2497，边界 5005
2026-09-11 11:46:04,320 DEBUG 求解结束：sampled；可行点 17252，叶格 9901，边界格边长 0.035156 m
2026-09-11 11:46:04,321 INFO error_018_1.0 | 面积 1113.5189 [1110.4407, 1116.5970] m² | 定位误差 3.2333 m | sampled
2026-09-11 11:46:04,325 DEBUG 层 0：检查 40000 格，内部 2，边界 15
2026-09-11 11:46:04,325 DEBUG 层 1：检查 60 格，内部 10，边界 29
2026-09-11 11:46:04,325 DEBUG 层 2：检查 116 格，内部 25，边界 59
2026-09-11 11:46:04,326 DEBUG 层 3：检查 236 格，内部 51，边界 117
2026-09-11 11:46:04,326 DEBUG 层 4：检查 468 格，内部 116，边界 236
2026-09-11 11:46:04,326 DEBUG 层 5：检查 944 格，内部 223，边界 469
2026-09-11 11:46:04,326 DEBUG 层 6：检查 1876 格，内部 455，边界 938
2026-09-11 11:46:04,327 DEBUG 层 7：检查 3752 格，内部 927，边界 1877
2026-09-11 11:46:04,327 DEBUG 层 8：检查 7508 格，内部 1872，边界 3755
2026-09-11 11:46:04,329 DEBUG 层 9：检查 15020 格，内部 3757，边界 7511
2026-09-11 11:46:04,530 DEBUG 求解结束：sampled；可行点 26094，叶格 14949，边界格边长 0.035156 m
2026-09-11 11:46:04,532 INFO error_018_1.5 | 面积 2517.2731 [2512.6414, 2521.9049] m² | 定位误差 3.0105 m | sampled
2026-09-11 11:46:04,536 DEBUG 层 0：检查 40000 格，内部 6，边界 20
2026-09-11 11:46:04,536 DEBUG 层 1：检查 80 格，内部 14，边界 40
2026-09-11 11:46:04,537 DEBUG 层 2：检查 160 格，内部 32，边界 79
2026-09-11 11:46:04,537 DEBUG 层 3：检查 316 格，内部 75，边界 157
2026-09-11 11:46:04,537 DEBUG 层 4：检查 628 格，内部 140，边界 312
2026-09-11 11:46:04,537 DEBUG 层 5：检查 1248 格，内部 307，边界 627
2026-09-11 11:46:04,537 DEBUG 层 6：检查 2508 格，内部 608，边界 1252
2026-09-11 11:46:04,538 DEBUG 层 7：检查 5008 格，内部 1288，边界 2505
2026-09-11 11:46:04,539 DEBUG 层 8：检查 10020 格，内部 2467，边界 5010
2026-09-11 11:46:04,540 DEBUG 层 9：检查 20040 格，内部 4916，边界 10020
2026-09-11 11:46:04,789 DEBUG 求解结束：sampled；可行点 34680，叶格 19873，边界格边长 0.035156 m
2026-09-11 11:46:04,790 INFO error_018_2.0 | 面积 4484.1834 [4477.9954, 4490.3714] m² | 定位误差 2.7002 m | sampled
2026-09-11 11:46:04,794 DEBUG 层 0：检查 40000 格，内部 0，边界 4
2026-09-11 11:46:04,794 DEBUG 层 1：检查 16 格，内部 0，边界 3
2026-09-11 11:46:04,794 DEBUG 层 2：检查 12 格，内部 0，边界 5
2026-09-11 11:46:04,794 DEBUG 层 3：检查 20 格，内部 0，边界 11
2026-09-11 11:46:04,795 DEBUG 层 4：检查 44 格，内部 2，边界 20
2026-09-11 11:46:04,795 DEBUG 层 5：检查 80 格，内部 10，边界 39
2026-09-11 11:46:04,795 DEBUG 层 6：检查 156 格，内部 24，边界 76
2026-09-11 11:46:04,795 DEBUG 层 7：检查 304 格，内部 72，边界 157
2026-09-11 11:46:04,795 DEBUG 层 8：检查 628 格，内部 164，边界 318
2026-09-11 11:46:04,795 DEBUG 层 9：检查 1272 格，内部 303，边界 636
2026-09-11 11:46:04,817 DEBUG 求解结束：sampled；可行点 2050，叶格 1211，边界格边长 0.035156 m
2026-09-11 11:46:04,819 INFO error_019_0.2 | 面积 10.9631 [10.5690, 11.3573] m² | 定位误差 0.7269 m | sampled
2026-09-11 11:46:04,823 DEBUG 层 0：检查 40000 格，内部 0，边界 4
2026-09-11 11:46:04,824 DEBUG 层 1：检查 16 格，内部 0，边界 9
2026-09-11 11:46:04,824 DEBUG 层 2：检查 36 格，内部 3，边界 19
2026-09-11 11:46:04,824 DEBUG 层 3：检查 76 格，内部 14，边界 38
2026-09-11 11:46:04,824 DEBUG 层 4：检查 152 格，内部 35，边界 76
2026-09-11 11:46:04,824 DEBUG 层 5：检查 304 格，内部 71，边界 152
2026-09-11 11:46:04,824 DEBUG 层 6：检查 608 格，内部 158，边界 304
2026-09-11 11:46:04,825 DEBUG 层 7：检查 1216 格，内部 304，边界 608
2026-09-11 11:46:04,825 DEBUG 层 8：检查 2432 格，内部 603，边界 1217
2026-09-11 11:46:04,826 DEBUG 层 9：检查 4868 格，内部 1218，边界 2434
2026-09-11 11:46:04,900 DEBUG 求解结束：sampled；可行点 8414，叶格 4840，边界格边长 0.035156 m
2026-09-11 11:46:04,901 INFO error_019_0.5 | 面积 224.3611 [222.8588, 225.8634] m² | 定位误差 0.2726 m | sampled
2026-09-11 11:46:04,906 DEBUG 层 0：检查 40000 格，内部 1，边界 11
2026-09-11 11:46:04,906 DEBUG 层 1：检查 44 格，内部 1，边界 19
2026-09-11 11:46:04,906 DEBUG 层 2：检查 76 格，内部 15，边界 41
2026-09-11 11:46:04,906 DEBUG 层 3：检查 164 格，内部 32，边界 80
2026-09-11 11:46:04,906 DEBUG 层 4：检查 320 格，内部 73，边界 158
2026-09-11 11:46:04,907 DEBUG 层 5：检查 632 格，内部 152，边界 315
2026-09-11 11:46:04,907 DEBUG 层 6：检查 1260 格，内部 314，边界 632
2026-09-11 11:46:04,907 DEBUG 层 7：检查 2528 格，内部 626，边界 1264
2026-09-11 11:46:04,908 DEBUG 层 8：检查 5056 格，内部 1267，边界 2525
2026-09-11 11:46:04,909 DEBUG 层 9：检查 10100 格，内部 2516，边界 5050
2026-09-11 11:46:05,057 DEBUG 求解结束：sampled；可行点 17527，叶格 10047，边界格边长 0.035156 m
2026-09-11 11:46:05,060 INFO error_019_1.0 | 面积 1064.0291 [1060.9126, 1067.1456] m² | 定位误差 0.4030 m | sampled
2026-09-11 11:46:05,064 DEBUG 层 0：检查 40000 格，内部 4，边界 14
2026-09-11 11:46:05,065 DEBUG 层 1：检查 56 格，内部 4，边界 29
2026-09-11 11:46:05,065 DEBUG 层 2：检查 116 格，内部 15，边界 59
2026-09-11 11:46:05,066 DEBUG 层 3：检查 236 格，内部 52，边界 118
2026-09-11 11:46:05,066 DEBUG 层 4：检查 472 格，内部 105，边界 238
2026-09-11 11:46:05,067 DEBUG 层 5：检查 952 格，内部 228，边界 472
2026-09-11 11:46:05,067 DEBUG 层 6：检查 1888 格，内部 481，边界 947
2026-09-11 11:46:05,068 DEBUG 层 7：检查 3788 格，内部 950，边界 1894
2026-09-11 11:46:05,070 DEBUG 层 8：检查 7576 格，内部 1875，边界 3790
2026-09-11 11:46:05,071 DEBUG 层 9：检查 15160 格，内部 3780，边界 7580
2026-09-11 11:46:05,300 DEBUG 求解结束：sampled；可行点 26313，叶格 15074，边界格边长 0.035156 m
2026-09-11 11:46:05,303 INFO error_019_1.5 | 面积 2472.1398 [2467.4614, 2476.8182] m² | 定位误差 0.4879 m | sampled
2026-09-11 11:46:05,307 DEBUG 层 0：检查 40000 格，内部 5，边界 19
2026-09-11 11:46:05,307 DEBUG 层 1：检查 76 格，内部 17，边界 39
2026-09-11 11:46:05,307 DEBUG 层 2：检查 156 格，内部 32，边界 79
2026-09-11 11:46:05,307 DEBUG 层 3：检查 316 格，内部 80，边界 157
2026-09-11 11:46:05,308 DEBUG 层 4：检查 628 格，内部 151，边界 315
2026-09-11 11:46:05,308 DEBUG 层 5：检查 1260 格，内部 313，边界 631
2026-09-11 11:46:05,308 DEBUG 层 6：检查 2524 格，内部 618，边界 1265
2026-09-11 11:46:05,309 DEBUG 层 7：检查 5060 格，内部 1265，边界 2528
2026-09-11 11:46:05,310 DEBUG 层 8：检查 10112 格，内部 2531，边界 5055
2026-09-11 11:46:05,312 DEBUG 层 9：检查 20220 格，内部 5051，边界 10110
2026-09-11 11:46:05,567 DEBUG 求解结束：sampled；可行点 35238，叶格 20173，边界格边长 0.035156 m
2026-09-11 11:46:05,569 INFO error_019_2.0 | 面积 4445.2507 [4439.0110, 4451.4905] m² | 定位误差 0.6670 m | sampled
2026-09-11 11:46:05,573 DEBUG 层 0：检查 40000 格，内部 0，边界 3
2026-09-11 11:46:05,574 DEBUG 层 1：检查 12 格，内部 0，边界 3
2026-09-11 11:46:05,574 DEBUG 层 2：检查 12 格，内部 0，边界 6
2026-09-11 11:46:05,574 DEBUG 层 3：检查 24 格，内部 0，边界 12
2026-09-11 11:46:05,574 DEBUG 层 4：检查 48 格，内部 5，边界 25
2026-09-11 11:46:05,574 DEBUG 层 5：检查 100 格，内部 17，边界 49
2026-09-11 11:46:05,574 DEBUG 层 6：检查 196 格，内部 38，边界 97
2026-09-11 11:46:05,574 DEBUG 层 7：检查 388 格，内部 89，边界 196
2026-09-11 11:46:05,574 DEBUG 层 8：检查 784 格，内部 186，边界 393
2026-09-11 11:46:05,575 DEBUG 层 9：检查 1572 格，内部 389，边界 787
2026-09-11 11:46:05,591 DEBUG 求解结束：sampled；可行点 2588，叶格 1511，边界格边长 0.035156 m
2026-09-11 11:46:05,592 INFO error_020_0.2 | 面积 18.8291 [18.3451, 19.3131] m² | 定位误差 1.9790 m | sampled
2026-09-11 11:46:05,596 DEBUG 层 0：检查 40000 格，内部 0，边界 5
2026-09-11 11:46:05,596 DEBUG 层 1：检查 20 格，内部 0，边界 10
2026-09-11 11:46:05,596 DEBUG 层 2：检查 40 格，内部 5，边界 20
2026-09-11 11:46:05,596 DEBUG 层 3：检查 80 格，内部 11，边界 39
2026-09-11 11:46:05,597 DEBUG 层 4：检查 156 格，内部 29，边界 76
2026-09-11 11:46:05,597 DEBUG 层 5：检查 304 格，内部 74，边界 154
2026-09-11 11:46:05,597 DEBUG 层 6：检查 616 格，内部 143，边界 308
2026-09-11 11:46:05,597 DEBUG 层 7：检查 1232 格，内部 309，边界 614
2026-09-11 11:46:05,597 DEBUG 层 8：检查 2456 格，内部 611，边界 1227
2026-09-11 11:46:05,598 DEBUG 层 9：检查 4908 格，内部 1221，边界 2455
2026-09-11 11:46:05,655 DEBUG 求解结束：sampled；可行点 8455，叶格 4858，边界格边长 0.035156 m
2026-09-11 11:46:05,656 INFO error_020_0.5 | 面积 242.0097 [240.5046, 243.5148] m² | 定位误差 1.5686 m | sampled
2026-09-11 11:46:05,660 DEBUG 层 0：检查 40000 格，内部 1，边界 10
2026-09-11 11:46:05,660 DEBUG 层 1：检查 40 格，内部 1，边界 20
2026-09-11 11:46:05,660 DEBUG 层 2：检查 80 格，内部 15，边界 39
2026-09-11 11:46:05,660 DEBUG 层 3：检查 156 格，内部 36，边界 80
2026-09-11 11:46:05,660 DEBUG 层 4：检查 320 格，内部 74，边界 156
2026-09-11 11:46:05,661 DEBUG 层 5：检查 624 格，内部 151，边界 312
2026-09-11 11:46:05,661 DEBUG 层 6：检查 1248 格，内部 314，边界 621
2026-09-11 11:46:05,661 DEBUG 层 7：检查 2484 格，内部 614，边界 1243
2026-09-11 11:46:05,662 DEBUG 层 8：检查 4972 格，内部 1232，边界 2487
2026-09-11 11:46:05,662 DEBUG 层 9：检查 9948 格，内部 2470，边界 4974
2026-09-11 11:46:05,790 DEBUG 求解结束：sampled；可行点 17231，叶格 9882，边界格边长 0.035156 m
2026-09-11 11:46:05,792 INFO error_020_1.0 | 面积 1084.6700 [1081.6002, 1087.7398] m² | 定位误差 1.3653 m | sampled
2026-09-11 11:46:05,796 DEBUG 层 0：检查 40000 格，内部 2，边界 15
2026-09-11 11:46:05,796 DEBUG 层 1：检查 60 格，内部 9，边界 28
2026-09-11 11:46:05,796 DEBUG 层 2：检查 112 格，内部 24，边界 58
2026-09-11 11:46:05,797 DEBUG 层 3：检查 232 格，内部 64，边界 117
2026-09-11 11:46:05,797 DEBUG 层 4：检查 468 格，内部 129，边界 235
2026-09-11 11:46:05,797 DEBUG 层 5：检查 940 格，内部 195，边界 466
2026-09-11 11:46:05,797 DEBUG 层 6：检查 1864 格，内部 455，边界 932
2026-09-11 11:46:05,798 DEBUG 层 7：检查 3728 格，内部 989，边界 1864
2026-09-11 11:46:05,798 DEBUG 层 8：检查 7456 格，内部 1980，边界 3730
2026-09-11 11:46:05,800 DEBUG 层 9：检查 14920 格，内部 3673，边界 7461
2026-09-11 11:46:05,991 DEBUG 求解结束：sampled；可行点 26173，叶格 14981，边界格边长 0.035156 m
2026-09-11 11:46:05,993 INFO error_020_1.5 | 面积 2490.9575 [2486.4047, 2495.5103] m² | 定位误差 1.1502 m | sampled
2026-09-11 11:46:05,997 DEBUG 层 0：检查 40000 格，内部 6，边界 20
2026-09-11 11:46:05,997 DEBUG 层 1：检查 80 格，内部 15，边界 39
2026-09-11 11:46:05,997 DEBUG 层 2：检查 156 格，内部 30，边界 78
2026-09-11 11:46:05,997 DEBUG 层 3：检查 312 格，内部 65，边界 157
2026-09-11 11:46:05,997 DEBUG 层 4：检查 628 格，内部 130，边界 313
2026-09-11 11:46:05,997 DEBUG 层 5：检查 1252 格，内部 308，边界 624
2026-09-11 11:46:05,998 DEBUG 层 6：检查 2496 格，内部 620，边界 1245
2026-09-11 11:46:05,998 DEBUG 层 7：检查 4980 格，内部 1235，边界 2487
2026-09-11 11:46:06,000 DEBUG 层 8：检查 9948 格，内部 2478，边界 4976
2026-09-11 11:46:06,002 DEBUG 层 9：检查 19904 格，内部 4979，边界 9953
2026-09-11 11:46:06,257 DEBUG 求解结束：sampled；可行点 34607，叶格 19819，边界格边长 0.035156 m
2026-09-11 11:46:06,259 INFO error_020_2.0 | 面积 4461.6555 [4455.5231, 4467.7879] m² | 定位误差 0.8681 m | sampled
2026-09-11 11:46:06,263 DEBUG 层 0：检查 40000 格，内部 0，边界 1
2026-09-11 11:46:06,263 DEBUG 层 1：检查 4 格，内部 0，边界 4
2026-09-11 11:46:06,263 DEBUG 层 2：检查 16 格，内部 0，边界 6
2026-09-11 11:46:06,263 DEBUG 层 3：检查 24 格，内部 3，边界 12
2026-09-11 11:46:06,263 DEBUG 层 4：检查 48 格，内部 9，边界 24
2026-09-11 11:46:06,264 DEBUG 层 5：检查 96 格，内部 32，边界 50
2026-09-11 11:46:06,264 DEBUG 层 6：检查 200 格，内部 45，边界 100
2026-09-11 11:46:06,264 DEBUG 层 7：检查 400 格，内部 95，边界 202
2026-09-11 11:46:06,264 DEBUG 层 8：检查 808 格，内部 177，边界 405
2026-09-11 11:46:06,264 DEBUG 层 9：检查 1620 格，内部 416，边界 807
2026-09-11 11:46:06,282 DEBUG 求解结束：sampled；可行点 2753，叶格 1584，边界格边长 0.035156 m
2026-09-11 11:46:06,283 INFO error_021_0.2 | 面积 44.4790 [44.0043, 44.9538] m² | 定位误差 2.4044 m | sampled
2026-09-11 11:46:06,287 DEBUG 层 0：检查 40000 格，内部 0，边界 4
2026-09-11 11:46:06,288 DEBUG 层 1：检查 16 格，内部 1，边界 8
2026-09-11 11:46:06,288 DEBUG 层 2：检查 32 格，内部 4，边界 16
2026-09-11 11:46:06,288 DEBUG 层 3：检查 64 格，内部 6，边界 32
2026-09-11 11:46:06,288 DEBUG 层 4：检查 128 格，内部 39，边界 64
2026-09-11 11:46:06,288 DEBUG 层 5：检查 256 格，内部 62，边界 126
2026-09-11 11:46:06,288 DEBUG 层 6：检查 504 格，内部 136，边界 252
2026-09-11 11:46:06,288 DEBUG 层 7：检查 1008 格，内部 176，边界 506
2026-09-11 11:46:06,288 DEBUG 层 8：检查 2024 格，内部 509，边界 1012
2026-09-11 11:46:06,289 DEBUG 层 9：检查 4048 格，内部 1006，边界 2020
2026-09-11 11:46:06,341 DEBUG 求解结束：sampled；可行点 6891，叶格 3959，边界格边长 0.035156 m
2026-09-11 11:46:06,345 INFO error_021_0.5 | 面积 281.7853 [280.5618, 283.0087] m² | 定位误差 2.4299 m | sampled
2026-09-11 11:46:06,351 DEBUG 层 0：检查 40000 格，内部 1，边界 8
2026-09-11 11:46:06,351 DEBUG 层 1：检查 32 格，内部 4，边界 16
2026-09-11 11:46:06,351 DEBUG 层 2：检查 64 格，内部 11，边界 32
2026-09-11 11:46:06,351 DEBUG 层 3：检查 128 格，内部 18，边界 64
2026-09-11 11:46:06,351 DEBUG 层 4：检查 256 格，内部 81，边界 128
2026-09-11 11:46:06,352 DEBUG 层 5：检查 512 格，内部 73，边界 254
2026-09-11 11:46:06,352 DEBUG 层 6：检查 1016 格，内部 269，边界 506
2026-09-11 11:46:06,352 DEBUG 层 7：检查 2024 格，内部 339，边界 1010
2026-09-11 11:46:06,353 DEBUG 层 8：检查 4040 格，内部 1105，边界 2022
2026-09-11 11:46:06,353 DEBUG 层 9：检查 8088 格，内部 1921，边界 4044
2026-09-11 11:46:06,469 DEBUG 求解结束：sampled；可行点 13668，叶格 7866，边界格边长 0.035156 m
2026-09-11 11:46:06,470 INFO error_021_1.0 | 面积 1128.1979 [1125.7268, 1130.6691] m² | 定位误差 2.5282 m | sampled
2026-09-11 11:46:06,474 DEBUG 层 0：检查 40000 格，内部 2，边界 11
2026-09-11 11:46:06,474 DEBUG 层 1：检查 44 格，内部 11，边界 23
2026-09-11 11:46:06,475 DEBUG 层 2：检查 92 格，内部 24，边界 47
2026-09-11 11:46:06,475 DEBUG 层 3：检查 188 格，内部 45，边界 94
2026-09-11 11:46:06,475 DEBUG 层 4：检查 376 格，内部 132，边界 190
2026-09-11 11:46:06,475 DEBUG 层 5：检查 760 格，内部 193，边界 380
2026-09-11 11:46:06,475 DEBUG 层 6：检查 1520 格，内部 306，边界 762
2026-09-11 11:46:06,476 DEBUG 层 7：检查 3048 格，内部 766，边界 1524
2026-09-11 11:46:06,476 DEBUG 层 8：检查 6096 格，内部 1575，边界 3044
2026-09-11 11:46:06,478 DEBUG 层 9：检查 12176 格，内部 3035，边界 6086
2026-09-11 11:46:06,662 DEBUG 求解结束：sampled；可行点 21269，叶格 12175，边界格边长 0.035156 m
2026-09-11 11:46:06,664 INFO error_021_1.5 | 面积 2539.1918 [2535.5206, 2542.8631] m² | 定位误差 2.6995 m | sampled
2026-09-11 11:46:06,668 DEBUG 层 0：检查 40000 格，内部 7，边界 16
2026-09-11 11:46:06,668 DEBUG 层 1：检查 64 格，内部 11，边界 32
2026-09-11 11:46:06,668 DEBUG 层 2：检查 128 格，内部 36，边界 64
2026-09-11 11:46:06,668 DEBUG 层 3：检查 256 格，内部 56，边界 128
2026-09-11 11:46:06,668 DEBUG 层 4：检查 512 格，内部 146，边界 256
2026-09-11 11:46:06,669 DEBUG 层 5：检查 1024 格，内部 236，边界 510
2026-09-11 11:46:06,669 DEBUG 层 6：检查 2040 格，内部 512，边界 1022
2026-09-11 11:46:06,670 DEBUG 层 7：检查 4088 格，内部 1015，边界 2044
2026-09-11 11:46:06,671 DEBUG 层 8：检查 8176 格，内部 2034，边界 4086
2026-09-11 11:46:06,673 DEBUG 层 9：检查 16344 格，内部 4112，边界 8171
2026-09-11 11:46:06,908 DEBUG 求解结束：sampled；可行点 28559，叶格 16336，边界格边长 0.035156 m
2026-09-11 11:46:06,909 INFO error_021_2.0 | 面积 4516.7178 [4511.6695, 4521.7660] m² | 定位误差 2.9518 m | sampled
2026-09-11 11:46:06,913 DEBUG 层 0：检查 40000 格，内部 0，边界 1
2026-09-11 11:46:06,914 DEBUG 层 1：检查 4 格，内部 0，边界 3
2026-09-11 11:46:06,914 DEBUG 层 2：检查 12 格，内部 0，边界 5
2026-09-11 11:46:06,914 DEBUG 层 3：检查 20 格，内部 0，边界 10
2026-09-11 11:46:06,915 DEBUG 层 4：检查 40 格，内部 3，边界 22
2026-09-11 11:46:06,915 DEBUG 层 5：检查 88 格，内部 12，边界 43
2026-09-11 11:46:06,915 DEBUG 层 6：检查 172 格，内部 28，边界 87
2026-09-11 11:46:06,916 DEBUG 层 7：检查 348 格，内部 95，边界 175
2026-09-11 11:46:06,917 DEBUG 层 8：检查 700 格，内部 200，边界 349
2026-09-11 11:46:06,917 DEBUG 层 9：检查 1396 格，内部 360，边界 697
2026-09-11 11:46:06,943 DEBUG 求解结束：sampled；可行点 2387，叶格 1395，边界格边长 0.035156 m
2026-09-11 11:46:06,944 INFO error_022_0.2 | 面积 13.9661 [13.5325, 14.3996] m² | 定位误差 3.6111 m | sampled
2026-09-11 11:46:06,948 DEBUG 层 0：检查 40000 格，内部 0，边界 5
2026-09-11 11:46:06,949 DEBUG 层 1：检查 20 格，内部 0，边界 9
2026-09-11 11:46:06,949 DEBUG 层 2：检查 36 格，内部 4，边界 18
2026-09-11 11:46:06,949 DEBUG 层 3：检查 72 格，内部 11，边界 36
2026-09-11 11:46:06,949 DEBUG 层 4：检查 144 格，内部 35，边界 72
2026-09-11 11:46:06,949 DEBUG 层 5：检查 288 格，内部 80，边界 143
2026-09-11 11:46:06,949 DEBUG 层 6：检查 572 格，内部 155，边界 287
2026-09-11 11:46:06,949 DEBUG 层 7：检查 1148 格，内部 288，边界 574
2026-09-11 11:46:06,950 DEBUG 层 8：检查 2296 格，内部 563，边界 1146
2026-09-11 11:46:06,950 DEBUG 层 9：检查 4584 格，内部 1136，边界 2294
2026-09-11 11:46:07,002 DEBUG 求解结束：sampled；可行点 7947，叶格 4566，边界格边长 0.035156 m
2026-09-11 11:46:07,004 INFO error_022_0.5 | 面积 231.2525 [229.8382, 232.6667] m² | 定位误差 3.6176 m | sampled
2026-09-11 11:46:07,008 DEBUG 层 0：检查 40000 格，内部 0，边界 8
2026-09-11 11:46:07,009 DEBUG 层 1：检查 32 格，内部 5，边界 18
2026-09-11 11:46:07,009 DEBUG 层 2：检查 72 格，内部 16，边界 37
2026-09-11 11:46:07,009 DEBUG 层 3：检查 148 格，内部 33，边界 72
2026-09-11 11:46:07,009 DEBUG 层 4：检查 288 格，内部 64，边界 145
2026-09-11 11:46:07,009 DEBUG 层 5：检查 580 格，内部 140，边界 292
2026-09-11 11:46:07,010 DEBUG 层 6：检查 1168 格，内部 293，边界 582
2026-09-11 11:46:07,010 DEBUG 层 7：检查 2328 格，内部 555，边界 1162
2026-09-11 11:46:07,011 DEBUG 层 8：检查 4648 格，内部 1181，边界 2325
2026-09-11 11:46:07,012 DEBUG 层 9：检查 9300 格，内部 2289，边界 4651
2026-09-11 11:46:07,125 DEBUG 求解结束：sampled；可行点 16093，叶格 9227，边界格边长 0.035156 m
2026-09-11 11:46:07,127 INFO error_022_1.0 | 面积 1069.8364 [1066.9729, 1072.7000] m² | 定位误差 3.7304 m | sampled
2026-09-11 11:46:07,131 DEBUG 层 0：检查 40000 格，内部 1，边界 14
2026-09-11 11:46:07,131 DEBUG 层 1：检查 56 格，内部 14，边界 26
2026-09-11 11:46:07,131 DEBUG 层 2：检查 104 格，内部 23，边界 54
2026-09-11 11:46:07,131 DEBUG 层 3：检查 216 格，内部 55，边界 109
2026-09-11 11:46:07,131 DEBUG 层 4：检查 436 格，内部 105，边界 219
2026-09-11 11:46:07,131 DEBUG 层 5：检查 876 格，内部 206，边界 437
2026-09-11 11:46:07,132 DEBUG 层 6：检查 1748 格，内部 439，边界 873
2026-09-11 11:46:07,132 DEBUG 层 7：检查 3492 格，内部 865，边界 1744
2026-09-11 11:46:07,133 DEBUG 层 8：检查 6976 格，内部 1752，边界 3491
2026-09-11 11:46:07,134 DEBUG 层 9：检查 13964 格，内部 3489，边界 6978
2026-09-11 11:46:07,300 DEBUG 求解结束：sampled；可行点 24335，叶格 13927，边界格边长 0.035156 m
2026-09-11 11:46:07,302 INFO error_022_1.5 | 面积 2473.6491 [2469.3478, 2477.9504] m² | 定位误差 3.5999 m | sampled
2026-09-11 11:46:07,306 DEBUG 层 0：检查 40000 格，内部 7，边界 18
2026-09-11 11:46:07,307 DEBUG 层 1：检查 72 格，内部 10，边界 35
2026-09-11 11:46:07,307 DEBUG 层 2：检查 140 格，内部 31，边界 73
2026-09-11 11:46:07,307 DEBUG 层 3：检查 292 格，内部 71，边界 147
2026-09-11 11:46:07,307 DEBUG 层 4：检查 588 格，内部 148，边界 292
2026-09-11 11:46:07,307 DEBUG 层 5：检查 1168 格，内部 285，边界 582
2026-09-11 11:46:07,307 DEBUG 层 6：检查 2328 格，内部 588，边界 1165
2026-09-11 11:46:07,308 DEBUG 层 7：检查 4660 格，内部 1156，边界 2326
2026-09-11 11:46:07,309 DEBUG 层 8：检查 9304 格，内部 2324，边界 4656
2026-09-11 11:46:07,310 DEBUG 层 9：检查 18624 格，内部 4635，边界 9311
2026-09-11 11:46:07,546 DEBUG 求解结束：sampled；可行点 32431，叶格 18566，边界格边长 0.035156 m
2026-09-11 11:46:07,547 INFO error_022_2.0 | 面积 4440.7223 [4434.9728, 4446.4719] m² | 定位误差 3.3767 m | sampled
2026-09-11 11:46:07,551 DEBUG 层 0：检查 40000 格，内部 0，边界 2
2026-09-11 11:46:07,551 DEBUG 层 1：检查 8 格，内部 0，边界 4
2026-09-11 11:46:07,551 DEBUG 层 2：检查 16 格，内部 0，边界 5
2026-09-11 11:46:07,552 DEBUG 层 3：检查 20 格，内部 0，边界 10
2026-09-11 11:46:07,552 DEBUG 层 4：检查 40 格，内部 1，边界 18
2026-09-11 11:46:07,552 DEBUG 层 5：检查 72 格，内部 13，边界 40
2026-09-11 11:46:07,552 DEBUG 层 6：检查 160 格，内部 41，边界 76
2026-09-11 11:46:07,552 DEBUG 层 7：检查 304 格，内部 63，边界 150
2026-09-11 11:46:07,552 DEBUG 层 8：检查 600 格，内部 140，边界 303
2026-09-11 11:46:07,552 DEBUG 层 9：检查 1212 格，内部 297，边界 604
2026-09-11 11:46:07,565 DEBUG 求解结束：sampled；可行点 1968，叶格 1159，边界格边长 0.035156 m
2026-09-11 11:46:07,566 INFO error_023_0.2 | 面积 11.6571 [11.2859, 12.0284] m² | 定位误差 0.1504 m | sampled
2026-09-11 11:46:07,570 DEBUG 层 0：检查 40000 格，内部 0，边界 4
2026-09-11 11:46:07,570 DEBUG 层 1：检查 16 格，内部 0，边界 8
2026-09-11 11:46:07,570 DEBUG 层 2：检查 32 格，内部 3，边界 18
2026-09-11 11:46:07,570 DEBUG 层 3：检查 72 格，内部 14，边界 35
2026-09-11 11:46:07,571 DEBUG 层 4：检查 140 格，内部 39，边界 70
2026-09-11 11:46:07,571 DEBUG 层 5：检查 280 格，内部 68，边界 142
2026-09-11 11:46:07,571 DEBUG 层 6：检查 568 格，内部 136，边界 285
2026-09-11 11:46:07,571 DEBUG 层 7：检查 1140 格，内部 279，边界 573
2026-09-11 11:46:07,571 DEBUG 层 8：检查 2292 格，内部 563，边界 1148
2026-09-11 11:46:07,572 DEBUG 层 9：检查 4592 格，内部 1152，边界 2292
2026-09-11 11:46:07,624 DEBUG 求解结束：sampled；可行点 7900，叶格 4546，边界格边长 0.035156 m
2026-09-11 11:46:07,626 INFO error_023_0.5 | 面积 225.7877 [224.3753, 227.2001] m² | 定位误差 0.5631 m | sampled
2026-09-11 11:46:07,629 DEBUG 层 0：检查 40000 格，内部 0，边界 10
2026-09-11 11:46:07,630 DEBUG 层 1：检查 40 格，内部 4，边界 20
2026-09-11 11:46:07,630 DEBUG 层 2：检查 80 格，内部 18，边界 38
2026-09-11 11:46:07,630 DEBUG 层 3：检查 152 格，内部 34，边界 75
2026-09-11 11:46:07,630 DEBUG 层 4：检查 300 格，内部 84，边界 150
2026-09-11 11:46:07,630 DEBUG 层 5：检查 600 格，内部 159，边界 300
2026-09-11 11:46:07,631 DEBUG 层 6：检查 1200 格，内部 295，边界 599
2026-09-11 11:46:07,631 DEBUG 层 7：检查 2396 格，内部 602，边界 1200
2026-09-11 11:46:07,632 DEBUG 层 8：检查 4800 格，内部 1193，边界 2396
2026-09-11 11:46:07,632 DEBUG 层 9：检查 9584 格，内部 2371，边界 4794
2026-09-11 11:46:07,746 DEBUG 求解结束：sampled；可行点 16667，叶格 9554，边界格边长 0.035156 m
2026-09-11 11:46:07,748 INFO error_023_1.0 | 面积 1067.1871 [1064.2414, 1070.1329] m² | 定位误差 0.7121 m | sampled
2026-09-11 11:46:07,752 DEBUG 层 0：检查 40000 格，内部 2，边界 14
2026-09-11 11:46:07,753 DEBUG 层 1：检查 56 格，内部 8，边界 29
2026-09-11 11:46:07,753 DEBUG 层 2：检查 116 格，内部 30，边界 56
2026-09-11 11:46:07,753 DEBUG 层 3：检查 224 格，内部 55，边界 113
2026-09-11 11:46:07,753 DEBUG 层 4：检查 452 格，内部 118，边界 225
2026-09-11 11:46:07,753 DEBUG 层 5：检查 900 格，内部 226，边界 449
2026-09-11 11:46:07,753 DEBUG 层 6：检查 1796 格，内部 427，边界 899
2026-09-11 11:46:07,754 DEBUG 层 7：检查 3596 格，内部 891，边界 1798
2026-09-11 11:46:07,754 DEBUG 层 8：检查 7192 格，内部 1787，边界 3597
2026-09-11 11:46:07,756 DEBUG 层 9：检查 14388 格，内部 3612，边界 7193
2026-09-11 11:46:07,943 DEBUG 求解结束：sampled；可行点 25063，叶格 14349，边界格边长 0.035156 m
2026-09-11 11:46:07,947 INFO error_023_1.5 | 面积 2476.3260 [2471.9041, 2480.7480] m² | 定位误差 0.9262 m | sampled
2026-09-11 11:46:07,953 DEBUG 层 0：检查 40000 格，内部 6，边界 19
2026-09-11 11:46:07,954 DEBUG 层 1：检查 76 格，内部 12，边界 36
2026-09-11 11:46:07,954 DEBUG 层 2：检查 144 格，内部 37，边界 76
2026-09-11 11:46:07,954 DEBUG 层 3：检查 304 格，内部 79，边界 150
2026-09-11 11:46:07,954 DEBUG 层 4：检查 600 格，内部 156，边界 300
2026-09-11 11:46:07,955 DEBUG 层 5：检查 1200 格，内部 275，边界 600
2026-09-11 11:46:07,955 DEBUG 层 6：检查 2400 格，内部 604，边界 1200
2026-09-11 11:46:07,955 DEBUG 层 7：检查 4800 格，内部 1200，边界 2401
2026-09-11 11:46:07,956 DEBUG 层 8：检查 9604 格，内部 2441，边界 4798
2026-09-11 11:46:07,958 DEBUG 层 9：检查 19192 格，内部 4797，边界 9596
2026-09-11 11:46:08,249 DEBUG 求解结束：sampled；可行点 33530，叶格 19203，边界格边长 0.035156 m
2026-09-11 11:46:08,250 INFO error_023_2.0 | 面积 4450.8754 [4444.9779, 4456.7730] m² | 定位误差 1.2367 m | sampled
2026-09-11 11:46:08,255 DEBUG 层 0：检查 40000 格，内部 0，边界 3
2026-09-11 11:46:08,255 DEBUG 层 1：检查 12 格，内部 0，边界 3
2026-09-11 11:46:08,255 DEBUG 层 2：检查 12 格，内部 0，边界 7
2026-09-11 11:46:08,255 DEBUG 层 3：检查 28 格，内部 2，边界 13
2026-09-11 11:46:08,256 DEBUG 层 4：检查 52 格，内部 7，边界 26
2026-09-11 11:46:08,256 DEBUG 层 5：检查 104 格，内部 19，边界 54
2026-09-11 11:46:08,256 DEBUG 层 6：检查 216 格，内部 45，边界 106
2026-09-11 11:46:08,256 DEBUG 层 7：检查 424 格，内部 103，边界 212
2026-09-11 11:46:08,256 DEBUG 层 8：检查 848 格，内部 208，边界 424
2026-09-11 11:46:08,257 DEBUG 层 9：检查 1696 格，内部 418，边界 848
2026-09-11 11:46:08,280 DEBUG 求解结束：sampled；可行点 2845，叶格 1650，边界格边长 0.035156 m
2026-09-11 11:46:08,281 INFO error_024_0.2 | 面积 33.1664 [32.6479, 33.6849] m² | 定位误差 3.2288 m | sampled
2026-09-11 11:46:08,285 DEBUG 层 0：检查 40000 格，内部 0，边界 4
2026-09-11 11:46:08,286 DEBUG 层 1：检查 16 格，内部 1，边界 9
2026-09-11 11:46:08,286 DEBUG 层 2：检查 36 格，内部 3，边界 18
2026-09-11 11:46:08,286 DEBUG 层 3：检查 72 格，内部 8，边界 35
2026-09-11 11:46:08,286 DEBUG 层 4：检查 140 格，内部 31，边界 70
2026-09-11 11:46:08,286 DEBUG 层 5：检查 280 格，内部 72，边界 141
2026-09-11 11:46:08,286 DEBUG 层 6：检查 564 格，内部 140，边界 279
2026-09-11 11:46:08,287 DEBUG 层 7：检查 1116 格，内部 278，边界 559
2026-09-11 11:46:08,287 DEBUG 层 8：检查 2236 格，内部 543，边界 1117
2026-09-11 11:46:08,288 DEBUG 层 9：检查 4468 格，内部 1102，边界 2233
2026-09-11 11:46:08,355 DEBUG 求解结束：sampled；可行点 7684，叶格 4411，边界格边长 0.035156 m
2026-09-11 11:46:08,357 INFO error_024_0.5 | 面积 267.5904 [266.2379, 268.9428] m² | 定位误差 3.3909 m | sampled
2026-09-11 11:46:08,360 DEBUG 层 0：检查 40000 格，内部 0，边界 9
2026-09-11 11:46:08,360 DEBUG 层 1：检查 36 格，内部 6，边界 18
2026-09-11 11:46:08,360 DEBUG 层 2：检查 72 格，内部 16，边界 35
2026-09-11 11:46:08,361 DEBUG 层 3：检查 140 格，内部 24，边界 70
2026-09-11 11:46:08,361 DEBUG 层 4：检查 280 格，内部 69，边界 140
2026-09-11 11:46:08,361 DEBUG 层 5：检查 560 格，内部 138，边界 280
2026-09-11 11:46:08,361 DEBUG 层 6：检查 1120 格，内部 284，边界 560
2026-09-11 11:46:08,361 DEBUG 层 7：检查 2240 格，内部 563，边界 1116
2026-09-11 11:46:08,362 DEBUG 层 8：检查 4464 格，内部 1099，边界 2234
2026-09-11 11:46:08,363 DEBUG 层 9：检查 8936 格，内部 2230，边界 4468
2026-09-11 11:46:08,497 DEBUG 求解结束：sampled；可行点 15533，叶格 8897，边界格边长 0.035156 m
2026-09-11 11:46:08,499 INFO error_024_1.0 | 面积 1109.7656 [1107.0134, 1112.5177] m² | 定位误差 3.2926 m | sampled
2026-09-11 11:46:08,503 DEBUG 层 0：检查 40000 格，内部 4，边界 13
2026-09-11 11:46:08,503 DEBUG 层 1：检查 52 格，内部 3，边界 26
2026-09-11 11:46:08,504 DEBUG 层 2：检查 104 格，内部 23，边界 52
2026-09-11 11:46:08,504 DEBUG 层 3：检查 208 格，内部 51，边界 105
2026-09-11 11:46:08,504 DEBUG 层 4：检查 420 格，内部 93，边界 211
2026-09-11 11:46:08,504 DEBUG 层 5：检查 844 格，内部 201，边界 419
2026-09-11 11:46:08,504 DEBUG 层 6：检查 1676 格，内部 409，边界 837
2026-09-11 11:46:08,505 DEBUG 层 7：检查 3348 格，内部 834，边界 1675
2026-09-11 11:46:08,506 DEBUG 层 8：检查 6700 格，内部 1639，边界 3352
2026-09-11 11:46:08,507 DEBUG 层 9：检查 13408 格，内部 3343，边界 6705
2026-09-11 11:46:08,714 DEBUG 求解结束：sampled；可行点 23220，叶格 13305，边界格边长 0.035156 m
2026-09-11 11:46:08,716 INFO error_024_1.5 | 面积 2513.5418 [2509.4081, 2517.6754] m² | 定位误差 3.0907 m | sampled
2026-09-11 11:46:08,720 DEBUG 层 0：检查 40000 格，内部 5，边界 18
2026-09-11 11:46:08,720 DEBUG 层 1：检查 72 格，内部 20，边界 34
2026-09-11 11:46:08,720 DEBUG 层 2：检查 136 格，内部 28，边界 70
2026-09-11 11:46:08,721 DEBUG 层 3：检查 280 格，内部 63，边界 141
2026-09-11 11:46:08,721 DEBUG 层 4：检查 564 格，内部 138，边界 279
2026-09-11 11:46:08,721 DEBUG 层 5：检查 1116 格，内部 273，边界 558
2026-09-11 11:46:08,721 DEBUG 层 6：检查 2232 格，内部 563，边界 1116
2026-09-11 11:46:08,722 DEBUG 层 7：检查 4464 格，内部 1097，边界 2236
2026-09-11 11:46:08,723 DEBUG 层 8：检查 8944 格，内部 2217，边界 4472
2026-09-11 11:46:08,724 DEBUG 层 9：检查 17888 格，内部 4463，边界 8943
2026-09-11 11:46:08,992 DEBUG 求解结束：sampled；可行点 31107，叶格 17810，边界格边长 0.035156 m
2026-09-11 11:46:08,993 INFO error_024_2.0 | 面积 4480.6953 [4475.1740, 4486.2167] m² | 定位误差 2.8071 m | sampled
2026-09-11 11:46:08,997 DEBUG 层 0：检查 40000 格，内部 0，边界 3
2026-09-11 11:46:08,998 DEBUG 层 1：检查 12 格，内部 0，边界 3
2026-09-11 11:46:08,998 DEBUG 层 2：检查 12 格，内部 0，边界 6
2026-09-11 11:46:08,998 DEBUG 层 3：检查 24 格，内部 0，边界 9
2026-09-11 11:46:08,998 DEBUG 层 4：检查 36 格，内部 2，边界 21
2026-09-11 11:46:08,998 DEBUG 层 5：检查 84 格，内部 11，边界 41
2026-09-11 11:46:08,998 DEBUG 层 6：检查 164 格，内部 31，边界 84
2026-09-11 11:46:08,998 DEBUG 层 7：检查 336 格，内部 73，边界 168
2026-09-11 11:46:08,999 DEBUG 层 8：检查 672 格，内部 151，边界 335
2026-09-11 11:46:08,999 DEBUG 层 9：检查 1340 格，内部 329，边界 670
2026-09-11 11:46:09,018 DEBUG 求解结束：sampled；可行点 2144，叶格 1267，边界格边长 0.035156 m
2026-09-11 11:46:09,019 INFO error_025_0.2 | 面积 11.8742 [11.4605, 12.2879] m² | 定位误差 0.9658 m | sampled
2026-09-11 11:46:09,023 DEBUG 层 0：检查 40000 格，内部 0，边界 4
2026-09-11 11:46:09,023 DEBUG 层 1：检查 16 格，内部 0，边界 8
2026-09-11 11:46:09,024 DEBUG 层 2：检查 32 格，内部 3，边界 18
2026-09-11 11:46:09,024 DEBUG 层 3：检查 72 格，内部 12，边界 39
2026-09-11 11:46:09,024 DEBUG 层 4：检查 156 格，内部 43，边界 75
2026-09-11 11:46:09,024 DEBUG 层 5：检查 300 格，内部 78，边界 152
2026-09-11 11:46:09,024 DEBUG 层 6：检查 608 格，内部 161，边界 307
2026-09-11 11:46:09,024 DEBUG 层 7：检查 1228 格，内部 276，边界 613
2026-09-11 11:46:09,025 DEBUG 层 8：检查 2452 格，内部 607，边界 1227
2026-09-11 11:46:09,025 DEBUG 层 9：检查 4908 格，内部 1204，边界 2454
2026-09-11 11:46:09,091 DEBUG 求解结束：sampled；可行点 8409，叶格 4838，边界格边长 0.035156 m
2026-09-11 11:46:09,093 INFO error_025_0.5 | 面积 226.2742 [224.7835, 227.7649] m² | 定位误差 1.3155 m | sampled
2026-09-11 11:46:09,097 DEBUG 层 0：检查 40000 格，内部 0，边界 11
2026-09-11 11:46:09,097 DEBUG 层 1：检查 44 格，内部 6，边界 21
2026-09-11 11:46:09,097 DEBUG 层 2：检查 84 格，内部 11，边界 39
2026-09-11 11:46:09,097 DEBUG 层 3：检查 156 格，内部 33，边界 78
2026-09-11 11:46:09,098 DEBUG 层 4：检查 312 格，内部 75，边界 157
2026-09-11 11:46:09,098 DEBUG 层 5：检查 628 格，内部 142，边界 314
2026-09-11 11:46:09,098 DEBUG 层 6：检查 1256 格，内部 303，边界 631
2026-09-11 11:46:09,098 DEBUG 层 7：检查 2524 格，内部 629，边界 1262
2026-09-11 11:46:09,099 DEBUG 层 8：检查 5048 格，内部 1258，边界 2524
2026-09-11 11:46:09,100 DEBUG 层 9：检查 10096 格，内部 2524，边界 5048
2026-09-11 11:46:09,250 DEBUG 求解结束：sampled；可行点 17486，叶格 10029，边界格边长 0.035156 m
2026-09-11 11:46:09,252 INFO error_025_1.0 | 面积 1067.6060 [1064.5000, 1070.7120] m² | 定位误差 1.1874 m | sampled
2026-09-11 11:46:09,256 DEBUG 层 0：检查 40000 格，内部 3，边界 14
2026-09-11 11:46:09,256 DEBUG 层 1：检查 56 格，内部 6，边界 30
2026-09-11 11:46:09,256 DEBUG 层 2：检查 120 格，内部 23，边界 60
2026-09-11 11:46:09,257 DEBUG 层 3：检查 240 格，内部 53，边界 118
2026-09-11 11:46:09,257 DEBUG 层 4：检查 472 格，内部 104，边界 237
2026-09-11 11:46:09,257 DEBUG 层 5：检查 948 格，内部 233，边界 475
2026-09-11 11:46:09,257 DEBUG 层 6：检查 1900 格，内部 467，边界 949
2026-09-11 11:46:09,258 DEBUG 层 7：检查 3796 格，内部 951，边界 1894
2026-09-11 11:46:09,259 DEBUG 层 8：检查 7576 格，内部 1885，边界 3789
2026-09-11 11:46:09,260 DEBUG 层 9：检查 15156 格，内部 3787，边界 7576
2026-09-11 11:46:09,493 DEBUG 求解结束：sampled；可行点 26335，叶格 15088，边界格边长 0.035156 m
2026-09-11 11:46:09,495 INFO error_025_1.5 | 面积 2476.4819 [2471.8067, 2481.1571] m² | 定位误差 1.2252 m | sampled
2026-09-11 11:46:09,499 DEBUG 层 0：检查 40000 格，内部 5，边界 20
2026-09-11 11:46:09,499 DEBUG 层 1：检查 80 格，内部 16，边界 40
2026-09-11 11:46:09,499 DEBUG 层 2：检查 160 格，内部 37，边界 78
2026-09-11 11:46:09,499 DEBUG 层 3：检查 312 格，内部 78，边界 158
2026-09-11 11:46:09,500 DEBUG 层 4：检查 632 格，内部 147，边界 316
2026-09-11 11:46:09,500 DEBUG 层 5：检查 1264 格，内部 311，边界 631
2026-09-11 11:46:09,500 DEBUG 层 6：检查 2524 格，内部 630，边界 1265
2026-09-11 11:46:09,501 DEBUG 层 7：检查 5060 格，内部 1272，边界 2527
2026-09-11 11:46:09,502 DEBUG 层 8：检查 10108 格，内部 2512，边界 5053
2026-09-11 11:46:09,504 DEBUG 层 9：检查 20212 格，内部 5042，边界 10107
2026-09-11 11:46:09,794 DEBUG 求解结束：sampled；可行点 35211，叶格 20157，边界格边长 0.035156 m
2026-09-11 11:46:09,796 INFO error_025_2.0 | 面积 4450.6599 [4444.4270, 4456.8929] m² | 定位误差 1.3872 m | sampled
2026-09-11 11:46:09,800 DEBUG 层 0：检查 40000 格，内部 0，边界 3
2026-09-11 11:46:09,800 DEBUG 层 1：检查 12 格，内部 0，边界 5
2026-09-11 11:46:09,800 DEBUG 层 2：检查 20 格，内部 0，边界 7
2026-09-11 11:46:09,800 DEBUG 层 3：检查 28 格，内部 3，边界 15
2026-09-11 11:46:09,800 DEBUG 层 4：检查 60 格，内部 9，边界 31
2026-09-11 11:46:09,800 DEBUG 层 5：检查 124 格，内部 26，边界 63
2026-09-11 11:46:09,801 DEBUG 层 6：检查 252 格，内部 66，边界 126
2026-09-11 11:46:09,801 DEBUG 层 7：检查 504 格，内部 126，边界 252
2026-09-11 11:46:09,801 DEBUG 层 8：检查 1008 格，内部 249，边界 505
2026-09-11 11:46:09,801 DEBUG 层 9：检查 2020 格，内部 500，边界 1009
2026-09-11 11:46:09,832 DEBUG 求解结束：sampled；可行点 3433，叶格 1988，边界格边长 0.035156 m
2026-09-11 11:46:09,834 INFO error_026_0.2 | 面积 45.5891 [44.9705, 46.2077] m² | 定位误差 1.0553 m | sampled
2026-09-11 11:46:09,840 DEBUG 层 0：检查 40000 格，内部 0，边界 5
2026-09-11 11:46:09,840 DEBUG 层 1：检查 20 格，内部 1，边界 9
2026-09-11 11:46:09,840 DEBUG 层 2：检查 36 格，内部 2，边界 20
2026-09-11 11:46:09,840 DEBUG 层 3：检查 80 格，内部 15，边界 40
2026-09-11 11:46:09,841 DEBUG 层 4：检查 160 格，内部 31，边界 78
2026-09-11 11:46:09,841 DEBUG 层 5：检查 312 格，内部 64，边界 157
2026-09-11 11:46:09,841 DEBUG 层 6：检查 628 格，内部 150，边界 316
2026-09-11 11:46:09,842 DEBUG 层 7：检查 1264 格，内部 313，边界 631
2026-09-11 11:46:09,842 DEBUG 层 8：检查 2524 格，内部 630，边界 1263
2026-09-11 11:46:09,842 DEBUG 层 9：检查 5052 格，内部 1254，边界 2525
2026-09-11 11:46:09,915 DEBUG 求解结束：sampled；可行点 8667，叶格 4985，边界格边长 0.035156 m
2026-09-11 11:46:09,916 INFO error_026_0.5 | 面积 282.7289 [281.1779, 284.2799] m² | 定位误差 1.0738 m | sampled
2026-09-11 11:46:09,920 DEBUG 层 0：检查 40000 格，内部 0，边界 10
2026-09-11 11:46:09,920 DEBUG 层 1：检查 40 格，内部 6，边界 19
2026-09-11 11:46:09,920 DEBUG 层 2：检查 76 格，内部 13，边界 39
2026-09-11 11:46:09,920 DEBUG 层 3：检查 156 格，内部 36，边界 79
2026-09-11 11:46:09,920 DEBUG 层 4：检查 316 格，内部 78，边界 157
2026-09-11 11:46:09,921 DEBUG 层 5：检查 628 格，内部 153，边界 316
2026-09-11 11:46:09,921 DEBUG 层 6：检查 1264 格，内部 281，边界 631
2026-09-11 11:46:09,921 DEBUG 层 7：检查 2524 格，内部 588，边界 1262
2026-09-11 11:46:09,922 DEBUG 层 8：检查 5048 格，内部 1287，边界 2526
2026-09-11 11:46:09,923 DEBUG 层 9：检查 10104 格，内部 2565，边界 5051
2026-09-11 11:46:10,062 DEBUG 求解结束：sampled；可行点 17565，叶格 10058，边界格边长 0.035156 m
2026-09-11 11:46:10,064 INFO error_026_1.0 | 面积 1128.2225 [1125.1246, 1131.3204] m² | 定位误差 1.1484 m | sampled
2026-09-11 11:46:10,068 DEBUG 层 0：检查 40000 格，内部 3，边界 15
2026-09-11 11:46:10,068 DEBUG 层 1：检查 60 格，内部 6，边界 30
2026-09-11 11:46:10,068 DEBUG 层 2：检查 120 格，内部 26，边界 59
2026-09-11 11:46:10,068 DEBUG 层 3：检查 236 格，内部 52，边界 118
2026-09-11 11:46:10,069 DEBUG 层 4：检查 472 格，内部 109，边界 238
2026-09-11 11:46:10,069 DEBUG 层 5：检查 952 格，内部 232，边界 473
2026-09-11 11:46:10,069 DEBUG 层 6：检查 1892 格，内部 460，边界 948
2026-09-11 11:46:10,070 DEBUG 层 7：检查 3792 格，内部 939，边界 1893
2026-09-11 11:46:10,070 DEBUG 层 8：检查 7572 格，内部 1909，边界 3790
2026-09-11 11:46:10,072 DEBUG 层 9：检查 15160 格，内部 3776，边界 7578
2026-09-11 11:46:10,297 DEBUG 求解结束：sampled；可行点 26355，叶格 15090，边界格边长 0.035156 m
2026-09-11 11:46:10,299 INFO error_026_1.5 | 面积 2537.4853 [2532.8255, 2542.1450] m² | 定位误差 1.2946 m | sampled
2026-09-11 11:46:10,303 DEBUG 层 0：检查 40000 格，内部 6，边界 20
2026-09-11 11:46:10,303 DEBUG 层 1：检查 80 格，内部 14，边界 40
2026-09-11 11:46:10,304 DEBUG 层 2：检查 160 格，内部 33，边界 79
2026-09-11 11:46:10,304 DEBUG 层 3：检查 316 格，内部 76，边界 158
2026-09-11 11:46:10,304 DEBUG 层 4：检查 632 格，内部 141，边界 316
2026-09-11 11:46:10,304 DEBUG 层 5：检查 1264 格，内部 310，边界 633
2026-09-11 11:46:10,305 DEBUG 层 6：检查 2532 格，内部 614，边界 1264
2026-09-11 11:46:10,305 DEBUG 层 7：检查 5056 格，内部 1264，边界 2527
2026-09-11 11:46:10,306 DEBUG 层 8：检查 10108 格，内部 2521，边界 5054
2026-09-11 11:46:10,308 DEBUG 层 9：检查 20216 格，内部 5054，边界 10112
2026-09-11 11:46:10,596 DEBUG 求解结束：sampled；可行点 35182，叶格 20145，边界格边长 0.035156 m
2026-09-11 11:46:10,598 INFO error_026_2.0 | 面积 4512.2752 [4506.0381, 4518.5124] m² | 定位误差 1.5328 m | sampled
2026-09-11 11:46:10,602 DEBUG 层 0：检查 40000 格，内部 0，边界 1
2026-09-11 11:46:10,602 DEBUG 层 1：检查 4 格，内部 0，边界 4
2026-09-11 11:46:10,602 DEBUG 层 2：检查 16 格，内部 0，边界 6
2026-09-11 11:46:10,602 DEBUG 层 3：检查 24 格，内部 1，边界 11
2026-09-11 11:46:10,602 DEBUG 层 4：检查 44 格，内部 4，边界 21
2026-09-11 11:46:10,603 DEBUG 层 5：检查 84 格，内部 18，边界 42
2026-09-11 11:46:10,603 DEBUG 层 6：检查 168 格，内部 38，边界 86
2026-09-11 11:46:10,603 DEBUG 层 7：检查 344 格，内部 71，边界 175
2026-09-11 11:46:10,603 DEBUG 层 8：检查 700 格，内部 149，边界 349
2026-09-11 11:46:10,603 DEBUG 层 9：检查 1396 格，内部 357，边界 700
2026-09-11 11:46:10,623 DEBUG 求解结束：sampled；可行点 2295，叶格 1338，边界格边长 0.035156 m
2026-09-11 11:46:10,624 INFO error_027_0.2 | 面积 22.2436 [21.8191, 22.6682] m² | 定位误差 2.8941 m | sampled
2026-09-11 11:46:10,628 DEBUG 层 0：检查 40000 格，内部 0，边界 3
2026-09-11 11:46:10,628 DEBUG 层 1：检查 12 格，内部 0，边界 7
2026-09-11 11:46:10,629 DEBUG 层 2：检查 28 格，内部 5，边界 16
2026-09-11 11:46:10,629 DEBUG 层 3：检查 64 格，内部 14，边界 32
2026-09-11 11:46:10,629 DEBUG 层 4：检查 128 格，内部 33，边界 64
2026-09-11 11:46:10,629 DEBUG 层 5：检查 256 格，内部 49，边界 126
2026-09-11 11:46:10,629 DEBUG 层 6：检查 504 格，内部 110，边界 252
2026-09-11 11:46:10,629 DEBUG 层 7：检查 1008 格，内部 258，边界 504
2026-09-11 11:46:10,630 DEBUG 层 8：检查 2016 格，内部 489，边界 1010
2026-09-11 11:46:10,630 DEBUG 层 9：检查 4040 格，内部 1030，边界 2018
2026-09-11 11:46:10,688 DEBUG 求解结束：sampled；可行点 6971，叶格 4006，边界格边长 0.035156 m
2026-09-11 11:46:10,689 INFO error_027_0.5 | 面积 249.3385 [248.1085, 250.5684] m² | 定位误差 2.8947 m | sampled
2026-09-11 11:46:10,693 DEBUG 层 0：检查 40000 格，内部 1，边界 8
2026-09-11 11:46:10,693 DEBUG 层 1：检查 32 格，内部 2，边界 16
2026-09-11 11:46:10,693 DEBUG 层 2：检查 64 格，内部 18，边界 32
2026-09-11 11:46:10,693 DEBUG 层 3：检查 128 格，内部 20，边界 62
2026-09-11 11:46:10,694 DEBUG 层 4：检查 248 格，内部 41，边界 124
2026-09-11 11:46:10,694 DEBUG 层 5：检查 496 格，内部 149，边界 250
2026-09-11 11:46:10,694 DEBUG 层 6：检查 1000 格，内部 252，边界 502
2026-09-11 11:46:10,694 DEBUG 层 7：检查 2008 格，内部 514，边界 1008
2026-09-11 11:46:10,695 DEBUG 层 8：检查 4032 格，内部 1022，边界 2020
2026-09-11 11:46:10,696 DEBUG 层 9：检查 8080 格，内部 1990，边界 4036
2026-09-11 11:46:10,815 DEBUG 求解结束：sampled；可行点 14049，叶格 8045，边界格边长 0.035156 m
2026-09-11 11:46:10,817 INFO error_027_1.0 | 面积 1093.3016 [1090.8526, 1095.7507] m² | 定位误差 2.7849 m | sampled
2026-09-11 11:46:10,821 DEBUG 层 0：检查 40000 格，内部 1，边界 12
2026-09-11 11:46:10,821 DEBUG 层 1：检查 48 格，内部 16，边界 24
2026-09-11 11:46:10,821 DEBUG 层 2：检查 96 格，内部 24，边界 48
2026-09-11 11:46:10,822 DEBUG 层 3：检查 192 格，内部 36，边界 94
2026-09-11 11:46:10,822 DEBUG 层 4：检查 376 格，内部 58，边界 188
2026-09-11 11:46:10,822 DEBUG 层 5：检查 752 格，内部 234，边界 378
2026-09-11 11:46:10,822 DEBUG 层 6：检查 1512 格，内部 411，边界 758
2026-09-11 11:46:10,823 DEBUG 层 7：检查 3032 格，内部 732，边界 1514
2026-09-11 11:46:10,823 DEBUG 层 8：检查 6056 格，内部 1479，边界 3029
2026-09-11 11:46:10,825 DEBUG 层 9：检查 12116 格，内部 3002，边界 6060
2026-09-11 11:46:11,003 DEBUG 求解结束：sampled；可行点 21010，叶格 12053，边界格边长 0.035156 m
2026-09-11 11:46:11,004 INFO error_027_1.5 | 面积 2501.0982 [2497.3905, 2504.8060] m² | 定位误差 2.7797 m | sampled
2026-09-11 11:46:11,008 DEBUG 层 0：检查 40000 格，内部 7，边界 16
2026-09-11 11:46:11,008 DEBUG 层 1：检查 64 格，内部 11，边界 32
2026-09-11 11:46:11,008 DEBUG 层 2：检查 128 格，内部 38，边界 64
2026-09-11 11:46:11,008 DEBUG 层 3：检查 256 格，内部 58，边界 126
2026-09-11 11:46:11,009 DEBUG 层 4：检查 504 格，内部 80，边界 252
2026-09-11 11:46:11,009 DEBUG 层 5：检查 1008 格，内部 236，边界 506
2026-09-11 11:46:11,009 DEBUG 层 6：检查 2024 格，内部 340，边界 1014
2026-09-11 11:46:11,010 DEBUG 层 7：检查 4056 格，内部 1216，边界 2026
2026-09-11 11:46:11,011 DEBUG 层 8：检查 8104 格，内部 2040，边界 4051
2026-09-11 11:46:11,012 DEBUG 层 9：检查 16204 格，内部 3914，边界 8104
2026-09-11 11:46:11,252 DEBUG 求解结束：sampled；可行点 28044，叶格 16044，边界格边长 0.035156 m
2026-09-11 11:46:11,254 INFO error_027_2.0 | 面积 4473.8087 [4468.8876, 4478.7299] m² | 定位误差 2.8258 m | sampled
2026-09-11 11:46:11,258 DEBUG 层 0：检查 40000 格，内部 0，边界 2
2026-09-11 11:46:11,258 DEBUG 层 1：检查 8 格，内部 0，边界 3
2026-09-11 11:46:11,258 DEBUG 层 2：检查 12 格，内部 0，边界 8
2026-09-11 11:46:11,258 DEBUG 层 3：检查 32 格，内部 1，边界 14
2026-09-11 11:46:11,258 DEBUG 层 4：检查 56 格，内部 10，边界 27
2026-09-11 11:46:11,258 DEBUG 层 5：检查 108 格，内部 22，边界 55
2026-09-11 11:46:11,259 DEBUG 层 6：检查 220 格，内部 54，边界 111
2026-09-11 11:46:11,259 DEBUG 层 7：检查 444 格，内部 105，边界 219
2026-09-11 11:46:11,259 DEBUG 层 8：检查 876 格，内部 222，边界 435
2026-09-11 11:46:11,259 DEBUG 层 9：检查 1740 格，内部 427，边界 873
2026-09-11 11:46:11,283 DEBUG 求解结束：sampled；可行点 2952，叶格 1714，边界格边长 0.035156 m
2026-09-11 11:46:11,284 INFO error_028_0.2 | 面积 33.7104 [33.1729, 34.2479] m² | 定位误差 2.9859 m | sampled
2026-09-11 11:46:11,288 DEBUG 层 0：检查 40000 格，内部 0，边界 5
2026-09-11 11:46:11,288 DEBUG 层 1：检查 20 格，内部 1，边界 9
2026-09-11 11:46:11,288 DEBUG 层 2：检查 36 格，内部 2，边界 16
2026-09-11 11:46:11,288 DEBUG 层 3：检查 64 格，内部 13，边界 34
2026-09-11 11:46:11,289 DEBUG 层 4：检查 136 格，内部 30，边界 70
2026-09-11 11:46:11,289 DEBUG 层 5：检查 280 格，内部 68，边界 140
2026-09-11 11:46:11,289 DEBUG 层 6：检查 560 格，内部 133，边界 282
2026-09-11 11:46:11,289 DEBUG 层 7：检查 1128 格，内部 278，边界 562
2026-09-11 11:46:11,290 DEBUG 层 8：检查 2248 格，内部 564，边界 1123
2026-09-11 11:46:11,290 DEBUG 层 9：检查 4492 格，内部 1109，边界 2246
2026-09-11 11:46:11,363 DEBUG 求解结束：sampled；可行点 7738，叶格 4444，边界格边长 0.035156 m
2026-09-11 11:46:11,364 INFO error_028_0.5 | 面积 269.7175 [268.3372, 271.0977] m² | 定位误差 2.8267 m | sampled
2026-09-11 11:46:11,368 DEBUG 层 0：检查 40000 格，内部 1，边界 8
2026-09-11 11:46:11,368 DEBUG 层 1：检查 32 格，内部 3，边界 16
2026-09-11 11:46:11,368 DEBUG 层 2：检查 64 格，内部 11，边界 35
2026-09-11 11:46:11,369 DEBUG 层 3：检查 140 格，内部 31，边界 70
2026-09-11 11:46:11,369 DEBUG 层 4：检查 280 格，内部 64，边界 140
2026-09-11 11:46:11,369 DEBUG 层 5：检查 560 格，内部 135，边界 281
2026-09-11 11:46:11,369 DEBUG 层 6：检查 1124 格，内部 272，边界 560
2026-09-11 11:46:11,370 DEBUG 层 7：检查 2240 格，内部 558，边界 1124
2026-09-11 11:46:11,370 DEBUG 层 8：检查 4496 格，内部 1117，边界 2248
2026-09-11 11:46:11,371 DEBUG 层 9：检查 8992 格，内部 2256，边界 4495
2026-09-11 11:46:11,492 DEBUG 求解结束：sampled；可行点 15600，叶格 8943，边界格边长 0.035156 m
2026-09-11 11:46:11,493 INFO error_028_1.0 | 面积 1116.7733 [1114.0018, 1119.5448] m² | 定位误差 2.9254 m | sampled
2026-09-11 11:46:11,498 DEBUG 层 0：检查 40000 格，内部 3，边界 13
2026-09-11 11:46:11,498 DEBUG 层 1：检查 52 格，内部 9，边界 25
2026-09-11 11:46:11,499 DEBUG 层 2：检查 100 格，内部 18，边界 54
2026-09-11 11:46:11,499 DEBUG 层 3：检查 216 格，内部 38，边界 108
2026-09-11 11:46:11,499 DEBUG 层 4：检查 432 格，内部 105，边界 212
2026-09-11 11:46:11,499 DEBUG 层 5：检查 848 格，内部 214，边界 422
2026-09-11 11:46:11,499 DEBUG 层 6：检查 1688 格，内部 417，边界 842
2026-09-11 11:46:11,500 DEBUG 层 7：检查 3368 格，内部 837，边界 1686
2026-09-11 11:46:11,501 DEBUG 层 8：检查 6744 格，内部 1686，边界 3373
2026-09-11 11:46:11,502 DEBUG 层 9：检查 13492 格，内部 3354，边界 6744
2026-09-11 11:46:11,700 DEBUG 求解结束：sampled；可行点 23427，叶格 13425，边界格边长 0.035156 m
2026-09-11 11:46:11,702 INFO error_028_1.5 | 面积 2528.7816 [2524.6218, 2532.9414] m² | 定位误差 3.1326 m | sampled
2026-09-11 11:46:11,706 DEBUG 层 0：检查 40000 格，内部 5，边界 17
2026-09-11 11:46:11,707 DEBUG 层 1：检查 68 格，内部 19，边界 35
2026-09-11 11:46:11,707 DEBUG 层 2：检查 140 格，内部 32，边界 71
2026-09-11 11:46:11,707 DEBUG 层 3：检查 284 格，内部 67，边界 141
2026-09-11 11:46:11,707 DEBUG 层 4：检查 564 格，内部 141，边界 282
2026-09-11 11:46:11,707 DEBUG 层 5：检查 1128 格，内部 283，边界 560
2026-09-11 11:46:11,708 DEBUG 层 6：检查 2240 格，内部 550，边界 1124
2026-09-11 11:46:11,708 DEBUG 层 7：检查 4496 格，内部 1109，边界 2250
2026-09-11 11:46:11,709 DEBUG 层 8：检查 9000 格，内部 2258，边界 4499
2026-09-11 11:46:11,711 DEBUG 层 9：检查 17996 格，内部 4498，边界 8998
2026-09-11 11:46:11,992 DEBUG 求解结束：sampled；可行点 31384，叶格 17960，边界格边长 0.035156 m
2026-09-11 11:46:11,993 INFO error_028_2.0 | 面积 4507.4273 [4501.8782, 4512.9765] m² | 定位误差 3.4316 m | sampled
2026-09-11 11:46:11,997 DEBUG 层 0：检查 40000 格，内部 0，边界 3
2026-09-11 11:46:11,997 DEBUG 层 1：检查 12 格，内部 0，边界 4
2026-09-11 11:46:11,998 DEBUG 层 2：检查 16 格，内部 0，边界 7
2026-09-11 11:46:11,998 DEBUG 层 3：检查 28 格，内部 0，边界 14
2026-09-11 11:46:11,998 DEBUG 层 4：检查 56 格，内部 7，边界 27
2026-09-11 11:46:11,998 DEBUG 层 5：检查 108 格，内部 20，边界 52
2026-09-11 11:46:11,998 DEBUG 层 6：检查 208 格，内部 42，边界 105
2026-09-11 11:46:11,998 DEBUG 层 7：检查 420 格，内部 100，边界 208
2026-09-11 11:46:11,998 DEBUG 层 8：检查 832 格，内部 205，边界 417
2026-09-11 11:46:11,998 DEBUG 层 9：检查 1668 格，内部 411，边界 835
2026-09-11 11:46:12,021 DEBUG 求解结束：sampled；可行点 2778，叶格 1620，边界格边长 0.035156 m
2026-09-11 11:46:12,022 INFO error_029_0.2 | 面积 23.0254 [22.5093, 23.5414] m² | 定位误差 2.4752 m | sampled
2026-09-11 11:46:12,026 DEBUG 层 0：检查 40000 格，内部 0，边界 4
2026-09-11 11:46:12,027 DEBUG 层 1：检查 16 格，内部 0，边界 9
2026-09-11 11:46:12,027 DEBUG 层 2：检查 36 格，内部 5，边界 18
2026-09-11 11:46:12,027 DEBUG 层 3：检查 72 格，内部 12，边界 39
2026-09-11 11:46:12,028 DEBUG 层 4：检查 156 格，内部 32，边界 77
2026-09-11 11:46:12,028 DEBUG 层 5：检查 308 格，内部 70，边界 156
2026-09-11 11:46:12,029 DEBUG 层 6：检查 624 格，内部 150，边界 310
2026-09-11 11:46:12,029 DEBUG 层 7：检查 1240 格，内部 319，边界 622
2026-09-11 11:46:12,030 DEBUG 层 8：检查 2488 格，内部 607，边界 1240
2026-09-11 11:46:12,031 DEBUG 层 9：检查 4960 格，内部 1231，边界 2481
2026-09-11 11:46:12,105 DEBUG 求解结束：sampled；可行点 8544，叶格 4907，边界格边长 0.035156 m
2026-09-11 11:46:12,107 INFO error_029_0.5 | 面积 250.3654 [248.8436, 251.8872] m² | 定位误差 2.7969 m | sampled
2026-09-11 11:46:12,111 DEBUG 层 0：检查 40000 格，内部 0，边界 10
2026-09-11 11:46:12,111 DEBUG 层 1：检查 40 格，内部 5，边界 20
2026-09-11 11:46:12,111 DEBUG 层 2：检查 80 格，内部 16，边界 40
2026-09-11 11:46:12,111 DEBUG 层 3：检查 160 格，内部 34，边界 78
2026-09-11 11:46:12,112 DEBUG 层 4：检查 312 格，内部 72，边界 157
2026-09-11 11:46:12,112 DEBUG 层 5：检查 628 格，内部 154，边界 313
2026-09-11 11:46:12,112 DEBUG 层 6：检查 1252 格，内部 304，边界 625
2026-09-11 11:46:12,112 DEBUG 层 7：检查 2500 格，内部 618，边界 1253
2026-09-11 11:46:12,113 DEBUG 层 8：检查 5012 格，内部 1243，边界 2502
2026-09-11 11:46:12,114 DEBUG 层 9：检查 10008 格，内部 2497，边界 5003
2026-09-11 11:46:12,261 DEBUG 求解结束：sampled；可行点 17343，叶格 9946，边界格边长 0.035156 m
2026-09-11 11:46:12,263 INFO error_029_1.0 | 面积 1092.6228 [1089.5394, 1095.7062] m² | 定位误差 2.7629 m | sampled
2026-09-11 11:46:12,267 DEBUG 层 0：检查 40000 格，内部 2，边界 14
2026-09-11 11:46:12,267 DEBUG 层 1：检查 56 格，内部 9，边界 30
2026-09-11 11:46:12,267 DEBUG 层 2：检查 120 格，内部 26，边界 60
2026-09-11 11:46:12,268 DEBUG 层 3：检查 240 格，内部 59，边界 117
2026-09-11 11:46:12,268 DEBUG 层 4：检查 468 格，内部 115，边界 234
2026-09-11 11:46:12,268 DEBUG 层 5：检查 936 格，内部 227，边界 470
2026-09-11 11:46:12,268 DEBUG 层 6：检查 1880 格，内部 453，边界 939
2026-09-11 11:46:12,269 DEBUG 层 7：检查 3756 格，内部 946，边界 1877
2026-09-11 11:46:12,270 DEBUG 层 8：检查 7508 格，内部 1850，边界 3753
2026-09-11 11:46:12,271 DEBUG 层 9：检查 15012 格，内部 3778，边界 7508
2026-09-11 11:46:12,489 DEBUG 求解结束：sampled；可行点 26134，叶格 14973，边界格边长 0.035156 m
2026-09-11 11:46:12,491 INFO error_029_1.5 | 面积 2497.1398 [2492.5066, 2501.7729] m² | 定位误差 2.5708 m | sampled
2026-09-11 11:46:12,495 DEBUG 层 0：检查 40000 格，内部 4，边界 21
2026-09-11 11:46:12,496 DEBUG 层 1：检查 84 格，内部 22，边界 40
2026-09-11 11:46:12,497 DEBUG 层 2：检查 160 格，内部 31，边界 79
2026-09-11 11:46:12,497 DEBUG 层 3：检查 316 格，内部 72，边界 157
2026-09-11 11:46:12,497 DEBUG 层 4：检查 628 格，内部 150，边界 313
2026-09-11 11:46:12,498 DEBUG 层 5：检查 1252 格，内部 317，边界 625
2026-09-11 11:46:12,499 DEBUG 层 6：检查 2500 格，内部 622，边界 1252
2026-09-11 11:46:12,500 DEBUG 层 7：检查 5008 格，内部 1251，边界 2505
2026-09-11 11:46:12,502 DEBUG 层 8：检查 10020 格，内部 2503，边界 5008
2026-09-11 11:46:12,504 DEBUG 层 9：检查 20032 格，内部 5008，边界 10016
2026-09-11 11:46:12,798 DEBUG 求解结束：sampled；可行点 34939，叶格 19996，边界格边长 0.035156 m
2026-09-11 11:46:12,799 INFO error_029_2.0 | 面积 4465.2146 [4459.0373, 4471.3919] m² | 定位误差 2.2889 m | sampled
2026-09-11 11:46:12,799 INFO 开始模块：experiment.experiment_angle
2026-09-11 11:46:12,803 DEBUG 层 0：检查 40000 格，内部 1，边界 20
2026-09-11 11:46:12,803 DEBUG 层 1：检查 80 格，内部 12，边界 39
2026-09-11 11:46:12,803 DEBUG 层 2：检查 156 格，内部 28，边界 78
2026-09-11 11:46:12,803 DEBUG 层 3：检查 312 格，内部 74，边界 154
2026-09-11 11:46:12,803 DEBUG 层 4：检查 616 格，内部 140，边界 312
2026-09-11 11:46:12,803 DEBUG 层 5：检查 1248 格，内部 286，边界 631
2026-09-11 11:46:12,804 DEBUG 层 6：检查 2524 格，内部 627，边界 1259
2026-09-11 11:46:12,804 DEBUG 层 7：检查 5036 格，内部 1246，边界 2516
2026-09-11 11:46:12,805 DEBUG 层 8：检查 10064 格，内部 2480，边界 5031
2026-09-11 11:46:12,808 DEBUG 层 9：检查 20124 格，内部 5013，边界 10062
2026-09-11 11:46:13,079 DEBUG 求解结束：sampled；可行点 34825，叶格 19969，边界格边长 0.035156 m
2026-09-11 11:46:13,080 INFO angle_000_30 | 面积 2610.3984 [2604.1906, 2616.6061] m² | 定位误差 25.3540 m | sampled
2026-09-11 11:46:13,083 DEBUG 层 0：检查 40000 格，内部 0，边界 15
2026-09-11 11:46:13,083 DEBUG 层 1：检查 60 格，内部 10，边界 29
2026-09-11 11:46:13,084 DEBUG 层 2：检查 116 格，内部 22，边界 58
2026-09-11 11:46:13,084 DEBUG 层 3：检查 232 格，内部 52，边界 117
2026-09-11 11:46:13,084 DEBUG 层 4：检查 468 格，内部 102，边界 234
2026-09-11 11:46:13,084 DEBUG 层 5：检查 936 格，内部 229，边界 471
2026-09-11 11:46:13,084 DEBUG 层 6：检查 1884 格，内部 470，边界 940
2026-09-11 11:46:13,085 DEBUG 层 7：检查 3760 格，内部 924，边界 1880
2026-09-11 11:46:13,085 DEBUG 层 8：检查 7520 格，内部 1854，边界 3757
2026-09-11 11:46:13,087 DEBUG 层 9：检查 15028 格，内部 3741，边界 7516
2026-09-11 11:46:13,300 DEBUG 求解结束：sampled；可行点 26017，叶格 14920，边界格边长 0.035156 m
2026-09-11 11:46:13,301 INFO angle_000_45 | 面积 1798.7848 [1794.1548, 1803.4149] m² | 定位误差 16.3966 m | sampled
2026-09-11 11:46:13,305 DEBUG 层 0：检查 40000 格，内部 0，边界 13
2026-09-11 11:46:13,305 DEBUG 层 1：检查 52 格，内部 8，边界 24
2026-09-11 11:46:13,305 DEBUG 层 2：检查 96 格，内部 16，边界 50
2026-09-11 11:46:13,305 DEBUG 层 3：检查 200 格，内部 48，边界 99
2026-09-11 11:46:13,305 DEBUG 层 4：检查 396 格，内部 87，边界 196
2026-09-11 11:46:13,306 DEBUG 层 5：检查 784 格，内部 182，边界 392
2026-09-11 11:46:13,306 DEBUG 层 6：检查 1568 格，内部 401，边界 787
2026-09-11 11:46:13,306 DEBUG 层 7：检查 3148 格，内部 780，边界 1576
2026-09-11 11:46:13,307 DEBUG 层 8：检查 6304 格，内部 1572，边界 3151
2026-09-11 11:46:13,308 DEBUG 层 9：检查 12604 格，内部 3157，边界 6301
2026-09-11 11:46:13,469 DEBUG 求解结束：sampled；可行点 21893，叶格 12552，边界格边长 0.035156 m
2026-09-11 11:46:13,470 INFO angle_000_60 | 面积 1449.2760 [1445.3895, 1453.1624] m² | 定位误差 12.4016 m | sampled
2026-09-11 11:46:13,474 DEBUG 层 0：检查 40000 格，内部 0，边界 10
2026-09-11 11:46:13,474 DEBUG 层 1：检查 40 格，内部 6，边界 21
2026-09-11 11:46:13,474 DEBUG 层 2：检查 84 格，内部 18，边界 41
2026-09-11 11:46:13,474 DEBUG 层 3：检查 164 格，内部 37，边界 80
2026-09-11 11:46:13,474 DEBUG 层 4：检查 320 格，内部 77，边界 162
2026-09-11 11:46:13,474 DEBUG 层 5：检查 648 格，内部 143，边界 324
2026-09-11 11:46:13,474 DEBUG 层 6：检查 1296 格，内部 339，边界 650
2026-09-11 11:46:13,475 DEBUG 层 7：检查 2600 格，内部 635，边界 1299
2026-09-11 11:46:13,475 DEBUG 层 8：检查 5196 格，内部 1283，边界 2599
2026-09-11 11:46:13,476 DEBUG 层 9：检查 10396 格，内部 2569，边界 5199
2026-09-11 11:46:13,623 DEBUG 求解结束：sampled；可行点 17977，叶格 10306，边界格边长 0.035156 m
2026-09-11 11:46:13,624 INFO angle_000_90 | 面积 1235.7856 [1232.5893, 1238.9820] m² | 定位误差 9.1003 m | sampled
2026-09-11 11:46:13,628 DEBUG 层 0：检查 40000 格，内部 0，边界 11
2026-09-11 11:46:13,628 DEBUG 层 1：检查 44 格，内部 8，边界 22
2026-09-11 11:46:13,628 DEBUG 层 2：检查 88 格，内部 17，边界 45
2026-09-11 11:46:13,628 DEBUG 层 3：检查 180 格，内部 41，边界 87
2026-09-11 11:46:13,628 DEBUG 层 4：检查 348 格，内部 79，边界 174
2026-09-11 11:46:13,628 DEBUG 层 5：检查 696 格，内部 165，边界 347
2026-09-11 11:46:13,629 DEBUG 层 6：检查 1388 格，内部 355，边界 693
2026-09-11 11:46:13,629 DEBUG 层 7：检查 2772 格，内部 679，边界 1384
2026-09-11 11:46:13,629 DEBUG 层 8：检查 5536 格，内部 1361，边界 2769
2026-09-11 11:46:13,630 DEBUG 层 9：检查 11076 格，内部 2786，边界 5538
2026-09-11 11:46:13,794 DEBUG 求解结束：sampled；可行点 19240，叶格 11029，边界格边长 0.035156 m
2026-09-11 11:46:13,795 INFO angle_000_120 | 面积 1410.4902 [1407.0765, 1413.9040] m² | 定位误差 8.6362 m | sampled
2026-09-11 11:46:13,799 DEBUG 层 0：检查 40000 格，内部 1，边界 19
2026-09-11 11:46:13,799 DEBUG 层 1：检查 76 格，内部 10，边界 40
2026-09-11 11:46:13,799 DEBUG 层 2：检查 160 格，内部 33，边界 84
2026-09-11 11:46:13,800 DEBUG 层 3：检查 336 格，内部 64，边界 166
2026-09-11 11:46:13,800 DEBUG 层 4：检查 664 格，内部 163，边界 332
2026-09-11 11:46:13,800 DEBUG 层 5：检查 1328 格，内部 303，边界 665
2026-09-11 11:46:13,800 DEBUG 层 6：检查 2660 格，内部 623，边界 1330
2026-09-11 11:46:13,801 DEBUG 层 7：检查 5320 格，内部 1271，边界 2660
2026-09-11 11:46:13,802 DEBUG 层 8：检查 10640 格，内部 2637，边界 5323
2026-09-11 11:46:13,804 DEBUG 层 9：检查 21292 格，内部 5305，边界 10647
2026-09-11 11:46:14,126 DEBUG 求解结束：sampled；可行点 36694，叶格 21057，边界格边长 0.035156 m
2026-09-11 11:46:14,128 INFO angle_001_30 | 面积 2535.5485 [2528.9749, 2542.1221] m² | 定位误差 20.0813 m | sampled
2026-09-11 11:46:14,131 DEBUG 层 0：检查 40000 格，内部 1，边界 14
2026-09-11 11:46:14,132 DEBUG 层 1：检查 56 格，内部 5，边界 28
2026-09-11 11:46:14,132 DEBUG 层 2：检查 112 格，内部 24，边界 58
2026-09-11 11:46:14,132 DEBUG 层 3：检查 232 格，内部 52，边界 115
2026-09-11 11:46:14,132 DEBUG 层 4：检查 460 格，内部 117，边界 230
2026-09-11 11:46:14,133 DEBUG 层 5：检查 920 格，内部 208，边界 460
2026-09-11 11:46:14,133 DEBUG 层 6：检查 1840 格，内部 426，边界 919
2026-09-11 11:46:14,133 DEBUG 层 7：检查 3676 格，内部 890，边界 1838
2026-09-11 11:46:14,134 DEBUG 层 8：检查 7352 格，内部 1859，边界 3675
2026-09-11 11:46:14,135 DEBUG 层 9：检查 14700 格，内部 3648，边界 7350
2026-09-11 11:46:14,357 DEBUG 求解结束：sampled；可行点 25424，叶格 14580，边界格边长 0.035156 m
2026-09-11 11:46:14,359 INFO angle_001_45 | 面积 1766.1669 [1761.6521, 1770.6817] m² | 定位误差 16.9800 m | sampled
2026-09-11 11:46:14,362 DEBUG 层 0：检查 40000 格，内部 0，边界 11
2026-09-11 11:46:14,363 DEBUG 层 1：检查 44 格，内部 9，边界 22
2026-09-11 11:46:14,363 DEBUG 层 2：检查 88 格，内部 13，边界 45
2026-09-11 11:46:14,363 DEBUG 层 3：检查 180 格，内部 44，边界 89
2026-09-11 11:46:14,363 DEBUG 层 4：检查 356 格，内部 83，边界 177
2026-09-11 11:46:14,363 DEBUG 层 5：检查 708 格，内部 170，边界 356
2026-09-11 11:46:14,364 DEBUG 层 6：检查 1424 格，内部 326，边界 709
2026-09-11 11:46:14,364 DEBUG 层 7：检查 2836 格，内部 704，边界 1419
2026-09-11 11:46:14,364 DEBUG 层 8：检查 5676 格，内部 1417，边界 2839
2026-09-11 11:46:14,366 DEBUG 层 9：检查 11356 格，内部 2809，边界 5676
2026-09-11 11:46:14,541 DEBUG 求解结束：sampled；可行点 19633，叶格 11251，边界格边长 0.035156 m
2026-09-11 11:46:14,543 INFO angle_001_60 | 面积 1431.0074 [1427.5147, 1434.5000] m² | 定位误差 16.6605 m | sampled
2026-09-11 11:46:14,550 DEBUG 层 0：检查 40000 格，内部 0，边界 9
2026-09-11 11:46:14,550 DEBUG 层 1：检查 36 格，内部 6，边界 19
2026-09-11 11:46:14,550 DEBUG 层 2：检查 76 格，内部 19，边界 38
2026-09-11 11:46:14,551 DEBUG 层 3：检查 152 格，内部 33，边界 76
2026-09-11 11:46:14,551 DEBUG 层 4：检查 304 格，内部 78，边界 149
2026-09-11 11:46:14,551 DEBUG 层 5：检查 596 格，内部 137，边界 298
2026-09-11 11:46:14,551 DEBUG 层 6：检查 1192 格，内部 278，边界 597
2026-09-11 11:46:14,552 DEBUG 层 7：检查 2388 格，内部 622，边界 1191
2026-09-11 11:46:14,552 DEBUG 层 8：检查 4764 格，内部 1136，边界 2384
2026-09-11 11:46:14,553 DEBUG 层 9：检查 9536 格，内部 2383，边界 4769
2026-09-11 11:46:14,692 DEBUG 求解结束：sampled；可行点 16497，叶格 9461，边界格边长 0.035156 m
2026-09-11 11:46:14,693 INFO angle_001_90 | 面积 1228.6027 [1225.6589, 1231.5464] m² | 定位误差 19.2060 m | sampled
2026-09-11 11:46:14,697 DEBUG 层 0：检查 40000 格，内部 0，边界 12
2026-09-11 11:46:14,697 DEBUG 层 1：检查 48 格，内部 8，边界 24
2026-09-11 11:46:14,698 DEBUG 层 2：检查 96 格，内部 17，边界 47
2026-09-11 11:46:14,698 DEBUG 层 3：检查 188 格，内部 40，边界 92
2026-09-11 11:46:14,698 DEBUG 层 4：检查 368 格，内部 79，边界 186
2026-09-11 11:46:14,698 DEBUG 层 5：检查 744 格，内部 169，边界 372
2026-09-11 11:46:14,698 DEBUG 层 6：检查 1488 格，内部 352，边界 745
2026-09-11 11:46:14,699 DEBUG 层 7：检查 2980 格，内部 769，边界 1492
2026-09-11 11:46:14,699 DEBUG 层 8：检查 5968 格，内部 1500，边界 2983
2026-09-11 11:46:14,701 DEBUG 层 9：检查 11932 格，内部 2991，边界 5968
2026-09-11 11:46:14,878 DEBUG 求解结束：sampled；可行点 20728，叶格 11893，边界格边长 0.035156 m
2026-09-11 11:46:14,879 INFO angle_001_120 | 面积 1409.6889 [1406.0083, 1413.3694] m² | 定位误差 26.5983 m | sampled
2026-09-11 11:46:14,883 DEBUG 层 0：检查 40000 格，内部 1，边界 20
2026-09-11 11:46:14,884 DEBUG 层 1：检查 80 格，内部 14，边界 40
2026-09-11 11:46:14,884 DEBUG 层 2：检查 160 格，内部 28，边界 81
2026-09-11 11:46:14,884 DEBUG 层 3：检查 324 格，内部 71，边界 166
2026-09-11 11:46:14,884 DEBUG 层 4：检查 664 格，内部 157，边界 328
2026-09-11 11:46:14,885 DEBUG 层 5：检查 1312 格，内部 320，边界 656
2026-09-11 11:46:14,885 DEBUG 层 6：检查 2624 格，内部 649，边界 1311
2026-09-11 11:46:14,885 DEBUG 层 7：检查 5244 格，内部 1301，边界 2625
2026-09-11 11:46:14,886 DEBUG 层 8：检查 10500 格，内部 2604，边界 5246
2026-09-11 11:46:14,889 DEBUG 层 9：检查 20984 格，内部 5231，边界 10488
2026-09-11 11:46:15,200 DEBUG 求解结束：sampled；可行点 36392，叶格 20864，边界格边长 0.035156 m
2026-09-11 11:46:15,201 INFO angle_002_30 | 面积 2793.7173 [2787.2437, 2800.1910] m² | 定位误差 50.0387 m | sampled
2026-09-11 11:46:15,205 DEBUG 层 0：检查 40000 格，内部 0，边界 14
2026-09-11 11:46:15,205 DEBUG 层 1：检查 56 格，内部 12，边界 29
2026-09-11 11:46:15,205 DEBUG 层 2：检查 116 格，内部 15，边界 60
2026-09-11 11:46:15,205 DEBUG 层 3：检查 240 格，内部 58，边界 122
2026-09-11 11:46:15,205 DEBUG 层 4：检查 488 格，内部 119，边界 241
2026-09-11 11:46:15,206 DEBUG 层 5：检查 964 格，内部 238，边界 481
2026-09-11 11:46:15,206 DEBUG 层 6：检查 1924 格，内部 479，边界 962
2026-09-11 11:46:15,206 DEBUG 层 7：检查 3848 格，内部 956，边界 1927
2026-09-11 11:46:15,207 DEBUG 层 8：检查 7708 格，内部 1928，边界 3852
2026-09-11 11:46:15,209 DEBUG 层 9：检查 15408 格，内部 3847，边界 7703
2026-09-11 11:46:15,436 DEBUG 求解结束：sampled；可行点 26779，叶格 15355，边界格边长 0.035156 m
2026-09-11 11:46:15,438 INFO angle_002_45 | 面积 1875.8589 [1871.1030, 1880.6149] m² | 定位误差 32.4326 m | sampled
2026-09-11 11:46:15,441 DEBUG 层 0：检查 40000 格，内部 1，边界 11
2026-09-11 11:46:15,442 DEBUG 层 1：检查 44 格，内部 4，边界 25
2026-09-11 11:46:15,442 DEBUG 层 2：检查 100 格，内部 18，边界 50
2026-09-11 11:46:15,442 DEBUG 层 3：检查 200 格，内部 46，边界 102
2026-09-11 11:46:15,442 DEBUG 层 4：检查 408 格，内部 93，边界 201
2026-09-11 11:46:15,442 DEBUG 层 5：检查 804 格，内部 193，边界 402
2026-09-11 11:46:15,442 DEBUG 层 6：检查 1608 格，内部 396，边界 800
2026-09-11 11:46:15,443 DEBUG 层 7：检查 3200 格，内部 791，边界 1600
2026-09-11 11:46:15,443 DEBUG 层 8：检查 6400 格，内部 1596，边界 3200
2026-09-11 11:46:15,445 DEBUG 层 9：检查 12800 格，内部 3207，边界 6402
2026-09-11 11:46:15,631 DEBUG 求解结束：sampled；可行点 22232，叶格 12747，边界格边长 0.035156 m
2026-09-11 11:46:15,632 INFO angle_002_60 | 面积 1490.8457 [1486.8968, 1494.7946] m² | 定位误差 24.2770 m | sampled
2026-09-11 11:46:15,635 DEBUG 层 0：检查 40000 格，内部 1，边界 9
2026-09-11 11:46:15,636 DEBUG 层 1：检查 36 格，内部 3，边界 20
2026-09-11 11:46:15,636 DEBUG 层 2：检查 80 格，内部 14，边界 41
2026-09-11 11:46:15,636 DEBUG 层 3：检查 164 格，内部 39，边界 81
2026-09-11 11:46:15,636 DEBUG 层 4：检查 324 格，内部 77，边界 163
2026-09-11 11:46:15,636 DEBUG 层 5：检查 652 格，内部 161，边界 326
2026-09-11 11:46:15,637 DEBUG 层 6：检查 1304 格，内部 328，边界 654
2026-09-11 11:46:15,637 DEBUG 层 7：检查 2616 格，内部 645，边界 1308
2026-09-11 11:46:15,637 DEBUG 层 8：检查 5232 格，内部 1310，边界 2615
2026-09-11 11:46:15,638 DEBUG 层 9：检查 10460 格，内部 2613，边界 5231
2026-09-11 11:46:15,792 DEBUG 求解结束：sampled；可行点 18185，叶格 10422，边界格边长 0.035156 m
2026-09-11 11:46:15,794 INFO angle_002_90 | 面积 1251.1768 [1247.9504, 1254.4031] m² | 定位误差 16.7331 m | sampled
2026-09-11 11:46:15,797 DEBUG 层 0：检查 40000 格，内部 0，边界 13
2026-09-11 11:46:15,798 DEBUG 层 1：检查 52 格，内部 9，边界 23
2026-09-11 11:46:15,798 DEBUG 层 2：检查 92 格，内部 13，边界 42
2026-09-11 11:46:15,798 DEBUG 层 3：检查 168 格，内部 41，边界 86
2026-09-11 11:46:15,798 DEBUG 层 4：检查 344 格，内部 80，边界 172
2026-09-11 11:46:15,798 DEBUG 层 5：检查 688 格，内部 167，边界 345
2026-09-11 11:46:15,799 DEBUG 层 6：检查 1380 格，内部 338，边界 687
2026-09-11 11:46:15,799 DEBUG 层 7：检查 2748 格，内部 682，边界 1376
2026-09-11 11:46:15,800 DEBUG 层 8：检查 5504 格，内部 1378，边界 2751
2026-09-11 11:46:15,801 DEBUG 层 9：检查 11004 格，内部 2746，边界 5501
2026-09-11 11:46:15,964 DEBUG 求解结束：sampled；可行点 19116，叶格 10955，边界格边长 0.035156 m
2026-09-11 11:46:15,966 INFO angle_002_120 | 面积 1411.1031 [1407.7078, 1414.4985] m² | 定位误差 13.4117 m | sampled
2026-09-11 11:46:15,970 DEBUG 层 0：检查 40000 格，内部 0，边界 21
2026-09-11 11:46:15,970 DEBUG 层 1：检查 84 格，内部 13，边界 43
2026-09-11 11:46:15,970 DEBUG 层 2：检查 172 格，内部 28，边界 83
2026-09-11 11:46:15,970 DEBUG 层 3：检查 332 格，内部 74，边界 167
2026-09-11 11:46:15,971 DEBUG 层 4：检查 668 格，内部 157，边界 335
2026-09-11 11:46:15,971 DEBUG 层 5：检查 1340 格，内部 317，边界 669
2026-09-11 11:46:15,971 DEBUG 层 6：检查 2676 格，内部 668，边界 1337
2026-09-11 11:46:15,972 DEBUG 层 7：检查 5348 格，内部 1340，边界 2677
2026-09-11 11:46:15,973 DEBUG 层 8：检查 10708 格，内部 2672，边界 5350
2026-09-11 11:46:15,975 DEBUG 层 9：检查 21400 格，内部 5336，边界 10705
2026-09-11 11:46:16,286 DEBUG 求解结束：sampled；可行点 37170，叶格 21310，边界格边长 0.035156 m
2026-09-11 11:46:16,287 INFO angle_003_30 | 面积 2405.9690 [2399.3565, 2412.5816] m² | 定位误差 4.6683 m | sampled
2026-09-11 11:46:16,291 DEBUG 层 0：检查 40000 格，内部 1，边界 15
2026-09-11 11:46:16,291 DEBUG 层 1：检查 60 格，内部 6，边界 30
2026-09-11 11:46:16,292 DEBUG 层 2：检查 120 格，内部 17，边界 58
2026-09-11 11:46:16,292 DEBUG 层 3：检查 232 格，内部 54，边界 114
2026-09-11 11:46:16,292 DEBUG 层 4：检查 456 格，内部 108，边界 227
2026-09-11 11:46:16,292 DEBUG 层 5：检查 908 格，内部 215，边界 457
2026-09-11 11:46:16,292 DEBUG 层 6：检查 1828 格，内部 464，边界 910
2026-09-11 11:46:16,293 DEBUG 层 7：检查 3640 格，内部 911，边界 1820
2026-09-11 11:46:16,294 DEBUG 层 8：检查 7280 格，内部 1809，边界 3641
2026-09-11 11:46:16,295 DEBUG 层 9：检查 14564 格，内部 3623，边界 7284
2026-09-11 11:46:16,493 DEBUG 求解结束：sampled；可行点 25281，叶格 14492，边界格边长 0.035156 m
2026-09-11 11:46:16,495 INFO angle_003_45 | 面积 1709.4541 [1704.9597, 1713.9486] m² | 定位误差 4.1921 m | sampled
2026-09-11 11:46:16,498 DEBUG 层 0：检查 40000 格，内部 1，边界 10
2026-09-11 11:46:16,499 DEBUG 层 1：检查 40 格，内部 5，边界 20
2026-09-11 11:46:16,499 DEBUG 层 2：检查 80 格，内部 13，边界 43
2026-09-11 11:46:16,499 DEBUG 层 3：检查 172 格，内部 38，边界 84
2026-09-11 11:46:16,499 DEBUG 层 4：检查 336 格，内部 86，边界 171
2026-09-11 11:46:16,499 DEBUG 层 5：检查 684 格，内部 155，边界 343
2026-09-11 11:46:16,499 DEBUG 层 6：检查 1372 格，内部 339，边界 687
2026-09-11 11:46:16,500 DEBUG 层 7：检查 2748 格，内部 686，边界 1377
2026-09-11 11:46:16,500 DEBUG 层 8：检查 5508 格，内部 1370，边界 2753
2026-09-11 11:46:16,501 DEBUG 层 9：检查 11012 格，内部 2740，边界 5508
2026-09-11 11:46:16,657 DEBUG 求解结束：sampled；可行点 19085，叶格 10941，边界格边长 0.035156 m
2026-09-11 11:46:16,660 INFO angle_003_60 | 面积 1399.8336 [1396.4370, 1403.2302] m² | 定位误差 3.8583 m | sampled
2026-09-11 11:46:16,663 DEBUG 层 0：检查 40000 格，内部 1，边界 9
2026-09-11 11:46:16,664 DEBUG 层 1：检查 36 格，内部 3，边界 20
2026-09-11 11:46:16,664 DEBUG 层 2：检查 80 格，内部 15，边界 40
2026-09-11 11:46:16,664 DEBUG 层 3：检查 160 格，内部 31，边界 82
2026-09-11 11:46:16,664 DEBUG 层 4：检查 328 格，内部 68，边界 163
2026-09-11 11:46:16,664 DEBUG 层 5：检查 652 格，内部 156，边界 328
2026-09-11 11:46:16,665 DEBUG 层 6：检查 1312 格，内部 320，边界 658
2026-09-11 11:46:16,665 DEBUG 层 7：检查 2632 格，内部 655，边界 1315
2026-09-11 11:46:16,665 DEBUG 层 8：检查 5260 格，内部 1306，边界 2629
2026-09-11 11:46:16,666 DEBUG 层 9：检查 10516 格，内部 2637，边界 5258
2026-09-11 11:46:16,812 DEBUG 求解结束：sampled；可行点 18217，叶格 10450，边界格边长 0.035156 m
2026-09-11 11:46:16,814 INFO angle_003_90 | 面积 1217.5608 [1214.3125, 1220.8090] m² | 定位误差 3.8080 m | sampled
2026-09-11 11:46:16,818 DEBUG 层 0：检查 40000 格，内部 1，边界 10
2026-09-11 11:46:16,818 DEBUG 层 1：检查 40 格，内部 3，边界 26
2026-09-11 11:46:16,818 DEBUG 层 2：检查 104 格，内部 20，边界 49
2026-09-11 11:46:16,818 DEBUG 层 3：检查 196 格，内部 41，边界 97
2026-09-11 11:46:16,818 DEBUG 层 4：检查 388 格，内部 84，边界 196
2026-09-11 11:46:16,819 DEBUG 层 5：检查 784 格，内部 191，边界 390
2026-09-11 11:46:16,819 DEBUG 层 6：检查 1560 格，内部 379，边界 780
2026-09-11 11:46:16,819 DEBUG 层 7：检查 3120 格，内部 774，边界 1560
2026-09-11 11:46:16,820 DEBUG 层 8：检查 6240 格，内部 1551，边界 3120
2026-09-11 11:46:16,821 DEBUG 层 9：检查 12480 格，内部 3111，边界 6241
2026-09-11 11:46:16,999 DEBUG 求解结束：sampled；可行点 21612，叶格 12396，边界格边长 0.035156 m
2026-09-11 11:46:17,001 INFO angle_003_120 | 面积 1410.7952 [1406.9424, 1414.6480] m² | 定位误差 4.7034 m | sampled
2026-09-11 11:46:17,005 DEBUG 层 0：检查 40000 格，内部 0，边界 21
2026-09-11 11:46:17,006 DEBUG 层 1：检查 84 格，内部 13，边界 42
2026-09-11 11:46:17,006 DEBUG 层 2：检查 168 格，内部 33，边界 81
2026-09-11 11:46:17,006 DEBUG 层 3：检查 324 格，内部 69，边界 162
2026-09-11 11:46:17,006 DEBUG 层 4：检查 648 格，内部 150，边界 324
2026-09-11 11:46:17,006 DEBUG 层 5：检查 1296 格，内部 312，边界 647
2026-09-11 11:46:17,006 DEBUG 层 6：检查 2588 格，内部 644，边界 1294
2026-09-11 11:46:17,007 DEBUG 层 7：检查 5176 格，内部 1273，边界 2589
2026-09-11 11:46:17,008 DEBUG 层 8：检查 10356 格，内部 2579，边界 5173
2026-09-11 11:46:17,010 DEBUG 层 9：检查 20692 格，内部 5148，边界 10349
2026-09-11 11:46:17,281 DEBUG 求解结束：sampled；可行点 35876，叶格 20570，边界格边长 0.035156 m
2026-09-11 11:46:17,282 INFO angle_004_30 | 面积 2467.1071 [2460.7195, 2473.4947] m² | 定位误差 11.9948 m | sampled
2026-09-11 11:46:17,286 DEBUG 层 0：检查 40000 格，内部 0，边界 15
2026-09-11 11:46:17,286 DEBUG 层 1：检查 60 格，内部 9，边界 29
2026-09-11 11:46:17,286 DEBUG 层 2：检查 116 格，内部 24，边界 58
2026-09-11 11:46:17,286 DEBUG 层 3：检查 232 格，内部 49，边界 113
2026-09-11 11:46:17,286 DEBUG 层 4：检查 452 格，内部 104，边界 225
2026-09-11 11:46:17,287 DEBUG 层 5：检查 900 格，内部 211，边界 452
2026-09-11 11:46:17,287 DEBUG 层 6：检查 1808 格，内部 439，边界 903
2026-09-11 11:46:17,287 DEBUG 层 7：检查 3612 格，内部 906，边界 1807
2026-09-11 11:46:17,288 DEBUG 层 8：检查 7228 格，内部 1812，边界 3613
2026-09-11 11:46:17,289 DEBUG 层 9：检查 14452 格，内部 3614，边界 7227
2026-09-11 11:46:17,485 DEBUG 求解结束：sampled；可行点 25110，叶格 14395，边界格边长 0.035156 m
2026-09-11 11:46:17,486 INFO angle_004_45 | 面积 1736.4137 [1731.9596, 1740.8678] m² | 定位误差 11.7408 m | sampled
2026-09-11 11:46:17,493 DEBUG 层 0：检查 40000 格，内部 1，边界 11
2026-09-11 11:46:17,493 DEBUG 层 1：检查 44 格，内部 4，边界 22
2026-09-11 11:46:17,493 DEBUG 层 2：检查 88 格，内部 19，边界 44
2026-09-11 11:46:17,493 DEBUG 层 3：检查 176 格，内部 33，边界 87
2026-09-11 11:46:17,494 DEBUG 层 4：检查 348 格，内部 82，边界 176
2026-09-11 11:46:17,494 DEBUG 层 5：检查 704 格，内部 166，边界 352
2026-09-11 11:46:17,494 DEBUG 层 6：检查 1408 格，内部 351，边界 703
2026-09-11 11:46:17,494 DEBUG 层 7：检查 2812 格，内部 686，边界 1404
2026-09-11 11:46:17,495 DEBUG 层 8：检查 5616 格，内部 1395，边界 2810
2026-09-11 11:46:17,496 DEBUG 层 9：检查 11240 格，内部 2809，边界 5619
2026-09-11 11:46:17,653 DEBUG 求解结束：sampled；可行点 19476，叶格 11165，边界格边长 0.035156 m
2026-09-11 11:46:17,654 INFO angle_004_60 | 面积 1414.7342 [1411.2658, 1418.2026] m² | 定位误差 12.3364 m | sampled
2026-09-11 11:46:17,657 DEBUG 层 0：检查 40000 格，内部 1，边界 9
2026-09-11 11:46:17,657 DEBUG 层 1：检查 36 格，内部 3，边界 18
2026-09-11 11:46:17,657 DEBUG 层 2：检查 72 格，内部 16，边界 36
2026-09-11 11:46:17,658 DEBUG 层 3：检查 144 格，内部 32，边界 72
2026-09-11 11:46:17,658 DEBUG 层 4：检查 288 格，内部 62，边界 145
2026-09-11 11:46:17,658 DEBUG 层 5：检查 580 格，内部 134，边界 291
2026-09-11 11:46:17,658 DEBUG 层 6：检查 1164 格，内部 292，边界 582
2026-09-11 11:46:17,659 DEBUG 层 7：检查 2328 格，内部 571，边界 1166
2026-09-11 11:46:17,659 DEBUG 层 8：检查 4664 格，内部 1156，边界 2330
2026-09-11 11:46:17,660 DEBUG 层 9：检查 9320 格，内部 2310，边界 4662
2026-09-11 11:46:17,787 DEBUG 求解结束：sampled；可行点 16115，叶格 9239，边界格边长 0.035156 m
2026-09-11 11:46:17,788 INFO angle_004_90 | 面积 1222.5595 [1219.6831, 1225.4358] m² | 定位误差 14.9993 m | sampled
2026-09-11 11:46:17,791 DEBUG 层 0：检查 40000 格，内部 0，边界 12
2026-09-11 11:46:17,792 DEBUG 层 1：检查 48 格，内部 9，边界 22
2026-09-11 11:46:17,792 DEBUG 层 2：检查 88 格，内部 11，边界 48
2026-09-11 11:46:17,792 DEBUG 层 3：检查 192 格，内部 46，边界 93
2026-09-11 11:46:17,792 DEBUG 层 4：检查 372 格，内部 85，边界 185
2026-09-11 11:46:17,792 DEBUG 层 5：检查 740 格，内部 175，边界 373
2026-09-11 11:46:17,793 DEBUG 层 6：检查 1492 格，内部 369，边界 742
2026-09-11 11:46:17,793 DEBUG 层 7：检查 2968 格，内部 756，边界 1482
2026-09-11 11:46:17,794 DEBUG 层 8：检查 5928 格，内部 1477，边界 2965
2026-09-11 11:46:17,795 DEBUG 层 9：检查 11860 格，内部 2959，边界 5934
2026-09-11 11:46:17,978 DEBUG 求解结束：sampled；可行点 20623，叶格 11821，边界格边长 0.035156 m
2026-09-11 11:46:17,979 INFO angle_004_120 | 面积 1409.9730 [1406.3139, 1413.6321] m² | 定位误差 21.1746 m | sampled
2026-09-11 11:46:17,982 DEBUG 层 0：检查 40000 格，内部 1，边界 20
2026-09-11 11:46:17,982 DEBUG 层 1：检查 80 格，内部 10，边界 39
2026-09-11 11:46:17,982 DEBUG 层 2：检查 156 格，内部 31，边界 76
2026-09-11 11:46:17,982 DEBUG 层 3：检查 304 格，内部 63，边界 156
2026-09-11 11:46:17,983 DEBUG 层 4：检查 624 格，内部 153，边界 312
2026-09-11 11:46:17,983 DEBUG 层 5：检查 1248 格，内部 305，边界 622
2026-09-11 11:46:17,983 DEBUG 层 6：检查 2488 格，内部 616，边界 1247
2026-09-11 11:46:17,984 DEBUG 层 7：检查 4988 格，内部 1233，边界 2491
2026-09-11 11:46:17,985 DEBUG 层 8：检查 9964 格，内部 2472，边界 4981
2026-09-11 11:46:17,986 DEBUG 层 9：检查 19924 格，内部 4961，边界 9968
2026-09-11 11:46:18,292 DEBUG 求解结束：sampled；可行点 34560，叶格 19813，边界格边长 0.035156 m
2026-09-11 11:46:18,293 INFO angle_005_30 | 面积 2474.5886 [2468.4359, 2480.7412] m² | 定位误差 16.1106 m | sampled
2026-09-11 11:46:18,296 DEBUG 层 0：检查 40000 格，内部 0，边界 14
2026-09-11 11:46:18,297 DEBUG 层 1：检查 56 格，内部 9，边界 27
2026-09-11 11:46:18,297 DEBUG 层 2：检查 108 格，内部 25，边界 55
2026-09-11 11:46:18,297 DEBUG 层 3：检查 220 格，内部 45，边界 110
2026-09-11 11:46:18,297 DEBUG 层 4：检查 440 格，内部 103，边界 221
2026-09-11 11:46:18,297 DEBUG 层 5：检查 884 格，内部 227，边界 441
2026-09-11 11:46:18,298 DEBUG 层 6：检查 1764 格，内部 447，边界 881
2026-09-11 11:46:18,298 DEBUG 层 7：检查 3524 格，内部 878，边界 1762
2026-09-11 11:46:18,299 DEBUG 层 8：检查 7048 格，内部 1741，边界 3524
2026-09-11 11:46:18,301 DEBUG 层 9：检查 14096 格，内部 3515，边界 7050
2026-09-11 11:46:18,501 DEBUG 求解结束：sampled；可行点 24488，叶格 14040，边界格边长 0.035156 m
2026-09-11 11:46:18,502 INFO angle_005_45 | 面积 1739.5915 [1735.2383, 1743.9447] m² | 定位误差 15.9720 m | sampled
2026-09-11 11:46:18,506 DEBUG 层 0：检查 40000 格，内部 0，边界 11
2026-09-11 11:46:18,506 DEBUG 层 1：检查 44 格，内部 9，边界 20
2026-09-11 11:46:18,506 DEBUG 层 2：检查 80 格，内部 14，边界 43
2026-09-11 11:46:18,506 DEBUG 层 3：检查 172 格，内部 38，边界 87
2026-09-11 11:46:18,507 DEBUG 层 4：检查 348 格，内部 79，边界 174
2026-09-11 11:46:18,507 DEBUG 层 5：检查 696 格，内部 168，边界 348
2026-09-11 11:46:18,507 DEBUG 层 6：检查 1392 格，内部 348，边界 696
2026-09-11 11:46:18,507 DEBUG 层 7：检查 2784 格，内部 700，边界 1388
2026-09-11 11:46:18,508 DEBUG 层 8：检查 5552 格，内部 1374，边界 2776
2026-09-11 11:46:18,509 DEBUG 层 9：检查 11104 格，内部 2763，边界 5554
2026-09-11 11:46:18,666 DEBUG 求解结束：sampled；可行点 19277，叶格 11047，边界格边长 0.035156 m
2026-09-11 11:46:18,668 INFO angle_005_60 | 面积 1416.4252 [1413.0039, 1419.8465] m² | 定位误差 16.8141 m | sampled
2026-09-11 11:46:18,671 DEBUG 层 0：检查 40000 格，内部 1，边界 8
2026-09-11 11:46:18,671 DEBUG 层 1：检查 32 格，内部 5，边界 16
2026-09-11 11:46:18,672 DEBUG 层 2：检查 64 格，内部 7，边界 36
2026-09-11 11:46:18,672 DEBUG 层 3：检查 144 格，内部 38，边界 68
2026-09-11 11:46:18,672 DEBUG 层 4：检查 272 格，内部 57，边界 136
2026-09-11 11:46:18,672 DEBUG 层 5：检查 544 格，内部 133，边界 271
2026-09-11 11:46:18,672 DEBUG 层 6：检查 1084 格，内部 274，边界 541
2026-09-11 11:46:18,672 DEBUG 层 7：检查 2164 格，内部 533，边界 1084
2026-09-11 11:46:18,673 DEBUG 层 8：检查 4336 格，内部 1070，边界 2168
2026-09-11 11:46:18,674 DEBUG 层 9：检查 8672 格，内部 2160，边界 4334
2026-09-11 11:46:18,798 DEBUG 求解结束：sampled；可行点 15025，叶格 8612，边界格边长 0.035156 m
2026-09-11 11:46:18,800 INFO angle_005_90 | 面积 1222.8371 [1220.1672, 1225.5069] m² | 定位误差 20.4471 m | sampled
2026-09-11 11:46:18,804 DEBUG 层 0：检查 40000 格，内部 1，边界 12
2026-09-11 11:46:18,804 DEBUG 层 1：检查 48 格，内部 4，边界 22
2026-09-11 11:46:18,804 DEBUG 层 2：检查 88 格，内部 17，边界 44
2026-09-11 11:46:18,804 DEBUG 层 3：检查 176 格，内部 39，边界 89
2026-09-11 11:46:18,804 DEBUG 层 4：检查 356 格，内部 84，边界 177
2026-09-11 11:46:18,805 DEBUG 层 5：检查 708 格，内部 169，边界 355
2026-09-11 11:46:18,805 DEBUG 层 6：检查 1420 格，内部 359，边界 710
2026-09-11 11:46:18,805 DEBUG 层 7：检查 2840 格，内部 707，边界 1419
2026-09-11 11:46:18,806 DEBUG 层 8：检查 5676 格，内部 1405，边界 2840
2026-09-11 11:46:18,807 DEBUG 层 9：检查 11360 格，内部 2829，边界 5680
2026-09-11 11:46:18,971 DEBUG 求解结束：sampled；可行点 19695，叶格 11294，边界格边长 0.035156 m
2026-09-11 11:46:18,973 INFO angle_005_120 | 面积 1409.2894 [1405.7809, 1412.7978] m² | 定位误差 28.8546 m | sampled
2026-09-11 11:46:18,977 DEBUG 层 0：检查 40000 格，内部 1，边界 21
2026-09-11 11:46:18,977 DEBUG 层 1：检查 84 格，内部 12，边界 42
2026-09-11 11:46:18,977 DEBUG 层 2：检查 168 格，内部 31，边界 85
2026-09-11 11:46:18,977 DEBUG 层 3：检查 340 格，内部 76，边界 172
2026-09-11 11:46:18,977 DEBUG 层 4：检查 688 格，内部 159，边界 343
2026-09-11 11:46:18,978 DEBUG 层 5：检查 1372 格，内部 334，边界 685
2026-09-11 11:46:18,978 DEBUG 层 6：检查 2740 格，内部 670，边界 1374
2026-09-11 11:46:18,979 DEBUG 层 7：检查 5496 格，内部 1381，边界 2745
2026-09-11 11:46:18,980 DEBUG 层 8：检查 10980 格，内部 2723，边界 5493
2026-09-11 11:46:18,982 DEBUG 层 9：检查 21972 格，内部 5494，边界 10984
2026-09-11 11:46:19,267 DEBUG 求解结束：sampled；可行点 38143，叶格 21865，边界格边长 0.035156 m
2026-09-11 11:46:19,269 INFO angle_006_30 | 面积 2729.5110 [2722.7302, 2736.2918] m² | 定位误差 41.6963 m | sampled
2026-09-11 11:46:19,272 DEBUG 层 0：检查 40000 格，内部 1，边界 13
2026-09-11 11:46:19,272 DEBUG 层 1：检查 52 格，内部 7，边界 28
2026-09-11 11:46:19,272 DEBUG 层 2：检查 112 格，内部 22，边界 56
2026-09-11 11:46:19,273 DEBUG 层 3：检查 224 格，内部 46，边界 114
2026-09-11 11:46:19,273 DEBUG 层 4：检查 456 格，内部 104，边界 228
2026-09-11 11:46:19,273 DEBUG 层 5：检查 912 格，内部 229，边界 457
2026-09-11 11:46:19,273 DEBUG 层 6：检查 1828 格，内部 444，边界 913
2026-09-11 11:46:19,273 DEBUG 层 7：检查 3652 格，内部 895，边界 1826
2026-09-11 11:46:19,274 DEBUG 层 8：检查 7304 格，内部 1816，边界 3652
2026-09-11 11:46:19,275 DEBUG 层 9：检查 14608 格，内部 3642，边界 7305
2026-09-11 11:46:19,444 DEBUG 求解结束：sampled；可行点 25313，叶格 14511，边界格边长 0.035156 m
2026-09-11 11:46:19,446 INFO angle_006_45 | 面积 1848.7609 [1844.2520, 1853.2699] m² | 定位误差 27.2671 m | sampled
2026-09-11 11:46:19,449 DEBUG 层 0：检查 40000 格，内部 0，边界 13
2026-09-11 11:46:19,449 DEBUG 层 1：检查 52 格，内部 8，边界 25
2026-09-11 11:46:19,449 DEBUG 层 2：检查 100 格，内部 17，边界 50
2026-09-11 11:46:19,451 DEBUG 层 3：检查 200 格，内部 46，边界 100
2026-09-11 11:46:19,451 DEBUG 层 4：检查 400 格，内部 98，边界 196
2026-09-11 11:46:19,451 DEBUG 层 5：检查 784 格，内部 195，边界 396
2026-09-11 11:46:19,452 DEBUG 层 6：检查 1584 格，内部 385，边界 792
2026-09-11 11:46:19,452 DEBUG 层 7：检查 3168 格，内部 789，边界 1585
2026-09-11 11:46:19,452 DEBUG 层 8：检查 6340 格，内部 1568，边界 3171
2026-09-11 11:46:19,453 DEBUG 层 9：检查 12684 格，内部 3164，边界 6340
2026-09-11 11:46:19,604 DEBUG 求解结束：sampled；可行点 21991，叶格 12610，边界格边长 0.035156 m
2026-09-11 11:46:19,606 INFO angle_006_60 | 面积 1476.3792 [1472.4672, 1480.2912] m² | 定位误差 20.7410 m | sampled
2026-09-11 11:46:19,610 DEBUG 层 0：检查 40000 格，内部 1，边界 11
2026-09-11 11:46:19,610 DEBUG 层 1：检查 44 格，内部 4，边界 23
2026-09-11 11:46:19,610 DEBUG 层 2：检查 92 格，内部 9，边界 45
2026-09-11 11:46:19,610 DEBUG 层 3：检查 180 格，内部 40，边界 90
2026-09-11 11:46:19,610 DEBUG 层 4：检查 360 格，内部 79，边界 177
2026-09-11 11:46:19,610 DEBUG 层 5：检查 708 格，内部 173，边界 353
2026-09-11 11:46:19,611 DEBUG 层 6：检查 1412 格，内部 343，边界 706
2026-09-11 11:46:19,611 DEBUG 层 7：检查 2824 格，内部 712，边界 1411
2026-09-11 11:46:19,612 DEBUG 层 8：检查 5644 格，内部 1411，边界 2823
2026-09-11 11:46:19,613 DEBUG 层 9：检查 11292 格，内部 2810，边界 5646
2026-09-11 11:46:19,780 DEBUG 求解结束：sampled；可行点 19578，叶格 11228，边界格边长 0.035156 m
2026-09-11 11:46:19,782 INFO angle_006_90 | 面积 1246.0849 [1242.6024, 1249.5674] m² | 定位误差 15.2591 m | sampled
2026-09-11 11:46:19,785 DEBUG 层 0：检查 40000 格，内部 1，边界 13
2026-09-11 11:46:19,786 DEBUG 层 1：检查 52 格，内部 4，边界 24
2026-09-11 11:46:19,786 DEBUG 层 2：检查 96 格，内部 18，边界 45
2026-09-11 11:46:19,786 DEBUG 层 3：检查 180 格，内部 35，边界 91
2026-09-11 11:46:19,786 DEBUG 层 4：检查 364 格，内部 83，边界 183
2026-09-11 11:46:19,786 DEBUG 层 5：检查 732 格，内部 176，边界 366
2026-09-11 11:46:19,787 DEBUG 层 6：检查 1464 格，内部 357，边界 731
2026-09-11 11:46:19,787 DEBUG 层 7：检查 2924 格，内部 720，边界 1465
2026-09-11 11:46:19,787 DEBUG 层 8：检查 5860 格，内部 1470，边界 2930
2026-09-11 11:46:19,789 DEBUG 层 9：检查 11720 格，内部 2901，边界 5857
2026-09-11 11:46:19,961 DEBUG 求解结束：sampled；可行点 20268，叶格 11622，边界格边长 0.035156 m
2026-09-11 11:46:19,963 INFO angle_006_120 | 面积 1410.9554 [1407.3481, 1414.5627] m² | 定位误差 14.3554 m | sampled
2026-09-11 11:46:19,967 DEBUG 层 0：检查 40000 格，内部 1，边界 20
2026-09-11 11:46:19,967 DEBUG 层 1：检查 80 格，内部 10，边界 39
2026-09-11 11:46:19,968 DEBUG 层 2：检查 156 格，内部 30，边界 80
2026-09-11 11:46:19,968 DEBUG 层 3：检查 320 格，内部 73，边界 161
2026-09-11 11:46:19,968 DEBUG 层 4：检查 644 格，内部 147，边界 323
2026-09-11 11:46:19,968 DEBUG 层 5：检查 1292 格，内部 314，边界 645
2026-09-11 11:46:19,968 DEBUG 层 6：检查 2580 格，内部 635，边界 1291
2026-09-11 11:46:19,969 DEBUG 层 7：检查 5164 格，内部 1279，边界 2580
2026-09-11 11:46:19,970 DEBUG 层 8：检查 10320 格，内部 2575，边界 5162
2026-09-11 11:46:19,972 DEBUG 层 9：检查 20648 格，内部 5149，边界 10323
2026-09-11 11:46:20,265 DEBUG 求解结束：sampled；可行点 35821，叶格 20536，边界格边长 0.035156 m
2026-09-11 11:46:20,267 INFO angle_007_30 | 面积 2503.7954 [2497.4146, 2510.1762] m² | 定位误差 16.8532 m | sampled
2026-09-11 11:46:20,270 DEBUG 层 0：检查 40000 格，内部 0，边界 15
2026-09-11 11:46:20,270 DEBUG 层 1：检查 60 格，内部 9，边界 28
2026-09-11 11:46:20,271 DEBUG 层 2：检查 112 格，内部 23，边界 56
2026-09-11 11:46:20,271 DEBUG 层 3：检查 224 格，内部 55，边界 113
2026-09-11 11:46:20,271 DEBUG 层 4：检查 452 格，内部 109，边界 225
2026-09-11 11:46:20,271 DEBUG 层 5：检查 900 格，内部 211，边界 450
2026-09-11 11:46:20,271 DEBUG 层 6：检查 1800 格，内部 437，边界 902
2026-09-11 11:46:20,272 DEBUG 层 7：检查 3608 格，内部 900，边界 1802
2026-09-11 11:46:20,272 DEBUG 层 8：检查 7208 格，内部 1779，边界 3607
2026-09-11 11:46:20,274 DEBUG 层 9：检查 14428 格，内部 3609，边界 7214
2026-09-11 11:46:20,479 DEBUG 求解结束：sampled；可行点 25027，叶格 14346，边界格边长 0.035156 m
2026-09-11 11:46:20,480 INFO angle_007_45 | 面积 1752.4156 [1747.9625, 1756.8686] m² | 定位误差 15.3140 m | sampled
2026-09-11 11:46:20,484 DEBUG 层 0：检查 40000 格，内部 0，边界 12
2026-09-11 11:46:20,484 DEBUG 层 1：检查 48 格，内部 8，边界 22
2026-09-11 11:46:20,484 DEBUG 层 2：检查 88 格，内部 16，边界 44
2026-09-11 11:46:20,484 DEBUG 层 3：检查 176 格，内部 47，边界 88
2026-09-11 11:46:20,485 DEBUG 层 4：检查 352 格，内部 79，边界 175
2026-09-11 11:46:20,485 DEBUG 层 5：检查 700 格，内部 173，边界 350
2026-09-11 11:46:20,485 DEBUG 层 6：检查 1400 格，内部 353，边界 703
2026-09-11 11:46:20,485 DEBUG 层 7：检查 2812 格，内部 684，边界 1406
2026-09-11 11:46:20,486 DEBUG 层 8：检查 5624 格，内部 1411，边界 2813
2026-09-11 11:46:20,487 DEBUG 层 9：检查 11252 格，内部 2812，边界 5626
2026-09-11 11:46:20,645 DEBUG 求解结束：sampled；可行点 19565，叶格 11209，边界格边长 0.035156 m
2026-09-11 11:46:20,646 INFO angle_007_60 | 面积 1423.4876 [1420.0201, 1426.9551] m² | 定位误差 15.5994 m | sampled
2026-09-11 11:46:20,650 DEBUG 层 0：检查 40000 格，内部 0，边界 10
2026-09-11 11:46:20,650 DEBUG 层 1：检查 40 格，内部 7，边界 18
2026-09-11 11:46:20,650 DEBUG 层 2：检查 72 格，内部 15，边界 35
2026-09-11 11:46:20,650 DEBUG 层 3：检查 140 格，内部 34，边界 72
2026-09-11 11:46:20,650 DEBUG 层 4：检查 288 格，内部 73，边界 144
2026-09-11 11:46:20,650 DEBUG 层 5：检查 576 格，内部 137，边界 285
2026-09-11 11:46:20,650 DEBUG 层 6：检查 1140 格，内部 277，边界 569
2026-09-11 11:46:20,652 DEBUG 层 7：检查 2276 格，内部 566，边界 1140
2026-09-11 11:46:20,652 DEBUG 层 8：检查 4560 格，内部 1121，边界 2280
2026-09-11 11:46:20,653 DEBUG 层 9：检查 9120 格，内部 2273，边界 4561
2026-09-11 11:46:20,765 DEBUG 求解结束：sampled；可行点 15811，叶格 9064，边界格边长 0.035156 m
2026-09-11 11:46:20,766 INFO angle_007_90 | 面积 1225.6875 [1222.8728, 1228.5023] m² | 定位误差 18.5472 m | sampled
2026-09-11 11:46:20,769 DEBUG 层 0：检查 40000 格，内部 1，边界 10
2026-09-11 11:46:20,770 DEBUG 层 1：检查 40 格，内部 4，边界 22
2026-09-11 11:46:20,770 DEBUG 层 2：检查 88 格，内部 16，边界 45
2026-09-11 11:46:20,770 DEBUG 层 3：检查 180 格，内部 41，边界 91
2026-09-11 11:46:20,770 DEBUG 层 4：检查 364 格，内部 89，边界 181
2026-09-11 11:46:20,770 DEBUG 层 5：检查 724 格，内部 179，边界 364
2026-09-11 11:46:20,770 DEBUG 层 6：检查 1456 格，内部 363，边界 729
2026-09-11 11:46:20,771 DEBUG 层 7：检查 2916 格，内部 716，边界 1458
2026-09-11 11:46:20,771 DEBUG 层 8：检查 5832 格，内部 1442，边界 2917
2026-09-11 11:46:20,772 DEBUG 层 9：检查 11668 格，内部 2910，边界 5836
2026-09-11 11:46:20,907 DEBUG 求解结束：sampled；可行点 20229，叶格 11597，边界格边长 0.035156 m
2026-09-11 11:46:20,908 INFO angle_007_120 | 面积 1409.6224 [1406.0182, 1413.2267] m² | 定位误差 25.9796 m | sampled
2026-09-11 11:46:20,913 DEBUG 层 0：检查 40000 格，内部 1，边界 22
2026-09-11 11:46:20,914 DEBUG 层 1：检查 88 格，内部 11，边界 42
2026-09-11 11:46:20,914 DEBUG 层 2：检查 168 格，内部 27，边界 85
2026-09-11 11:46:20,914 DEBUG 层 3：检查 340 格，内部 70，边界 171
2026-09-11 11:46:20,914 DEBUG 层 4：检查 684 格，内部 156，边界 345
2026-09-11 11:46:20,914 DEBUG 层 5：检查 1380 格，内部 338，边界 689
2026-09-11 11:46:20,914 DEBUG 层 6：检查 2756 格，内部 677，边界 1377
2026-09-11 11:46:20,915 DEBUG 层 7：检查 5508 格，内部 1368，边界 2753
2026-09-11 11:46:20,916 DEBUG 层 8：检查 11012 格，内部 2738，边界 5507
2026-09-11 11:46:20,918 DEBUG 层 9：检查 22028 格，内部 5498，边界 11013
2026-09-11 11:46:21,191 DEBUG 求解结束：sampled；可行点 38191，叶格 21897，边界格边长 0.035156 m
2026-09-11 11:46:21,193 INFO angle_008_30 | 面积 2535.0235 [2528.2197, 2541.8274] m² | 定位误差 17.7784 m | sampled
2026-09-11 11:46:21,197 DEBUG 层 0：检查 40000 格，内部 1，边界 14
2026-09-11 11:46:21,197 DEBUG 层 1：检查 56 格，内部 7，边界 28
2026-09-11 11:46:21,197 DEBUG 层 2：检查 112 格，内部 18，边界 57
2026-09-11 11:46:21,197 DEBUG 层 3：检查 228 格，内部 43，边界 117
2026-09-11 11:46:21,198 DEBUG 层 4：检查 468 格，内部 115，边界 232
2026-09-11 11:46:21,198 DEBUG 层 5：检查 928 格，内部 217，边界 465
2026-09-11 11:46:21,199 DEBUG 层 6：检查 1860 格，内部 467，边界 932
2026-09-11 11:46:21,200 DEBUG 层 7：检查 3728 格，内部 942，边界 1863
2026-09-11 11:46:21,200 DEBUG 层 8：检查 7452 格，内部 1870，边界 3727
2026-09-11 11:46:21,202 DEBUG 层 9：检查 14908 格，内部 3727，边界 7457
2026-09-11 11:46:21,436 DEBUG 求解结束：sampled；可行点 25940，叶格 14864，边界格边长 0.035156 m
2026-09-11 11:46:21,438 INFO angle_008_45 | 面积 1765.9943 [1761.3934, 1770.5952] m² | 定位误差 13.9930 m | sampled
2026-09-11 11:46:21,442 DEBUG 层 0：检查 40000 格，内部 1，边界 12
2026-09-11 11:46:21,442 DEBUG 层 1：检查 48 格，内部 5，边界 22
2026-09-11 11:46:21,442 DEBUG 层 2：检查 88 格，内部 16，边界 45
2026-09-11 11:46:21,442 DEBUG 层 3：检查 180 格，内部 32，边界 89
2026-09-11 11:46:21,442 DEBUG 层 4：检查 356 格，内部 81，边界 176
2026-09-11 11:46:21,443 DEBUG 层 5：检查 704 格，内部 173，边界 351
2026-09-11 11:46:21,443 DEBUG 层 6：检查 1404 格，内部 346，边界 706
2026-09-11 11:46:21,443 DEBUG 层 7：检查 2824 格，内部 703，边界 1411
2026-09-11 11:46:21,444 DEBUG 层 8：检查 5644 格，内部 1410，边界 2823
2026-09-11 11:46:21,445 DEBUG 层 9：检查 11292 格，内部 2814，边界 5645
2026-09-11 11:46:21,619 DEBUG 求解结束：sampled；可行点 19591，叶格 11226，边界格边长 0.035156 m
2026-09-11 11:46:21,621 INFO angle_008_60 | 面积 1430.9215 [1427.4368, 1434.4061] m² | 定位误差 13.1665 m | sampled
2026-09-11 11:46:21,624 DEBUG 层 0：检查 40000 格，内部 1，边界 10
2026-09-11 11:46:21,624 DEBUG 层 1：检查 40 格，内部 3，边界 20
2026-09-11 11:46:21,624 DEBUG 层 2：检查 80 格，内部 14，边界 41
2026-09-11 11:46:21,625 DEBUG 层 3：检查 164 格，内部 34，边界 81
2026-09-11 11:46:21,625 DEBUG 层 4：检查 324 格，内部 81，边界 160
2026-09-11 11:46:21,625 DEBUG 层 5：检查 640 格，内部 158，边界 321
2026-09-11 11:46:21,625 DEBUG 层 6：检查 1284 格，内部 318，边界 644
2026-09-11 11:46:21,626 DEBUG 层 7：检查 2576 格，内部 647，边界 1288
2026-09-11 11:46:21,626 DEBUG 层 8：检查 5152 格，内部 1282，边界 2576
2026-09-11 11:46:21,627 DEBUG 层 9：检查 10304 格，内部 2573，边界 5153
2026-09-11 11:46:21,746 DEBUG 求解结束：sampled；可行点 17906，叶格 10264，边界格边长 0.035156 m
2026-09-11 11:46:21,747 INFO angle_008_90 | 面积 1228.9327 [1225.7615, 1232.1039] m² | 定位误差 14.6249 m | sampled
2026-09-11 11:46:21,751 DEBUG 层 0：检查 40000 格，内部 1，边界 10
2026-09-11 11:46:21,751 DEBUG 层 1：检查 40 格，内部 2，边界 25
2026-09-11 11:46:21,751 DEBUG 层 2：检查 100 格，内部 22，边界 50
2026-09-11 11:46:21,751 DEBUG 层 3：检查 200 格，内部 47，边界 98
2026-09-11 11:46:21,751 DEBUG 层 4：检查 392 格，内部 93，边界 192
2026-09-11 11:46:21,751 DEBUG 层 5：检查 768 格，内部 186，边界 385
2026-09-11 11:46:21,751 DEBUG 层 6：检查 1540 格，内部 379，边界 772
2026-09-11 11:46:21,753 DEBUG 层 7：检查 3088 格，内部 772，边界 1547
2026-09-11 11:46:21,754 DEBUG 层 8：检查 6188 格，内部 1536，边界 3093
2026-09-11 11:46:21,755 DEBUG 层 9：检查 12372 格，内部 3089，边界 6189
2026-09-11 11:46:21,901 DEBUG 求解结束：sampled；可行点 21482，叶格 12316，边界格边长 0.035156 m
2026-09-11 11:46:21,902 INFO angle_008_120 | 面积 1410.2747 [1406.4539, 1414.0955] m² | 定位误差 19.9868 m | sampled
2026-09-11 11:46:21,906 DEBUG 层 0：检查 40000 格，内部 1，边界 18
2026-09-11 11:46:21,906 DEBUG 层 1：检查 72 格，内部 11，边界 39
2026-09-11 11:46:21,906 DEBUG 层 2：检查 156 格，内部 25，边界 78
2026-09-11 11:46:21,906 DEBUG 层 3：检查 312 格，内部 69，边界 156
2026-09-11 11:46:21,906 DEBUG 层 4：检查 624 格，内部 147，边界 311
2026-09-11 11:46:21,907 DEBUG 层 5：检查 1244 格，内部 296，边界 622
2026-09-11 11:46:21,907 DEBUG 层 6：检查 2488 格，内部 605，边界 1244
2026-09-11 11:46:21,907 DEBUG 层 7：检查 4976 格，内部 1254，边界 2490
2026-09-11 11:46:21,908 DEBUG 层 8：检查 9960 格，内部 2478，边界 4977
2026-09-11 11:46:21,910 DEBUG 层 9：检查 19908 格，内部 4965，边界 9955
2026-09-11 11:46:22,144 DEBUG 求解结束：sampled；可行点 34552，叶格 19806，边界格边长 0.035156 m
2026-09-11 11:46:22,146 INFO angle_009_30 | 面积 2453.5839 [2447.4410, 2459.7267] m² | 定位误差 2.9232 m | sampled
2026-09-11 11:46:22,153 DEBUG 层 0：检查 40000 格，内部 1，边界 14
2026-09-11 11:46:22,153 DEBUG 层 1：检查 56 格，内部 5，边界 29
2026-09-11 11:46:22,154 DEBUG 层 2：检查 116 格，内部 23，边界 57
2026-09-11 11:46:22,154 DEBUG 层 3：检查 228 格，内部 52，边界 113
2026-09-11 11:46:22,154 DEBUG 层 4：检查 452 格，内部 103，边界 223
2026-09-11 11:46:22,155 DEBUG 层 5：检查 892 格，内部 214，边界 447
2026-09-11 11:46:22,155 DEBUG 层 6：检查 1788 格，内部 443，边界 893
2026-09-11 11:46:22,156 DEBUG 层 7：检查 3572 格，内部 891，边界 1786
2026-09-11 11:46:22,156 DEBUG 层 8：检查 7144 格，内部 1753，边界 3575
2026-09-11 11:46:22,158 DEBUG 层 9：检查 14300 格，内部 3582，边界 7147
2026-09-11 11:46:22,368 DEBUG 求解结束：sampled；可行点 24790，叶格 14214，边界格边长 0.035156 m
2026-09-11 11:46:22,370 INFO angle_009_45 | 面积 1730.6126 [1726.2090, 1735.0161] m² | 定位误差 1.2913 m | sampled
2026-09-11 11:46:22,374 DEBUG 层 0：检查 40000 格，内部 1，边界 10
2026-09-11 11:46:22,374 DEBUG 层 1：检查 40 格，内部 3，边界 26
2026-09-11 11:46:22,374 DEBUG 层 2：检查 104 格，内部 20，边界 48
2026-09-11 11:46:22,374 DEBUG 层 3：检查 192 格，内部 42，边界 97
2026-09-11 11:46:22,374 DEBUG 层 4：检查 388 格，内部 81，边界 195
2026-09-11 11:46:22,374 DEBUG 层 5：检查 780 格，内部 189，边界 389
2026-09-11 11:46:22,375 DEBUG 层 6：检查 1556 格，内部 386，边界 778
2026-09-11 11:46:22,375 DEBUG 层 7：检查 3112 格，内部 773，边界 1558
2026-09-11 11:46:22,376 DEBUG 层 8：检查 6232 格，内部 1568，边界 3117
2026-09-11 11:46:22,377 DEBUG 层 9：检查 12468 格，内部 3111，边界 6234
2026-09-11 11:46:22,565 DEBUG 求解结束：sampled；可行点 21639，叶格 12408，边界格边长 0.035156 m
2026-09-11 11:46:22,567 INFO angle_009_60 | 面积 1412.0109 [1408.1595, 1415.8624] m² | 定位误差 0.7798 m | sampled
2026-09-11 11:46:22,570 DEBUG 层 0：检查 40000 格，内部 1，边界 11
2026-09-11 11:46:22,570 DEBUG 层 1：检查 44 格，内部 2，边界 23
2026-09-11 11:46:22,570 DEBUG 层 2：检查 92 格，内部 17，边界 43
2026-09-11 11:46:22,570 DEBUG 层 3：检查 172 格，内部 38，边界 86
2026-09-11 11:46:22,571 DEBUG 层 4：检查 344 格，内部 71，边界 173
2026-09-11 11:46:22,571 DEBUG 层 5：检查 692 格，内部 165，边界 347
2026-09-11 11:46:22,571 DEBUG 层 6：检查 1388 格，内部 337，边界 693
2026-09-11 11:46:22,571 DEBUG 层 7：检查 2772 格，内部 687，边界 1387
2026-09-11 11:46:22,572 DEBUG 层 8：检查 5548 格，内部 1403，边界 2774
2026-09-11 11:46:22,573 DEBUG 层 9：检查 11096 格，内部 2797，边界 5547
2026-09-11 11:46:22,735 DEBUG 求解结束：sampled；可行点 19309，叶格 11065，边界格边长 0.035156 m
2026-09-11 11:46:22,737 INFO angle_009_90 | 面积 1222.1309 [1218.7326, 1225.5292] m² | 定位误差 0.6086 m | sampled
2026-09-11 11:46:22,742 DEBUG 层 0：检查 40000 格，内部 1，边界 12
2026-09-11 11:46:22,742 DEBUG 层 1：检查 48 格，内部 3，边界 22
2026-09-11 11:46:22,743 DEBUG 层 2：检查 88 格，内部 21，边界 45
2026-09-11 11:46:22,743 DEBUG 层 3：检查 180 格，内部 40，边界 89
2026-09-11 11:46:22,743 DEBUG 层 4：检查 356 格，内部 79，边界 179
2026-09-11 11:46:22,743 DEBUG 层 5：检查 716 格，内部 179，边界 359
2026-09-11 11:46:22,744 DEBUG 层 6：检查 1436 格，内部 346，边界 715
2026-09-11 11:46:22,744 DEBUG 层 7：检查 2860 格，内部 710，边界 1430
2026-09-11 11:46:22,745 DEBUG 层 8：检查 5720 格，内部 1439，边界 2862
2026-09-11 11:46:22,746 DEBUG 层 9：检查 11448 格，内部 2858，边界 5724
2026-09-11 11:46:22,914 DEBUG 求解结束：sampled；可行点 19901，叶格 11400，边界格边长 0.035156 m
2026-09-11 11:46:22,915 INFO angle_009_120 | 面积 1410.4751 [1406.9461, 1414.0041] m² | 定位误差 0.8306 m | sampled
2026-09-11 11:46:22,919 DEBUG 层 0：检查 40000 格，内部 1，边界 20
2026-09-11 11:46:22,919 DEBUG 层 1：检查 80 格，内部 12，边界 42
2026-09-11 11:46:22,919 DEBUG 层 2：检查 168 格，内部 30，边界 82
2026-09-11 11:46:22,920 DEBUG 层 3：检查 328 格，内部 71，边界 168
2026-09-11 11:46:22,920 DEBUG 层 4：检查 672 格，内部 159，边界 333
2026-09-11 11:46:22,920 DEBUG 层 5：检查 1332 格，内部 329，边界 667
2026-09-11 11:46:22,920 DEBUG 层 6：检查 2668 格，内部 664，边界 1333
2026-09-11 11:46:22,921 DEBUG 层 7：检查 5332 格，内部 1332，边界 2666
2026-09-11 11:46:22,922 DEBUG 层 8：检查 10664 格，内部 2681，边界 5333
2026-09-11 11:46:22,924 DEBUG 层 9：检查 21332 格，内部 5356，边界 10667
2026-09-11 11:46:23,254 DEBUG 求解结束：sampled；可行点 37141，叶格 21302，边界格边长 0.035156 m
2026-09-11 11:46:23,258 INFO angle_010_30 | 面积 2680.1258 [2673.5373, 2686.7142] m² | 定位误差 35.2804 m | sampled
2026-09-11 11:46:23,263 DEBUG 层 0：检查 40000 格，内部 0，边界 14
2026-09-11 11:46:23,264 DEBUG 层 1：检查 56 格，内部 11，边界 27
2026-09-11 11:46:23,264 DEBUG 层 2：检查 108 格，内部 21，边界 57
2026-09-11 11:46:23,264 DEBUG 层 3：检查 228 格，内部 45，边界 115
2026-09-11 11:46:23,264 DEBUG 层 4：检查 460 格，内部 108，边界 229
2026-09-11 11:46:23,264 DEBUG 层 5：检查 916 格，内部 226，边界 459
2026-09-11 11:46:23,265 DEBUG 层 6：检查 1836 格，内部 445，边界 918
2026-09-11 11:46:23,265 DEBUG 层 7：检查 3672 格，内部 914，边界 1836
2026-09-11 11:46:23,266 DEBUG 层 8：检查 7344 格，内部 1824，边界 3672
2026-09-11 11:46:23,267 DEBUG 层 9：检查 14688 格，内部 3654，边界 7342
2026-09-11 11:46:23,481 DEBUG 求解结束：sampled；可行点 25452，叶格 14590，边界格边长 0.035156 m
2026-09-11 11:46:23,482 INFO angle_010_45 | 面积 1828.1164 [1823.5904, 1832.6423] m² | 定位误差 23.3071 m | sampled
2026-09-11 11:46:23,486 DEBUG 层 0：检查 40000 格，内部 0，边界 14
2026-09-11 11:46:23,486 DEBUG 层 1：检查 56 格，内部 7，边界 25
2026-09-11 11:46:23,486 DEBUG 层 2：检查 100 格，内部 21，边界 50
2026-09-11 11:46:23,486 DEBUG 层 3：检查 200 格，内部 45，边界 100
2026-09-11 11:46:23,486 DEBUG 层 4：检查 400 格，内部 93，边界 198
2026-09-11 11:46:23,487 DEBUG 层 5：检查 792 格，内部 195，边界 397
2026-09-11 11:46:23,487 DEBUG 层 6：检查 1588 格，内部 386，边界 795
2026-09-11 11:46:23,487 DEBUG 层 7：检查 3180 格，内部 793，边界 1588
2026-09-11 11:46:23,488 DEBUG 层 8：检查 6352 格，内部 1580，边界 3176
2026-09-11 11:46:23,489 DEBUG 层 9：检查 12704 格，内部 3173，边界 6351
2026-09-11 11:46:23,676 DEBUG 求解结束：sampled；可行点 22051，叶格 12644，边界格边长 0.035156 m
2026-09-11 11:46:23,677 INFO angle_010_60 | 面积 1465.2364 [1461.3170, 1469.1558] m² | 定位误差 18.0573 m | sampled
2026-09-11 11:46:23,681 DEBUG 层 0：检查 40000 格，内部 0，边界 12
2026-09-11 11:46:23,681 DEBUG 层 1：检查 48 格，内部 6，边界 21
2026-09-11 11:46:23,681 DEBUG 层 2：检查 84 格，内部 17，边界 44
2026-09-11 11:46:23,681 DEBUG 层 3：检查 176 格，内部 40，边界 87
2026-09-11 11:46:23,682 DEBUG 层 4：检查 348 格，内部 77，边界 175
2026-09-11 11:46:23,682 DEBUG 层 5：检查 700 格，内部 169，边界 350
2026-09-11 11:46:23,682 DEBUG 层 6：检查 1400 格，内部 344，边界 701
2026-09-11 11:46:23,682 DEBUG 层 7：检查 2804 格，内部 694，边界 1402
2026-09-11 11:46:23,683 DEBUG 层 8：检查 5608 格，内部 1401，边界 2805
2026-09-11 11:46:23,684 DEBUG 层 9：检查 11220 格，内部 2807，边界 5609
2026-09-11 11:46:23,855 DEBUG 求解结束：sampled；可行点 19474，叶格 11164，边界格边长 0.035156 m
2026-09-11 11:46:23,857 INFO angle_010_90 | 面积 1241.9121 [1238.4505, 1245.3738] m² | 定位误差 14.1650 m | sampled
2026-09-11 11:46:23,860 DEBUG 层 0：检查 40000 格，内部 0，边界 11
2026-09-11 11:46:23,860 DEBUG 层 1：检查 44 格，内部 9，边界 22
2026-09-11 11:46:23,861 DEBUG 层 2：检查 88 格，内部 13，边界 47
2026-09-11 11:46:23,861 DEBUG 层 3：检查 188 格，内部 39，边界 91
2026-09-11 11:46:23,861 DEBUG 层 4：检查 364 格，内部 86，边界 179
2026-09-11 11:46:23,861 DEBUG 层 5：检查 716 格，内部 168，边界 359
2026-09-11 11:46:23,861 DEBUG 层 6：检查 1436 格，内部 345，边界 718
2026-09-11 11:46:23,862 DEBUG 层 7：检查 2872 格，内部 705，边界 1438
2026-09-11 11:46:23,862 DEBUG 层 8：检查 5752 格，内部 1441，边界 2875
2026-09-11 11:46:23,863 DEBUG 层 9：检查 11500 格，内部 2867，边界 5752
2026-09-11 11:46:24,031 DEBUG 求解结束：sampled；可行点 19920，叶格 11425，边界格边长 0.035156 m
2026-09-11 11:46:24,033 INFO angle_010_120 | 面积 1410.6616 [1407.1139, 1414.2093] m² | 定位误差 14.8351 m | sampled
2026-09-11 11:46:24,036 DEBUG 层 0：检查 40000 格，内部 1，边界 20
2026-09-11 11:46:24,036 DEBUG 层 1：检查 80 格，内部 12，边界 38
2026-09-11 11:46:24,036 DEBUG 层 2：检查 152 格，内部 31，边界 76
2026-09-11 11:46:24,036 DEBUG 层 3：检查 304 格，内部 74，边界 155
2026-09-11 11:46:24,037 DEBUG 层 4：检查 620 格，内部 100，边界 310
2026-09-11 11:46:24,037 DEBUG 层 5：检查 1240 格，内部 320，边界 621
2026-09-11 11:46:24,037 DEBUG 层 6：检查 2484 格，内部 636，边界 1242
2026-09-11 11:46:24,038 DEBUG 层 7：检查 4968 格，内部 1263，边界 2484
2026-09-11 11:46:24,039 DEBUG 层 8：检查 9936 格，内部 2464，边界 4966
2026-09-11 11:46:24,040 DEBUG 层 9：检查 19864 格，内部 4970，边界 9928
2026-09-11 11:46:24,308 DEBUG 求解结束：sampled；可行点 34573，叶格 19799，边界格边长 0.035156 m
2026-09-11 11:46:24,310 INFO angle_011_30 | 面积 2632.0487 [2625.9262, 2638.1712] m² | 定位误差 30.1440 m | sampled
2026-09-11 11:46:24,316 DEBUG 层 0：检查 40000 格，内部 0，边界 15
2026-09-11 11:46:24,317 DEBUG 层 1：检查 60 格，内部 10，边界 29
2026-09-11 11:46:24,317 DEBUG 层 2：检查 116 格，内部 24，边界 56
2026-09-11 11:46:24,317 DEBUG 层 3：检查 224 格，内部 45，边界 117
2026-09-11 11:46:24,318 DEBUG 层 4：检查 468 格，内部 107，边界 233
2026-09-11 11:46:24,318 DEBUG 层 5：检查 932 格，内部 223，边界 468
2026-09-11 11:46:24,318 DEBUG 层 6：检查 1872 格，内部 462，边界 935
2026-09-11 11:46:24,318 DEBUG 层 7：检查 3740 格，内部 933，边界 1871
2026-09-11 11:46:24,319 DEBUG 层 8：检查 7484 格，内部 1891，边界 3744
2026-09-11 11:46:24,321 DEBUG 层 9：检查 14976 格，内部 3712，边界 7491
2026-09-11 11:46:24,510 DEBUG 求解结束：sampled；可行点 26004，叶格 14898，边界格边长 0.035156 m
2026-09-11 11:46:24,511 INFO angle_011_45 | 面积 1807.9629 [1803.3463, 1812.5796] m² | 定位误差 21.2187 m | sampled
2026-09-11 11:46:24,518 DEBUG 层 0：检查 40000 格，内部 0，边界 12
2026-09-11 11:46:24,518 DEBUG 层 1：检查 48 格，内部 7，边界 26
2026-09-11 11:46:24,518 DEBUG 层 2：检查 104 格，内部 21，边界 51
2026-09-11 11:46:24,519 DEBUG 层 3：检查 204 格，内部 42，边界 100
2026-09-11 11:46:24,519 DEBUG 层 4：检查 400 格，内部 96，边界 199
2026-09-11 11:46:24,519 DEBUG 层 5：检查 796 格，内部 196，边界 399
2026-09-11 11:46:24,520 DEBUG 层 6：检查 1596 格，内部 386，边界 798
2026-09-11 11:46:24,520 DEBUG 层 7：检查 3192 格，内部 790，边界 1595
2026-09-11 11:46:24,521 DEBUG 层 8：检查 6380 格，内部 1598，边界 3187
2026-09-11 11:46:24,522 DEBUG 层 9：检查 12748 格，内部 3178，边界 6373
2026-09-11 11:46:24,669 DEBUG 求解结束：sampled；可行点 22126，叶格 12687，边界格边长 0.035156 m
2026-09-11 11:46:24,670 INFO angle_011_60 | 面积 1454.2316 [1450.2950, 1458.1681] m² | 定位误差 17.8956 m | sampled
2026-09-11 11:46:24,677 DEBUG 层 0：检查 40000 格，内部 0，边界 11
2026-09-11 11:46:24,678 DEBUG 层 1：检查 44 格，内部 6，边界 22
2026-09-11 11:46:24,678 DEBUG 层 2：检查 88 格，内部 17，边界 43
2026-09-11 11:46:24,678 DEBUG 层 3：检查 172 格，内部 40，边界 85
2026-09-11 11:46:24,678 DEBUG 层 4：检查 340 格，内部 75，边界 170
2026-09-11 11:46:24,679 DEBUG 层 5：检查 680 格，内部 168，边界 339
2026-09-11 11:46:24,679 DEBUG 层 6：检查 1356 格，内部 336，边界 681
2026-09-11 11:46:24,679 DEBUG 层 7：检查 2724 格，内部 683，边界 1358
2026-09-11 11:46:24,680 DEBUG 层 8：检查 5432 格，内部 1344，边界 2718
2026-09-11 11:46:24,681 DEBUG 层 9：检查 10872 格，内部 2711，边界 5440
2026-09-11 11:46:24,842 DEBUG 求解结束：sampled；可行点 18868，叶格 10820，边界格边长 0.035156 m
2026-09-11 11:46:24,843 INFO angle_011_90 | 面积 1237.6091 [1234.2495, 1240.9688] m² | 定位误差 17.0791 m | sampled
2026-09-11 11:46:24,847 DEBUG 层 0：检查 40000 格，内部 1，边界 10
2026-09-11 11:46:24,847 DEBUG 层 1：检查 40 格，内部 4，边界 21
2026-09-11 11:46:24,848 DEBUG 层 2：检查 84 格，内部 17，边界 43
2026-09-11 11:46:24,848 DEBUG 层 3：检查 172 格，内部 44，边界 84
2026-09-11 11:46:24,848 DEBUG 层 4：检查 336 格，内部 59，边界 169
2026-09-11 11:46:24,848 DEBUG 层 5：检查 676 格，内部 198，边界 341
2026-09-11 11:46:24,848 DEBUG 层 6：检查 1364 格，内部 344，边界 681
2026-09-11 11:46:24,849 DEBUG 层 7：检查 2724 格，内部 692，边界 1362
2026-09-11 11:46:24,849 DEBUG 层 8：检查 5448 格，内部 1355，边界 2721
2026-09-11 11:46:24,850 DEBUG 层 9：检查 10884 格，内部 2703，边界 5439
2026-09-11 11:46:25,012 DEBUG 求解结束：sampled；可行点 18960，叶格 10856，边界格边长 0.035156 m
2026-09-11 11:46:25,015 INFO angle_011_120 | 面积 1409.9324 [1406.5899, 1413.2749] m² | 定位误差 21.5323 m | sampled
2026-09-11 11:46:25,020 DEBUG 层 0：检查 40000 格，内部 0，边界 22
2026-09-11 11:46:25,021 DEBUG 层 1：检查 88 格，内部 13，边界 43
2026-09-11 11:46:25,021 DEBUG 层 2：检查 172 格，内部 33，边界 86
2026-09-11 11:46:25,021 DEBUG 层 3：检查 344 格，内部 80，边界 174
2026-09-11 11:46:25,021 DEBUG 层 4：检查 696 格，内部 151，边界 349
2026-09-11 11:46:25,021 DEBUG 层 5：检查 1396 格，内部 344，边界 699
2026-09-11 11:46:25,022 DEBUG 层 6：检查 2796 格，内部 695，边界 1396
2026-09-11 11:46:25,023 DEBUG 层 7：检查 5584 格，内部 1375，边界 2790
2026-09-11 11:46:25,024 DEBUG 层 8：检查 11160 格，内部 2780，边界 5581
2026-09-11 11:46:25,027 DEBUG 层 9：检查 22324 格，内部 5579，边界 11160
2026-09-11 11:46:25,358 DEBUG 求解结束：sampled；可行点 38732，叶格 22210，边界格边长 0.035156 m
2026-09-11 11:46:25,360 INFO angle_012_30 | 面积 2542.7740 [2535.8765, 2549.6714] m² | 定位误差 15.8266 m | sampled
2026-09-11 11:46:25,364 DEBUG 层 0：检查 40000 格，内部 0，边界 14
2026-09-11 11:46:25,364 DEBUG 层 1：检查 56 格，内部 9，边界 29
2026-09-11 11:46:25,364 DEBUG 层 2：检查 116 格，内部 24，边界 57
2026-09-11 11:46:25,365 DEBUG 层 3：检查 228 格，内部 55，边界 117
2026-09-11 11:46:25,365 DEBUG 层 4：检查 468 格，内部 98，边界 232
2026-09-11 11:46:25,365 DEBUG 层 5：检查 928 格，内部 237，边界 464
2026-09-11 11:46:25,366 DEBUG 层 6：检查 1856 格，内部 456，边界 929
2026-09-11 11:46:25,366 DEBUG 层 7：检查 3716 格，内部 910，边界 1858
2026-09-11 11:46:25,367 DEBUG 层 8：检查 7432 格，内部 1846，边界 3716
2026-09-11 11:46:25,369 DEBUG 层 9：检查 14864 格，内部 3705，边界 7434
2026-09-11 11:46:25,586 DEBUG 求解结束：sampled；可行点 25767，叶格 14774，边界格边长 0.035156 m
2026-09-11 11:46:25,588 INFO angle_012_45 | 面积 1769.3801 [1764.7914, 1773.9687] m² | 定位误差 10.1359 m | sampled
2026-09-11 11:46:25,592 DEBUG 层 0：检查 40000 格，内部 0，边界 10
2026-09-11 11:46:25,592 DEBUG 层 1：检查 40 格，内部 8，边界 21
2026-09-11 11:46:25,593 DEBUG 层 2：检查 84 格，内部 19，边界 43
2026-09-11 11:46:25,593 DEBUG 层 3：检查 172 格，内部 37，边界 86
2026-09-11 11:46:25,593 DEBUG 层 4：检查 344 格，内部 82，边界 172
2026-09-11 11:46:25,593 DEBUG 层 5：检查 688 格，内部 160，边界 344
2026-09-11 11:46:25,594 DEBUG 层 6：检查 1376 格，内部 350，边界 692
2026-09-11 11:46:25,594 DEBUG 层 7：检查 2768 格，内部 681，边界 1387
2026-09-11 11:46:25,595 DEBUG 层 8：检查 5548 格，内部 1403，边界 2771
2026-09-11 11:46:25,596 DEBUG 层 9：检查 11084 格，内部 2758，边界 5539
2026-09-11 11:46:25,754 DEBUG 求解结束：sampled；可行点 19266，叶格 11037，边界格边长 0.035156 m
2026-09-11 11:46:25,757 INFO angle_012_60 | 面积 1432.7734 [1429.3689, 1436.1779] m² | 定位误差 7.7389 m | sampled
2026-09-11 11:46:25,760 DEBUG 层 0：检查 40000 格，内部 0，边界 10
2026-09-11 11:46:25,760 DEBUG 层 1：检查 40 格，内部 6，边界 20
2026-09-11 11:46:25,760 DEBUG 层 2：检查 80 格，内部 18，边界 43
2026-09-11 11:46:25,760 DEBUG 层 3：检查 172 格，内部 32，边界 85
2026-09-11 11:46:25,761 DEBUG 层 4：检查 340 格，内部 89，边界 169
2026-09-11 11:46:25,761 DEBUG 层 5：检查 676 格，内部 156，边界 336
2026-09-11 11:46:25,761 DEBUG 层 6：检查 1344 格，内部 322，边界 674
2026-09-11 11:46:25,761 DEBUG 层 7：检查 2696 格，内部 679，边界 1348
2026-09-11 11:46:25,762 DEBUG 层 8：检查 5392 格，内部 1335，边界 2695
2026-09-11 11:46:25,763 DEBUG 层 9：检查 10780 格，内部 2700，边界 5390
2026-09-11 11:46:25,922 DEBUG 求解结束：sampled；可行点 18702，叶格 10727，边界格边长 0.035156 m
2026-09-11 11:46:25,924 INFO angle_012_90 | 面积 1229.9598 [1226.6403, 1233.2793] m² | 定位误差 6.0503 m | sampled
2026-09-11 11:46:25,928 DEBUG 层 0：检查 40000 格，内部 1，边界 11
2026-09-11 11:46:25,929 DEBUG 层 1：检查 44 格，内部 2，边界 24
2026-09-11 11:46:25,929 DEBUG 层 2：检查 96 格，内部 23，边界 50
2026-09-11 11:46:25,929 DEBUG 层 3：检查 200 格，内部 41，边界 98
2026-09-11 11:46:25,930 DEBUG 层 4：检查 392 格，内部 98，边界 196
2026-09-11 11:46:25,930 DEBUG 层 5：检查 784 格，内部 197，边界 391
2026-09-11 11:46:25,930 DEBUG 层 6：检查 1564 格，内部 387，边界 782
2026-09-11 11:46:25,930 DEBUG 层 7：检查 3128 格，内部 772，边界 1565
2026-09-11 11:46:25,931 DEBUG 层 8：检查 6260 格，内部 1557，边界 3128
2026-09-11 11:46:25,932 DEBUG 层 9：检查 12512 格，内部 3135，边界 6255
2026-09-11 11:46:26,110 DEBUG 求解结束：sampled；可行点 21750，叶格 12468，边界格边长 0.035156 m
2026-09-11 11:46:26,111 INFO angle_012_120 | 面积 1410.8331 [1406.9705, 1414.6956] m² | 定位误差 6.4644 m | sampled
2026-09-11 11:46:26,115 DEBUG 层 0：检查 40000 格，内部 2，边界 21
2026-09-11 11:46:26,116 DEBUG 层 1：检查 84 格，内部 9，边界 42
2026-09-11 11:46:26,116 DEBUG 层 2：检查 168 格，内部 34，边界 84
2026-09-11 11:46:26,116 DEBUG 层 3：检查 336 格，内部 76，边界 166
2026-09-11 11:46:26,116 DEBUG 层 4：检查 664 格，内部 153，边界 333
2026-09-11 11:46:26,116 DEBUG 层 5：检查 1332 格，内部 329，边界 664
2026-09-11 11:46:26,117 DEBUG 层 6：检查 2656 格，内部 664，边界 1329
2026-09-11 11:46:26,117 DEBUG 层 7：检查 5316 格，内部 1318，边界 2658
2026-09-11 11:46:26,118 DEBUG 层 8：检查 10632 格，内部 2655，边界 5316
2026-09-11 11:46:26,120 DEBUG 层 9：检查 21264 格，内部 5307，边界 10638
2026-09-11 11:46:26,425 DEBUG 求解结束：sampled；可行点 36968，叶格 21185，边界格边长 0.035156 m
2026-09-11 11:46:26,426 INFO angle_013_30 | 面积 2859.3552 [2852.7843, 2865.9262] m² | 定位误差 58.7737 m | sampled
2026-09-11 11:46:26,430 DEBUG 层 0：检查 40000 格，内部 1，边界 15
2026-09-11 11:46:26,430 DEBUG 层 1：检查 60 格，内部 8，边界 28
2026-09-11 11:46:26,430 DEBUG 层 2：检查 112 格，内部 20，边界 57
2026-09-11 11:46:26,431 DEBUG 层 3：检查 228 格，内部 46，边界 116
2026-09-11 11:46:26,431 DEBUG 层 4：检查 464 格，内部 113，边界 234
2026-09-11 11:46:26,431 DEBUG 层 5：检查 936 格，内部 226，边界 470
2026-09-11 11:46:26,431 DEBUG 层 6：检查 1880 格，内部 463，边界 941
2026-09-11 11:46:26,432 DEBUG 层 7：检查 3764 格，内部 935，边界 1882
2026-09-11 11:46:26,432 DEBUG 层 8：检查 7528 格，内部 1873，边界 3764
2026-09-11 11:46:26,434 DEBUG 层 9：检查 15056 格，内部 3767，边界 7526
2026-09-11 11:46:26,638 DEBUG 求解结束：sampled；可行点 26126，叶格 14978，边界格边长 0.035156 m
2026-09-11 11:46:26,642 INFO angle_013_45 | 面积 1902.6994 [1898.0562, 1907.3426] m² | 定位误差 38.2108 m | sampled
2026-09-11 11:46:26,647 DEBUG 层 0：检查 40000 格，内部 1，边界 12
2026-09-11 11:46:26,647 DEBUG 层 1：检查 48 格，内部 7，边界 23
2026-09-11 11:46:26,648 DEBUG 层 2：检查 92 格，内部 9，边界 48
2026-09-11 11:46:26,648 DEBUG 层 3：检查 192 格，内部 40，边界 94
2026-09-11 11:46:26,648 DEBUG 层 4：检查 376 格，内部 86，边界 189
2026-09-11 11:46:26,648 DEBUG 层 5：检查 756 格，内部 186，边界 377
2026-09-11 11:46:26,648 DEBUG 层 6：检查 1508 格，内部 358，边界 754
2026-09-11 11:46:26,649 DEBUG 层 7：检查 3016 格，内部 742，边界 1506
2026-09-11 11:46:26,649 DEBUG 层 8：检查 6024 格，内部 1499，边界 3016
2026-09-11 11:46:26,650 DEBUG 层 9：检查 12064 格，内部 3011，边界 6033
2026-09-11 11:46:26,805 DEBUG 求解结束：sampled；可行点 20879，叶格 11972，边界格边长 0.035156 m
2026-09-11 11:46:26,806 INFO angle_013_60 | 面积 1504.9961 [1501.2732, 1508.7189] m² | 定位误差 28.7415 m | sampled
2026-09-11 11:46:26,810 DEBUG 层 0：检查 40000 格，内部 1，边界 9
2026-09-11 11:46:26,810 DEBUG 层 1：检查 36 格，内部 5，边界 18
2026-09-11 11:46:26,810 DEBUG 层 2：检查 72 格，内部 10，边界 36
2026-09-11 11:46:26,810 DEBUG 层 3：检查 144 格，内部 29，边界 72
2026-09-11 11:46:26,810 DEBUG 层 4：检查 288 格，内部 71，边界 142
2026-09-11 11:46:26,811 DEBUG 层 5：检查 568 格，内部 127，边界 285
2026-09-11 11:46:26,811 DEBUG 层 6：检查 1140 格，内部 285，边界 569
2026-09-11 11:46:26,812 DEBUG 层 7：检查 2276 格，内部 561，边界 1139
2026-09-11 11:46:26,813 DEBUG 层 8：检查 4556 格，内部 1133，边界 2280
2026-09-11 11:46:26,814 DEBUG 层 9：检查 9120 格，内部 2277，边界 4559
2026-09-11 11:46:26,942 DEBUG 求解结束：sampled；可行点 15806，叶格 9058，边界格边长 0.035156 m
2026-09-11 11:46:26,943 INFO angle_013_90 | 面积 1256.0237 [1253.2110, 1258.8365] m² | 定位误差 20.1921 m | sampled
2026-09-11 11:46:26,947 DEBUG 层 0：检查 40000 格，内部 1，边界 12
2026-09-11 11:46:26,947 DEBUG 层 1：检查 48 格，内部 4，边界 21
2026-09-11 11:46:26,947 DEBUG 层 2：检查 84 格，内部 18，边界 43
2026-09-11 11:46:26,947 DEBUG 层 3：检查 172 格，内部 36，边界 86
2026-09-11 11:46:26,947 DEBUG 层 4：检查 344 格，内部 85，边界 172
2026-09-11 11:46:26,947 DEBUG 层 5：检查 688 格，内部 164，边界 344
2026-09-11 11:46:26,947 DEBUG 层 6：检查 1376 格，内部 340，边界 688
2026-09-11 11:46:26,948 DEBUG 层 7：检查 2752 格，内部 676，边界 1373
2026-09-11 11:46:26,948 DEBUG 层 8：检查 5492 格，内部 1355，边界 2745
2026-09-11 11:46:26,949 DEBUG 层 9：检查 10980 格，内部 2734，边界 5489
2026-09-11 11:46:27,082 DEBUG 求解结束：sampled；可行点 19018，叶格 10902，边界格边长 0.035156 m
2026-09-11 11:46:27,083 INFO angle_013_120 | 面积 1411.3169 [1407.9296, 1414.7043] m² | 定位误差 17.0552 m | sampled
2026-09-11 11:46:27,087 DEBUG 层 0：检查 40000 格，内部 2，边界 18
2026-09-11 11:46:27,087 DEBUG 层 1：检查 72 格，内部 7，边界 38
2026-09-11 11:46:27,087 DEBUG 层 2：检查 152 格，内部 31，边界 76
2026-09-11 11:46:27,088 DEBUG 层 3：检查 304 格，内部 66，边界 156
2026-09-11 11:46:27,088 DEBUG 层 4：检查 624 格，内部 151，边界 311
2026-09-11 11:46:27,088 DEBUG 层 5：检查 1244 格，内部 295，边界 623
2026-09-11 11:46:27,088 DEBUG 层 6：检查 2492 格，内部 612，边界 1248
2026-09-11 11:46:27,089 DEBUG 层 7：检查 4992 格，内部 1241，边界 2492
2026-09-11 11:46:27,089 DEBUG 层 8：检查 9968 格，内部 2488，边界 4983
2026-09-11 11:46:27,091 DEBUG 层 9：检查 19932 格，内部 4970，边界 9966
2026-09-11 11:46:27,360 DEBUG 求解结束：sampled；可行点 34592，叶格 19829，边界格边长 0.035156 m
2026-09-11 11:46:27,362 INFO angle_014_30 | 面积 2565.0095 [2558.8598, 2571.1592] m² | 定位误差 20.5427 m | sampled
2026-09-11 11:46:27,366 DEBUG 层 0：检查 40000 格，内部 1，边界 15
2026-09-11 11:46:27,366 DEBUG 层 1：检查 60 格，内部 4，边界 31
2026-09-11 11:46:27,366 DEBUG 层 2：检查 124 格，内部 29，边界 58
2026-09-11 11:46:27,366 DEBUG 层 3：检查 232 格，内部 53，边界 114
2026-09-11 11:46:27,366 DEBUG 层 4：检查 456 格，内部 104，边界 226
2026-09-11 11:46:27,366 DEBUG 层 5：检查 904 格，内部 218，边界 453
2026-09-11 11:46:27,366 DEBUG 层 6：检查 1812 格，内部 443，边界 908
2026-09-11 11:46:27,367 DEBUG 层 7：检查 3632 格，内部 893，边界 1813
2026-09-11 11:46:27,368 DEBUG 层 8：检查 7252 格，内部 1789，边界 3627
2026-09-11 11:46:27,369 DEBUG 层 9：检查 14508 格，内部 3637，边界 7251
2026-09-11 11:46:27,593 DEBUG 求解结束：sampled；可行点 25152，叶格 14422，边界格边长 0.035156 m
2026-09-11 11:46:27,594 INFO angle_014_45 | 面积 1779.1250 [1774.6550, 1783.5950] m² | 定位误差 14.6368 m | sampled
2026-09-11 11:46:27,598 DEBUG 层 0：检查 40000 格，内部 0，边界 12
2026-09-11 11:46:27,599 DEBUG 层 1：检查 48 格，内部 6，边界 25
2026-09-11 11:46:27,599 DEBUG 层 2：检查 100 格，内部 26，边界 47
2026-09-11 11:46:27,599 DEBUG 层 3：检查 188 格，内部 40，边界 92
2026-09-11 11:46:27,599 DEBUG 层 4：检查 368 格，内部 82，边界 184
2026-09-11 11:46:27,599 DEBUG 层 5：检查 736 格，内部 181，边界 370
2026-09-11 11:46:27,599 DEBUG 层 6：检查 1480 格，内部 369，边界 740
2026-09-11 11:46:27,600 DEBUG 层 7：检查 2960 格，内部 754，边界 1475
2026-09-11 11:46:27,600 DEBUG 层 8：检查 5900 格，内部 1479，边界 2952
2026-09-11 11:46:27,601 DEBUG 层 9：检查 11808 格，内部 2943，边界 5901
2026-09-11 11:46:27,786 DEBUG 求解结束：sampled；可行点 20554，叶格 11781，边界格边长 0.035156 m
2026-09-11 11:46:27,788 INFO angle_014_60 | 面积 1438.3442 [1434.7089, 1441.9795] m² | 定位误差 12.6253 m | sampled
2026-09-11 11:46:27,792 DEBUG 层 0：检查 40000 格，内部 1，边界 9
2026-09-11 11:46:27,793 DEBUG 层 1：检查 36 格，内部 3，边界 18
2026-09-11 11:46:27,793 DEBUG 层 2：检查 72 格，内部 16，边界 35
2026-09-11 11:46:27,793 DEBUG 层 3：检查 140 格，内部 31，边界 70
2026-09-11 11:46:27,793 DEBUG 层 4：检查 280 格，内部 73，边界 141
2026-09-11 11:46:27,793 DEBUG 层 5：检查 564 格，内部 139，边界 283
2026-09-11 11:46:27,793 DEBUG 层 6：检查 1132 格，内部 279，边界 567
2026-09-11 11:46:27,794 DEBUG 层 7：检查 2268 格，内部 557，边界 1135
2026-09-11 11:46:27,794 DEBUG 层 8：检查 4540 格，内部 1130，边界 2270
2026-09-11 11:46:27,795 DEBUG 层 9：检查 9080 格，内部 2251，边界 4541
2026-09-11 11:46:27,930 DEBUG 求解结束：sampled；可行点 15728，叶格 9021，边界格边长 0.035156 m
2026-09-11 11:46:27,931 INFO angle_014_90 | 面积 1231.3430 [1228.5415, 1234.1444] m² | 定位误差 12.5896 m | sampled
2026-09-11 11:46:27,935 DEBUG 层 0：检查 40000 格，内部 1，边界 9
2026-09-11 11:46:27,935 DEBUG 层 1：检查 36 格，内部 4，边界 22
2026-09-11 11:46:27,935 DEBUG 层 2：检查 88 格，内部 18，边界 43
2026-09-11 11:46:27,935 DEBUG 层 3：检查 172 格，内部 36，边界 88
2026-09-11 11:46:27,935 DEBUG 层 4：检查 352 格，内部 80，边界 174
2026-09-11 11:46:27,936 DEBUG 层 5：检查 696 格，内部 178，边界 348
2026-09-11 11:46:27,936 DEBUG 层 6：检查 1392 格，内部 339，边界 696
2026-09-11 11:46:27,936 DEBUG 层 7：检查 2784 格，内部 701，边界 1391
2026-09-11 11:46:27,937 DEBUG 层 8：检查 5564 格，内部 1388，边界 2779
2026-09-11 11:46:27,938 DEBUG 层 9：检查 11116 格，内部 2767，边界 5560
2026-09-11 11:46:28,101 DEBUG 求解结束：sampled；可行点 19322，叶格 11072，边界格边长 0.035156 m
2026-09-11 11:46:28,103 INFO angle_014_120 | 面积 1410.1238 [1406.6995, 1413.5480] m² | 定位误差 16.3522 m | sampled
2026-09-11 11:46:28,107 DEBUG 层 0：检查 40000 格，内部 1，边界 18
2026-09-11 11:46:28,107 DEBUG 层 1：检查 72 格，内部 6，边界 37
2026-09-11 11:46:28,107 DEBUG 层 2：检查 148 格，内部 31，边界 72
2026-09-11 11:46:28,107 DEBUG 层 3：检查 288 格，内部 63，边界 145
2026-09-11 11:46:28,107 DEBUG 层 4：检查 580 格，内部 134，边界 288
2026-09-11 11:46:28,108 DEBUG 层 5：检查 1152 格，内部 276，边界 577
2026-09-11 11:46:28,108 DEBUG 层 6：检查 2308 格，内部 588，边界 1155
2026-09-11 11:46:28,108 DEBUG 层 7：检查 4620 格，内部 1127，边界 2311
2026-09-11 11:46:28,109 DEBUG 层 8：检查 9244 格，内部 2297，边界 4617
2026-09-11 11:46:28,110 DEBUG 层 9：检查 18468 格，内部 4585，边界 9236
2026-09-11 11:46:28,390 DEBUG 求解结束：sampled；可行点 31993，叶格 18344，边界格边长 0.035156 m
2026-09-11 11:46:28,392 INFO angle_015_30 | 面积 2110.7928 [2105.0984, 2116.4871] m² | 定位误差 49.4896 m | sampled
2026-09-11 11:46:28,396 DEBUG 层 0：检查 40000 格，内部 1，边界 12
2026-09-11 11:46:28,396 DEBUG 层 1：检查 48 格，内部 4，边界 27
2026-09-11 11:46:28,396 DEBUG 层 2：检查 108 格，内部 21，边界 54
2026-09-11 11:46:28,396 DEBUG 层 3：检查 216 格，内部 47，边界 104
2026-09-11 11:46:28,396 DEBUG 层 4：检查 416 格，内部 107，边界 206
2026-09-11 11:46:28,396 DEBUG 层 5：检查 824 格，内部 185，边界 414
2026-09-11 11:46:28,397 DEBUG 层 6：检查 1656 格，内部 418，边界 829
2026-09-11 11:46:28,398 DEBUG 层 7：检查 3316 格，内部 796，边界 1657
2026-09-11 11:46:28,398 DEBUG 层 8：检查 6628 格，内部 1660，边界 3316
2026-09-11 11:46:28,399 DEBUG 层 9：检查 13264 格，内部 3309，边界 6630
2026-09-11 11:46:28,591 DEBUG 求解结束：sampled；可行点 22987，叶格 13178，边界格边长 0.035156 m
2026-09-11 11:46:28,592 INFO angle_015_45 | 面积 1574.4072 [1570.3255, 1578.4890] m² | 定位误差 34.6981 m | sampled
2026-09-11 11:46:28,595 DEBUG 层 0：检查 40000 格，内部 0，边界 13
2026-09-11 11:46:28,596 DEBUG 层 1：检查 52 格，内部 6，边界 23
2026-09-11 11:46:28,596 DEBUG 层 2：检查 92 格，内部 22，边界 46
2026-09-11 11:46:28,596 DEBUG 层 3：检查 184 格，内部 32，边界 93
2026-09-11 11:46:28,596 DEBUG 层 4：检查 372 格，内部 89，边界 187
2026-09-11 11:46:28,596 DEBUG 层 5：检查 748 格，内部 178，边界 373
2026-09-11 11:46:28,597 DEBUG 层 6：检查 1492 格，内部 366，边界 744
2026-09-11 11:46:28,597 DEBUG 层 7：检查 2976 格，内部 744，边界 1489
2026-09-11 11:46:28,598 DEBUG 层 8：检查 5956 格，内部 1482，边界 2977
2026-09-11 11:46:28,599 DEBUG 层 9：检查 11908 格，内部 2947，边界 5952
2026-09-11 11:46:28,775 DEBUG 求解结束：sampled；可行点 20591，叶格 11818，边界格边长 0.035156 m
2026-09-11 11:46:28,777 INFO angle_015_60 | 面积 1324.3945 [1320.7313, 1328.0578] m² | 定位误差 27.0951 m | sampled
2026-09-11 11:46:28,780 DEBUG 层 0：检查 40000 格，内部 1，边界 12
2026-09-11 11:46:28,780 DEBUG 层 1：检查 48 格，内部 0，边界 22
2026-09-11 11:46:28,780 DEBUG 层 2：检查 88 格，内部 23，边界 43
2026-09-11 11:46:28,780 DEBUG 层 3：检查 172 格，内部 36，边界 87
2026-09-11 11:46:28,780 DEBUG 层 4：检查 348 格，内部 84，边界 173
2026-09-11 11:46:28,780 DEBUG 层 5：检查 692 格，内部 166，边界 345
2026-09-11 11:46:28,781 DEBUG 层 6：检查 1380 格，内部 352，边界 689
2026-09-11 11:46:28,781 DEBUG 层 7：检查 2756 格，内部 670，边界 1380
2026-09-11 11:46:28,782 DEBUG 层 8：检查 5520 格，内部 1398，边界 2759
2026-09-11 11:46:28,783 DEBUG 层 9：检查 11036 格，内部 2762，边界 5519
2026-09-11 11:46:28,941 DEBUG 求解结束：sampled；可行点 19209，叶格 11011，边界格边长 0.035156 m
2026-09-11 11:46:28,943 INFO angle_015_90 | 面积 1189.0477 [1185.6400, 1192.4554] m² | 定位误差 19.6479 m | sampled
2026-09-11 11:46:28,947 DEBUG 层 0：检查 40000 格，内部 1，边界 12
2026-09-11 11:46:28,947 DEBUG 层 1：检查 48 格，内部 5，边界 22
2026-09-11 11:46:28,947 DEBUG 层 2：检查 88 格，内部 11，边界 47
2026-09-11 11:46:28,948 DEBUG 层 3：检查 188 格，内部 46，边界 92
2026-09-11 11:46:28,948 DEBUG 层 4：检查 368 格，内部 88，边界 185
2026-09-11 11:46:28,948 DEBUG 层 5：检查 740 格，内部 171，边界 371
2026-09-11 11:46:28,948 DEBUG 层 6：检查 1484 格，内部 369，边界 740
2026-09-11 11:46:28,948 DEBUG 层 7：检查 2960 格，内部 711，边界 1479
2026-09-11 11:46:28,949 DEBUG 层 8：检查 5916 格，内部 1496，边界 2960
2026-09-11 11:46:28,950 DEBUG 层 9：检查 11840 格，内部 2971，边界 5917
2026-09-11 11:46:29,121 DEBUG 求解结束：sampled；可行点 20571，叶格 11786，边界格边长 0.035156 m
2026-09-11 11:46:29,123 INFO angle_015_120 | 面积 1411.7060 [1408.0545, 1415.3575] m² | 定位误差 16.4186 m | sampled
2026-09-11 11:46:29,127 DEBUG 层 0：检查 40000 格，内部 1，边界 22
2026-09-11 11:46:29,127 DEBUG 层 1：检查 88 格，内部 13，边界 42
2026-09-11 11:46:29,127 DEBUG 层 2：检查 168 格，内部 29，边界 79
2026-09-11 11:46:29,127 DEBUG 层 3：检查 316 格，内部 88，边界 163
2026-09-11 11:46:29,127 DEBUG 层 4：检查 652 格，内部 130，边界 324
2026-09-11 11:46:29,128 DEBUG 层 5：检查 1296 格，内部 382，边界 650
2026-09-11 11:46:29,128 DEBUG 层 6：检查 2600 格，内部 758，边界 1300
2026-09-11 11:46:29,128 DEBUG 层 7：检查 5200 格，内部 1529，边界 2604
2026-09-11 11:46:29,129 DEBUG 层 8：检查 10416 格，内部 2171，边界 5207
2026-09-11 11:46:29,131 DEBUG 层 9：检查 20828 格，内部 6223，边界 10409
2026-09-11 11:46:29,465 DEBUG 求解结束：sampled；可行点 38581，叶格 21733，边界格边长 0.035156 m
2026-09-11 11:46:29,467 INFO angle_016_30 | 面积 2816.6988 [2810.4087, 2822.9889] m² | 定位误差 53.1300 m | sampled
2026-09-11 11:46:29,471 DEBUG 层 0：检查 40000 格，内部 1，边界 12
2026-09-11 11:46:29,471 DEBUG 层 1：检查 48 格，内部 8，边界 26
2026-09-11 11:46:29,471 DEBUG 层 2：检查 104 格，内部 21，边界 54
2026-09-11 11:46:29,471 DEBUG 层 3：检查 216 格，内部 41，边界 114
2026-09-11 11:46:29,471 DEBUG 层 4：检查 456 格，内部 92，边界 224
2026-09-11 11:46:29,472 DEBUG 层 5：检查 896 格，内部 243，边界 451
2026-09-11 11:46:29,473 DEBUG 层 6：检查 1804 格，内部 552，边界 906
2026-09-11 11:46:29,474 DEBUG 层 7：检查 3624 格，内部 1088，边界 1810
2026-09-11 11:46:29,475 DEBUG 层 8：检查 7240 格，内部 1470，边界 3614
2026-09-11 11:46:29,476 DEBUG 层 9：检查 14456 格，内部 4317，边界 7230
2026-09-11 11:46:29,692 DEBUG 求解结束：sampled；可行点 26980，叶格 15063，边界格边长 0.035156 m
2026-09-11 11:46:29,694 INFO angle_016_45 | 面积 1884.3256 [1880.2738, 1888.3774] m² | 定位误差 34.4616 m | sampled
2026-09-11 11:46:29,697 DEBUG 层 0：检查 40000 格，内部 1，边界 10
2026-09-11 11:46:29,698 DEBUG 层 1：检查 40 格，内部 5，边界 22
2026-09-11 11:46:29,698 DEBUG 层 2：检查 88 格，内部 17，边界 44
2026-09-11 11:46:29,698 DEBUG 层 3：检查 176 格，内部 41，边界 88
2026-09-11 11:46:29,698 DEBUG 层 4：检查 352 格，内部 65，边界 175
2026-09-11 11:46:29,698 DEBUG 层 5：检查 700 格，内部 209，边界 354
2026-09-11 11:46:29,698 DEBUG 层 6：检查 1416 格，内部 409，边界 710
2026-09-11 11:46:29,699 DEBUG 层 7：检查 2840 格，内部 853，边界 1420
2026-09-11 11:46:29,699 DEBUG 层 8：检查 5680 格，内部 1135，边界 2838
2026-09-11 11:46:29,700 DEBUG 层 9：检查 11352 格，内部 3406，边界 5678
2026-09-11 11:46:29,869 DEBUG 求解结束：sampled；可行点 21324，叶格 11819，边界格边长 0.035156 m
2026-09-11 11:46:29,870 INFO angle_016_60 | 面积 1494.8853 [1491.7340, 1498.0365] m² | 定位误差 25.8140 m | sampled
2026-09-11 11:46:29,874 DEBUG 层 0：检查 40000 格，内部 1，边界 8
2026-09-11 11:46:29,874 DEBUG 层 1：检查 32 格，内部 5，边界 16
2026-09-11 11:46:29,874 DEBUG 层 2：检查 64 格，内部 12，边界 32
2026-09-11 11:46:29,874 DEBUG 层 3：检查 128 格，内部 32，边界 64
2026-09-11 11:46:29,875 DEBUG 层 4：检查 256 格，内部 22，边界 128
2026-09-11 11:46:29,875 DEBUG 层 5：检查 512 格，内部 137，边界 256
2026-09-11 11:46:29,875 DEBUG 层 6：检查 1024 格，内部 276，边界 512
2026-09-11 11:46:29,875 DEBUG 层 7：检查 2048 格，内部 664，边界 1024
2026-09-11 11:46:29,876 DEBUG 层 8：检查 4096 格，内部 769，边界 2046
2026-09-11 11:46:29,877 DEBUG 层 9：检查 8184 格，内部 2533，边界 4094
2026-09-11 11:46:30,006 DEBUG 求解结束：sampled；可行点 15497，叶格 8545，边界格边长 0.035156 m
2026-09-11 11:46:30,008 INFO angle_016_90 | 面积 1251.7915 [1249.5791, 1254.0039] m² | 定位误差 17.8360 m | sampled
2026-09-11 11:46:30,011 DEBUG 层 0：检查 40000 格，内部 0，边界 11
2026-09-11 11:46:30,011 DEBUG 层 1：检查 44 格，内部 9，边界 22
2026-09-11 11:46:30,011 DEBUG 层 2：检查 88 格，内部 11，边界 42
2026-09-11 11:46:30,012 DEBUG 层 3：检查 168 格，内部 51，边界 85
2026-09-11 11:46:30,012 DEBUG 层 4：检查 340 格，内部 58，边界 168
2026-09-11 11:46:30,012 DEBUG 层 5：检查 672 格，内部 198，边界 338
2026-09-11 11:46:30,012 DEBUG 层 6：检查 1352 格，内部 411，边界 678
2026-09-11 11:46:30,012 DEBUG 层 7：检查 2712 格，内部 825，边界 1355
2026-09-11 11:46:30,013 DEBUG 层 8：检查 5420 格，内部 1089，边界 2710
2026-09-11 11:46:30,014 DEBUG 层 9：检查 10840 格，内部 3298，边界 5423
2026-09-11 11:46:30,180 DEBUG 求解结束：sampled；可行点 20410，叶格 11373，边界格边长 0.035156 m
2026-09-11 11:46:30,181 INFO angle_016_120 | 面积 1410.5456 [1407.5295, 1413.5616] m² | 定位误差 14.3909 m | sampled
2026-09-11 11:46:30,185 DEBUG 层 0：检查 40000 格，内部 1，边界 21
2026-09-11 11:46:30,185 DEBUG 层 1：检查 84 格，内部 10，边界 43
2026-09-11 11:46:30,186 DEBUG 层 2：检查 172 格，内部 38，边界 85
2026-09-11 11:46:30,186 DEBUG 层 3：检查 340 格，内部 74，边界 170
2026-09-11 11:46:30,186 DEBUG 层 4：检查 680 格，内部 157，边界 340
2026-09-11 11:46:30,186 DEBUG 层 5：检查 1360 格，内部 328，边界 681
2026-09-11 11:46:30,186 DEBUG 层 6：检查 2724 格，内部 666，边界 1362
2026-09-11 11:46:30,187 DEBUG 层 7：检查 5448 格，内部 1337，边界 2724
2026-09-11 11:46:30,188 DEBUG 层 8：检查 10896 格，内部 2723，边界 5447
2026-09-11 11:46:30,191 DEBUG 层 9：检查 21788 格，内部 5448，边界 10894
2026-09-11 11:46:30,528 DEBUG 求解结束：sampled；可行点 37811，叶格 21676，边界格边长 0.035156 m
2026-09-11 11:46:30,529 INFO angle_017_30 | 面积 2693.3560 [2686.6296, 2700.0824] m² | 定位误差 36.7189 m | sampled
2026-09-11 11:46:30,538 DEBUG 层 0：检查 40000 格，内部 1，边界 14
2026-09-11 11:46:30,538 DEBUG 层 1：检查 56 格，内部 6，边界 29
2026-09-11 11:46:30,538 DEBUG 层 2：检查 116 格，内部 25，边界 59
2026-09-11 11:46:30,538 DEBUG 层 3：检查 236 格，内部 47，边界 116
2026-09-11 11:46:30,539 DEBUG 层 4：检查 464 格，内部 107，边界 233
2026-09-11 11:46:30,539 DEBUG 层 5：检查 932 格，内部 208，边界 467
2026-09-11 11:46:30,539 DEBUG 层 6：检查 1868 格，内部 467，边界 934
2026-09-11 11:46:30,540 DEBUG 层 7：检查 3736 格，内部 930，边界 1867
2026-09-11 11:46:30,541 DEBUG 层 8：检查 7468 格，内部 1854，边界 3735
2026-09-11 11:46:30,542 DEBUG 层 9：检查 14940 格，内部 3722，边界 7468
2026-09-11 11:46:30,777 DEBUG 求解结束：sampled；可行点 25875，叶格 14835，边界格边长 0.035156 m
2026-09-11 11:46:30,780 INFO angle_017_45 | 面积 1833.7136 [1829.1087, 1838.3185] m² | 定位误差 23.9158 m | sampled
2026-09-11 11:46:30,785 DEBUG 层 0：检查 40000 格，内部 1，边界 11
2026-09-11 11:46:30,785 DEBUG 层 1：检查 44 格，内部 5，边界 22
2026-09-11 11:46:30,785 DEBUG 层 2：检查 88 格，内部 16，边界 45
2026-09-11 11:46:30,785 DEBUG 层 3：检查 180 格，内部 39，边界 90
2026-09-11 11:46:30,785 DEBUG 层 4：检查 360 格，内部 79，边界 181
2026-09-11 11:46:30,786 DEBUG 层 5：检查 724 格，内部 180，边界 360
2026-09-11 11:46:30,786 DEBUG 层 6：检查 1440 格，内部 370，边界 720
2026-09-11 11:46:30,786 DEBUG 层 7：检查 2880 格，内部 692，边界 1442
2026-09-11 11:46:30,787 DEBUG 层 8：检查 5768 格，内部 1393，边界 2881
2026-09-11 11:46:30,788 DEBUG 层 9：检查 11524 格，内部 2876，边界 5765
2026-09-11 11:46:30,928 DEBUG 求解结束：sampled；可行点 19911，叶格 11416，边界格边长 0.035156 m
2026-09-11 11:46:30,930 INFO angle_017_60 | 面积 1467.8312 [1464.2978, 1471.3645] m² | 定位误差 18.1107 m | sampled
2026-09-11 11:46:30,937 DEBUG 层 0：检查 40000 格，内部 1，边界 9
2026-09-11 11:46:30,937 DEBUG 层 1：检查 36 格，内部 5，边界 16
2026-09-11 11:46:30,938 DEBUG 层 2：检查 64 格，内部 10，边界 36
2026-09-11 11:46:30,938 DEBUG 层 3：检查 144 格，内部 29，边界 73
2026-09-11 11:46:30,938 DEBUG 层 4：检查 292 格，内部 57，边界 143
2026-09-11 11:46:30,939 DEBUG 层 5：检查 572 格，内部 141，边界 290
2026-09-11 11:46:30,939 DEBUG 层 6：检查 1160 格，内部 276，边界 579
2026-09-11 11:46:30,941 DEBUG 层 7：检查 2316 格，内部 576，边界 1155
2026-09-11 11:46:30,942 DEBUG 层 8：检查 4620 格，内部 1142，边界 2311
2026-09-11 11:46:30,944 DEBUG 层 9：检查 9244 格，内部 2290，边界 4624
2026-09-11 11:46:31,059 DEBUG 求解结束：sampled；可行点 15961，叶格 9151，边界格边长 0.035156 m
2026-09-11 11:46:31,061 INFO angle_017_90 | 面积 1242.4547 [1239.6043, 1245.3052] m² | 定位误差 13.1490 m | sampled
2026-09-11 11:46:31,065 DEBUG 层 0：检查 40000 格，内部 0，边界 10
2026-09-11 11:46:31,065 DEBUG 层 1：检查 40 格，内部 7，边界 23
2026-09-11 11:46:31,065 DEBUG 层 2：检查 92 格，内部 21，边界 46
2026-09-11 11:46:31,065 DEBUG 层 3：检查 184 格，内部 39，边界 92
2026-09-11 11:46:31,065 DEBUG 层 4：检查 368 格，内部 82，边界 183
2026-09-11 11:46:31,066 DEBUG 层 5：检查 732 格，内部 178，边界 367
2026-09-11 11:46:31,066 DEBUG 层 6：检查 1468 格，内部 362，边界 734
2026-09-11 11:46:31,066 DEBUG 层 7：检查 2936 格，内部 730，边界 1464
2026-09-11 11:46:31,067 DEBUG 层 8：检查 5856 格，内部 1458，边界 2930
2026-09-11 11:46:31,068 DEBUG 层 9：检查 11720 格，内部 2917，边界 5859
2026-09-11 11:46:31,208 DEBUG 求解结束：sampled；可行点 20328，叶格 11653，边界格边长 0.035156 m
2026-09-11 11:46:31,209 INFO angle_017_120 | 面积 1410.8850 [1407.2690, 1414.5009] m² | 定位误差 12.0776 m | sampled
2026-09-11 11:46:31,213 DEBUG 层 0：检查 40000 格，内部 1，边界 19
2026-09-11 11:46:31,213 DEBUG 层 1：检查 76 格，内部 7，边界 38
2026-09-11 11:46:31,213 DEBUG 层 2：检查 152 格，内部 28，边界 78
2026-09-11 11:46:31,213 DEBUG 层 3：检查 312 格，内部 64，边界 158
2026-09-11 11:46:31,213 DEBUG 层 4：检查 632 格，内部 148，边界 315
2026-09-11 11:46:31,214 DEBUG 层 5：检查 1260 格，内部 310，边界 627
2026-09-11 11:46:31,214 DEBUG 层 6：检查 2508 格，内部 618，边界 1254
2026-09-11 11:46:31,215 DEBUG 层 7：检查 5016 格，内部 1245，边界 2506
2026-09-11 11:46:31,216 DEBUG 层 8：检查 10024 格，内部 2496，边界 5010
2026-09-11 11:46:31,218 DEBUG 层 9：检查 20040 格，内部 4991，边界 10021
2026-09-11 11:46:31,511 DEBUG 求解结束：sampled；可行点 34756，叶格 19929，边界格边长 0.035156 m
2026-09-11 11:46:31,512 INFO angle_018_30 | 面积 2171.7711 [2165.5845, 2177.9577] m² | 定位误差 39.8246 m | sampled
2026-09-11 11:46:31,516 DEBUG 层 0：检查 40000 格，内部 0，边界 13
2026-09-11 11:46:31,516 DEBUG 层 1：检查 52 格，内部 8，边界 28
2026-09-11 11:46:31,516 DEBUG 层 2：检查 112 格，内部 22，边界 54
2026-09-11 11:46:31,517 DEBUG 层 3：检查 216 格，内部 47，边界 107
2026-09-11 11:46:31,517 DEBUG 层 4：检查 428 格，内部 105，边界 216
2026-09-11 11:46:31,517 DEBUG 层 5：检查 864 格，内部 214，边界 430
2026-09-11 11:46:31,517 DEBUG 层 6：检查 1720 格，内部 415，边界 862
2026-09-11 11:46:31,518 DEBUG 层 7：检查 3448 格，内部 853，边界 1723
2026-09-11 11:46:31,518 DEBUG 层 8：检查 6892 格，内部 1709，边界 3443
2026-09-11 11:46:31,520 DEBUG 层 9：检查 13772 格，内部 3441，边界 6888
2026-09-11 11:46:31,720 DEBUG 求解结束：sampled；可行点 23895，叶格 13702，边界格边长 0.035156 m
2026-09-11 11:46:31,722 INFO angle_018_45 | 面积 1602.9193 [1598.6667, 1607.1720] m² | 定位误差 27.9725 m | sampled
2026-09-11 11:46:31,726 DEBUG 层 0：检查 40000 格，内部 0，边界 11
2026-09-11 11:46:31,726 DEBUG 层 1：检查 44 格，内部 8，边界 22
2026-09-11 11:46:31,726 DEBUG 层 2：检查 88 格，内部 11，边界 39
2026-09-11 11:46:31,726 DEBUG 层 3：检查 156 格，内部 51，边界 81
2026-09-11 11:46:31,726 DEBUG 层 4：检查 324 格，内部 89，边界 166
2026-09-11 11:46:31,726 DEBUG 层 5：检查 664 格，内部 130，边界 333
2026-09-11 11:46:31,727 DEBUG 层 6：检查 1332 格，内部 354，边界 665
2026-09-11 11:46:31,727 DEBUG 层 7：检查 2660 格，内部 659，边界 1329
2026-09-11 11:46:31,728 DEBUG 层 8：检查 5316 格，内部 1328，边界 2659
2026-09-11 11:46:31,730 DEBUG 层 9：检查 10636 格，内部 2669，边界 5320
2026-09-11 11:46:31,886 DEBUG 求解结束：sampled；可行点 18520，叶格 10619，边界格边长 0.035156 m
2026-09-11 11:46:31,887 INFO angle_018_60 | 面积 1340.1254 [1336.8640, 1343.3868] m² | 定位误差 21.8641 m | sampled
2026-09-11 11:46:31,891 DEBUG 层 0：检查 40000 格，内部 0，边界 11
2026-09-11 11:46:31,891 DEBUG 层 1：检查 44 格，内部 6，边界 21
2026-09-11 11:46:31,891 DEBUG 层 2：检查 84 格，内部 17，边界 43
2026-09-11 11:46:31,892 DEBUG 层 3：检查 172 格，内部 33，边界 83
2026-09-11 11:46:31,892 DEBUG 层 4：检查 332 格，内部 72，边界 169
2026-09-11 11:46:31,892 DEBUG 层 5：检查 676 格，内部 162，边界 337
2026-09-11 11:46:31,892 DEBUG 层 6：检查 1348 格，内部 326，边界 672
2026-09-11 11:46:31,892 DEBUG 层 7：检查 2688 格，内部 660，边界 1346
2026-09-11 11:46:31,893 DEBUG 层 8：检查 5384 格，内部 1338，边界 2694
2026-09-11 11:46:31,894 DEBUG 层 9：检查 10776 格，内部 2705，边界 5388
2026-09-11 11:46:32,030 DEBUG 求解结束：sampled；可行点 18660，叶格 10707，边界格边长 0.035156 m
2026-09-11 11:46:32,032 INFO angle_018_90 | 面积 1195.1213 [1191.7951, 1198.4474] m² | 定位误差 15.8743 m | sampled
2026-09-11 11:46:32,035 DEBUG 层 0：检查 40000 格，内部 0，边界 14
2026-09-11 11:46:32,036 DEBUG 层 1：检查 56 格，内部 8，边界 26
2026-09-11 11:46:32,036 DEBUG 层 2：检查 104 格，内部 16，边界 50
2026-09-11 11:46:32,036 DEBUG 层 3：检查 200 格，内部 39，边界 98
2026-09-11 11:46:32,036 DEBUG 层 4：检查 392 格，内部 93，边界 196
2026-09-11 11:46:32,036 DEBUG 层 5：检查 784 格，内部 189，边界 394
2026-09-11 11:46:32,036 DEBUG 层 6：检查 1576 格，内部 381，边界 786
2026-09-11 11:46:32,036 DEBUG 层 7：检查 3144 格，内部 767，边界 1572
2026-09-11 11:46:32,037 DEBUG 层 8：检查 6288 格，内部 1552，边界 3144
2026-09-11 11:46:32,038 DEBUG 层 9：检查 12576 格，内部 3152，边界 6288
2026-09-11 11:46:32,206 DEBUG 求解结束：sampled；可行点 21761，叶格 12485，边界格边长 0.035156 m
2026-09-11 11:46:32,207 INFO angle_018_120 | 面积 1411.5575 [1407.6747, 1415.4403] m² | 定位误差 13.2788 m | sampled
2026-09-11 11:46:32,211 DEBUG 层 0：检查 40000 格，内部 0，边界 20
2026-09-11 11:46:32,212 DEBUG 层 1：检查 80 格，内部 13，边界 41
2026-09-11 11:46:32,212 DEBUG 层 2：检查 164 格，内部 28，边界 82
2026-09-11 11:46:32,212 DEBUG 层 3：检查 328 格，内部 73，边界 165
2026-09-11 11:46:32,213 DEBUG 层 4：检查 660 格，内部 153，边界 329
2026-09-11 11:46:32,213 DEBUG 层 5：检查 1316 格，内部 319，边界 655
2026-09-11 11:46:32,214 DEBUG 层 6：检查 2620 格，内部 643，边界 1316
2026-09-11 11:46:32,214 DEBUG 层 7：检查 5264 格，内部 1313，边界 2629
2026-09-11 11:46:32,216 DEBUG 层 8：检查 10516 格，内部 2634，边界 5258
2026-09-11 11:46:32,218 DEBUG 层 9：检查 21032 格，内部 5297，边界 10517
2026-09-11 11:46:32,484 DEBUG 求解结束：sampled；可行点 36655，叶格 20990，边界格边长 0.035156 m
2026-09-11 11:46:32,485 INFO angle_019_30 | 面积 2393.4716 [2386.9913, 2399.9519] m² | 定位误差 9.3168 m | sampled
2026-09-11 11:46:32,489 DEBUG 层 0：检查 40000 格，内部 0，边界 12
2026-09-11 11:46:32,490 DEBUG 层 1：检查 48 格，内部 9，边界 29
2026-09-11 11:46:32,490 DEBUG 层 2：检查 116 格，内部 21，边界 54
2026-09-11 11:46:32,490 DEBUG 层 3：检查 216 格，内部 56，边界 108
2026-09-11 11:46:32,490 DEBUG 层 4：检查 432 格，内部 102，边界 216
2026-09-11 11:46:32,490 DEBUG 层 5：检查 864 格，内部 205，边界 430
2026-09-11 11:46:32,490 DEBUG 层 6：检查 1720 格，内部 426，边界 859
2026-09-11 11:46:32,491 DEBUG 层 7：检查 3436 格，内部 864，边界 1720
2026-09-11 11:46:32,491 DEBUG 层 8：检查 6880 格，内部 1709，边界 3444
2026-09-11 11:46:32,494 DEBUG 层 9：检查 13776 格，内部 3443，边界 6892
2026-09-11 11:46:32,698 DEBUG 求解结束：sampled；可行点 23947，叶格 13727，边界格边长 0.035156 m
2026-09-11 11:46:32,700 INFO angle_019_45 | 面积 1703.6760 [1699.4214, 1707.9307] m² | 定位误差 8.8820 m | sampled
2026-09-11 11:46:32,704 DEBUG 层 0：检查 40000 格，内部 0，边界 11
2026-09-11 11:46:32,705 DEBUG 层 1：检查 44 格，内部 7，边界 22
2026-09-11 11:46:32,705 DEBUG 层 2：检查 88 格，内部 19，边界 45
2026-09-11 11:46:32,705 DEBUG 层 3：检查 180 格，内部 43，边界 93
2026-09-11 11:46:32,705 DEBUG 层 4：检查 372 格，内部 89，边界 184
2026-09-11 11:46:32,705 DEBUG 层 5：检查 736 格，内部 171，边界 366
2026-09-11 11:46:32,706 DEBUG 层 6：检查 1464 格，内部 358，边界 736
2026-09-11 11:46:32,706 DEBUG 层 7：检查 2944 格，内部 726，边界 1474
2026-09-11 11:46:32,707 DEBUG 层 8：检查 5896 格，内部 1461，边界 2944
2026-09-11 11:46:32,708 DEBUG 层 9：检查 11776 格，内部 2944，边界 5892
2026-09-11 11:46:32,874 DEBUG 求解结束：sampled；可行点 20424，叶格 11710，边界格边长 0.035156 m
2026-09-11 11:46:32,875 INFO angle_019_60 | 面积 1396.9654 [1393.3277, 1400.6032] m² | 定位误差 8.9280 m | sampled
2026-09-11 11:46:32,879 DEBUG 层 0：检查 40000 格，内部 0，边界 11
2026-09-11 11:46:32,879 DEBUG 层 1：检查 44 格，内部 5，边界 22
2026-09-11 11:46:32,879 DEBUG 层 2：检查 88 格，内部 20，边界 44
2026-09-11 11:46:32,880 DEBUG 层 3：检查 176 格，内部 38，边界 86
2026-09-11 11:46:32,880 DEBUG 层 4：检查 344 格，内部 81，边界 175
2026-09-11 11:46:32,880 DEBUG 层 5：检查 700 格，内部 171，边界 350
2026-09-11 11:46:32,880 DEBUG 层 6：检查 1400 格，内部 336，边界 699
2026-09-11 11:46:32,881 DEBUG 层 7：检查 2796 格，内部 695，边界 1397
2026-09-11 11:46:32,881 DEBUG 层 8：检查 5588 格，内部 1390，边界 2796
2026-09-11 11:46:32,882 DEBUG 层 9：检查 11184 格，内部 2798，边界 5593
2026-09-11 11:46:33,049 DEBUG 求解结束：sampled；可行点 19399，叶格 11127，边界格边长 0.035156 m
2026-09-11 11:46:33,051 INFO angle_019_90 | 面积 1216.5360 [1213.0775, 1219.9945] m² | 定位误差 10.2837 m | sampled
2026-09-11 11:46:33,055 DEBUG 层 0：检查 40000 格，内部 1，边界 11
2026-09-11 11:46:33,055 DEBUG 层 1：检查 44 格，内部 3，边界 25
2026-09-11 11:46:33,055 DEBUG 层 2：检查 100 格，内部 21，边界 48
2026-09-11 11:46:33,055 DEBUG 层 3：检查 192 格，内部 37，边界 95
2026-09-11 11:46:33,055 DEBUG 层 4：检查 380 格，内部 85，边界 191
2026-09-11 11:46:33,056 DEBUG 层 5：检查 764 格，内部 189，边界 384
2026-09-11 11:46:33,056 DEBUG 层 6：检查 1536 格，内部 372，边界 770
2026-09-11 11:46:33,056 DEBUG 层 7：检查 3080 格，内部 769，边界 1536
2026-09-11 11:46:33,057 DEBUG 层 8：检查 6144 格，内部 1526，边界 3074
2026-09-11 11:46:33,058 DEBUG 层 9：检查 12296 格，内部 3082，边界 6149
2026-09-11 11:46:33,243 DEBUG 求解结束：sampled；可行点 21317，叶格 12234，边界格边长 0.035156 m
2026-09-11 11:46:33,245 INFO angle_019_120 | 面积 1410.4788 [1406.6816, 1414.2760] m² | 定位误差 14.1634 m | sampled
2026-09-11 11:46:33,249 DEBUG 层 0：检查 40000 格，内部 1，边界 22
2026-09-11 11:46:33,249 DEBUG 层 1：检查 88 格，内部 8，边界 42
2026-09-11 11:46:33,250 DEBUG 层 2：检查 168 格，内部 29，边界 83
2026-09-11 11:46:33,250 DEBUG 层 3：检查 332 格，内部 79，边界 165
2026-09-11 11:46:33,250 DEBUG 层 4：检查 660 格，内部 146，边界 330
2026-09-11 11:46:33,251 DEBUG 层 5：检查 1320 格，内部 314，边界 661
2026-09-11 11:46:33,252 DEBUG 层 6：检查 2644 格，内部 666，边界 1323
2026-09-11 11:46:33,253 DEBUG 层 7：检查 5292 格，内部 1304，边界 2647
2026-09-11 11:46:33,254 DEBUG 层 8：检查 10588 格，内部 2612，边界 5294
2026-09-11 11:46:33,257 DEBUG 层 9：检查 21176 格，内部 5280，边界 10589
2026-09-11 11:46:33,578 DEBUG 求解结束：sampled；可行点 36652，叶格 21028，边界格边长 0.035156 m
2026-09-11 11:46:33,580 INFO angle_020_30 | 面积 2354.2905 [2347.7486, 2360.8325] m² | 定位误差 12.5257 m | sampled
2026-09-11 11:46:33,585 DEBUG 层 0：检查 40000 格，内部 1，边界 15
2026-09-11 11:46:33,586 DEBUG 层 1：检查 60 格，内部 6，边界 28
2026-09-11 11:46:33,586 DEBUG 层 2：检查 112 格，内部 18，边界 56
2026-09-11 11:46:33,586 DEBUG 层 3：检查 224 格，内部 47，边界 114
2026-09-11 11:46:33,586 DEBUG 层 4：检查 456 格，内部 104，边界 225
2026-09-11 11:46:33,587 DEBUG 层 5：检查 900 格，内部 207，边界 450
2026-09-11 11:46:33,587 DEBUG 层 6：检查 1800 格，内部 469，边界 898
2026-09-11 11:46:33,587 DEBUG 层 7：检查 3592 格，内部 886，边界 1796
2026-09-11 11:46:33,588 DEBUG 层 8：检查 7184 格，内部 1786，边界 3591
2026-09-11 11:46:33,590 DEBUG 层 9：检查 14364 格，内部 3612，边界 7181
2026-09-11 11:46:33,798 DEBUG 求解结束：sampled；可行点 25026，叶格 14317，边界格边长 0.035156 m
2026-09-11 11:46:33,800 INFO angle_020_45 | 面积 1686.2749 [1681.8744, 1690.6754] m² | 定位误差 9.7749 m | sampled
2026-09-11 11:46:33,803 DEBUG 层 0：检查 40000 格，内部 1，边界 11
2026-09-11 11:46:33,804 DEBUG 层 1：检查 44 格，内部 5，边界 21
2026-09-11 11:46:33,804 DEBUG 层 2：检查 84 格，内部 14，边界 42
2026-09-11 11:46:33,804 DEBUG 层 3：检查 168 格，内部 34，边界 84
2026-09-11 11:46:33,804 DEBUG 层 4：检查 336 格，内部 74，边界 171
2026-09-11 11:46:33,804 DEBUG 层 5：检查 684 格，内部 166，边界 339
2026-09-11 11:46:33,804 DEBUG 层 6：检查 1356 格，内部 330，边界 675
2026-09-11 11:46:33,805 DEBUG 层 7：检查 2700 格，内部 684，边界 1352
2026-09-11 11:46:33,805 DEBUG 层 8：检查 5408 格，内部 1319，边界 2701
2026-09-11 11:46:33,806 DEBUG 层 9：检查 10804 格，内部 2707，边界 5402
2026-09-11 11:46:33,958 DEBUG 求解结束：sampled；可行点 18736，叶格 10736，边界格边长 0.035156 m
2026-09-11 11:46:33,960 INFO angle_020_60 | 面积 1386.9053 [1383.5945, 1390.2161] m² | 定位误差 8.4319 m | sampled
2026-09-11 11:46:33,963 DEBUG 层 0：检查 40000 格，内部 0，边界 12
2026-09-11 11:46:33,963 DEBUG 层 1：检查 48 格，内部 8，边界 20
2026-09-11 11:46:33,964 DEBUG 层 2：检查 80 格，内部 9，边界 42
2026-09-11 11:46:33,964 DEBUG 层 3：检查 168 格，内部 33，边界 83
2026-09-11 11:46:33,964 DEBUG 层 4：检查 332 格，内部 85，边界 166
2026-09-11 11:46:33,964 DEBUG 层 5：检查 664 格，内部 165，边界 334
2026-09-11 11:46:33,965 DEBUG 层 6：检查 1336 格，内部 326，边界 670
2026-09-11 11:46:33,965 DEBUG 层 7：检查 2680 格，内部 679，边界 1339
2026-09-11 11:46:33,966 DEBUG 层 8：检查 5356 格，内部 1318，边界 2679
2026-09-11 11:46:33,967 DEBUG 层 9：检查 10716 格，内部 2711，边界 5359
2026-09-11 11:46:34,122 DEBUG 求解结束：sampled；可行点 18655，叶格 10693，边界格边长 0.035156 m
2026-09-11 11:46:34,124 INFO angle_020_90 | 面积 1212.7314 [1209.4264, 1216.0364] m² | 定位误差 7.7910 m | sampled
2026-09-11 11:46:34,128 DEBUG 层 0：检查 40000 格，内部 1，边界 12
2026-09-11 11:46:34,128 DEBUG 层 1：检查 48 格，内部 3，边界 27
2026-09-11 11:46:34,128 DEBUG 层 2：检查 108 格，内部 19，边界 50
2026-09-11 11:46:34,128 DEBUG 层 3：检查 200 格，内部 41，边界 98
2026-09-11 11:46:34,128 DEBUG 层 4：检查 392 格，内部 98，边界 197
2026-09-11 11:46:34,129 DEBUG 层 5：检查 788 格，内部 194，边界 391
2026-09-11 11:46:34,129 DEBUG 层 6：检查 1564 格，内部 393，边界 784
2026-09-11 11:46:34,129 DEBUG 层 7：检查 3136 格，内部 793，边界 1567
2026-09-11 11:46:34,130 DEBUG 层 8：检查 6268 格，内部 1560，边界 3134
2026-09-11 11:46:34,131 DEBUG 层 9：检查 12536 格，内部 3132，边界 6270
2026-09-11 11:46:34,319 DEBUG 求解结束：sampled；可行点 21813，叶格 12504，边界格边长 0.035156 m
2026-09-11 11:46:34,320 INFO angle_020_120 | 面积 1410.7878 [1406.9208, 1414.6548] m² | 定位误差 9.3289 m | sampled
2026-09-11 11:46:34,324 DEBUG 层 0：检查 40000 格，内部 2，边界 19
2026-09-11 11:46:34,324 DEBUG 层 1：检查 76 格，内部 7，边界 37
2026-09-11 11:46:34,324 DEBUG 层 2：检查 148 格，内部 28，边界 74
2026-09-11 11:46:34,324 DEBUG 层 3：检查 296 格，内部 79，边界 152
2026-09-11 11:46:34,324 DEBUG 层 4：检查 608 格，内部 153，边界 307
2026-09-11 11:46:34,325 DEBUG 层 5：检查 1228 格，内部 298，边界 619
2026-09-11 11:46:34,325 DEBUG 层 6：检查 2476 格，内部 612，边界 1238
2026-09-11 11:46:34,325 DEBUG 层 7：检查 4952 格，内部 1227，边界 2476
2026-09-11 11:46:34,326 DEBUG 层 8：检查 9904 格，内部 2458，边界 4952
2026-09-11 11:46:34,328 DEBUG 层 9：检查 19808 格，内部 4919，边界 9904
2026-09-11 11:46:34,621 DEBUG 求解结束：sampled；可行点 34338，叶格 19687，边界格边长 0.035156 m
2026-09-11 11:46:34,624 INFO angle_021_30 | 面积 2572.9662 [2566.8667, 2579.0657] m² | 定位误差 21.8046 m | sampled
2026-09-11 11:46:34,628 DEBUG 层 0：检查 40000 格，内部 1，边界 14
2026-09-11 11:46:34,628 DEBUG 层 1：检查 56 格，内部 8，边界 28
2026-09-11 11:46:34,628 DEBUG 层 2：检查 112 格，内部 15，边界 54
2026-09-11 11:46:34,628 DEBUG 层 3：检查 216 格，内部 43，边界 110
2026-09-11 11:46:34,628 DEBUG 层 4：检查 440 格，内部 112，边界 220
2026-09-11 11:46:34,629 DEBUG 层 5：检查 880 格，内部 230，边界 436
2026-09-11 11:46:34,629 DEBUG 层 6：检查 1744 格，内部 456，边界 876
2026-09-11 11:46:34,629 DEBUG 层 7：检查 3504 格，内部 855，边界 1756
2026-09-11 11:46:34,630 DEBUG 层 8：检查 7024 格，内部 1722，边界 3508
2026-09-11 11:46:34,631 DEBUG 层 9：检查 14032 格，内部 3529，边界 7010
2026-09-11 11:46:34,851 DEBUG 求解结束：sampled；可行点 24392，叶格 13981，边界格边长 0.035156 m
2026-09-11 11:46:34,853 INFO angle_021_45 | 面积 1782.4190 [1778.0999, 1786.7381] m² | 定位误差 15.5913 m | sampled
2026-09-11 11:46:34,857 DEBUG 层 0：检查 40000 格，内部 0，边界 11
2026-09-11 11:46:34,857 DEBUG 层 1：检查 44 格，内部 8，边界 22
2026-09-11 11:46:34,858 DEBUG 层 2：检查 88 格，内部 18，边界 42
2026-09-11 11:46:34,858 DEBUG 层 3：检查 168 格，内部 44，边界 85
2026-09-11 11:46:34,858 DEBUG 层 4：检查 340 格，内部 75，边界 174
2026-09-11 11:46:34,858 DEBUG 层 5：检查 696 格，内部 163，边界 348
2026-09-11 11:46:34,858 DEBUG 层 6：检查 1392 格，内部 348，边界 695
2026-09-11 11:46:34,859 DEBUG 层 7：检查 2780 格，内部 693，边界 1387
2026-09-11 11:46:34,859 DEBUG 层 8：检查 5548 格，内部 1365，边界 2773
2026-09-11 11:46:34,861 DEBUG 层 9：检查 11092 格，内部 2802，边界 5549
2026-09-11 11:46:35,018 DEBUG 求解结束：sampled；可行点 19304，叶格 11065，边界格边长 0.035156 m
2026-09-11 11:46:35,019 INFO angle_021_60 | 面积 1439.9988 [1436.5876, 1443.4101] m² | 定位误差 13.4730 m | sampled
2026-09-11 11:46:35,025 DEBUG 层 0：检查 40000 格，内部 0，边界 8
2026-09-11 11:46:35,026 DEBUG 层 1：检查 32 格，内部 7，边界 16
2026-09-11 11:46:35,026 DEBUG 层 2：检查 64 格，内部 16，边界 32
2026-09-11 11:46:35,026 DEBUG 层 3：检查 128 格，内部 40，边界 64
2026-09-11 11:46:35,026 DEBUG 层 4：检查 256 格，内部 49，边界 128
2026-09-11 11:46:35,026 DEBUG 层 5：检查 512 格，内部 94，边界 256
2026-09-11 11:46:35,026 DEBUG 层 6：检查 1024 格，内部 308，边界 510
2026-09-11 11:46:35,026 DEBUG 层 7：检查 2040 格，内部 494，边界 1024
2026-09-11 11:46:35,027 DEBUG 层 8：检查 4096 格，内部 980，边界 2050
2026-09-11 11:46:35,028 DEBUG 层 9：检查 8200 格，内部 1999，边界 4100
2026-09-11 11:46:35,136 DEBUG 求解结束：sampled；可行点 14100，叶格 8087，边界格边长 0.035156 m
2026-09-11 11:46:35,137 INFO angle_021_90 | 面积 1231.6917 [1229.2092, 1234.1741] m² | 定位误差 13.4527 m | sampled
2026-09-11 11:46:35,144 DEBUG 层 0：检查 40000 格，内部 0，边界 9
2026-09-11 11:46:35,144 DEBUG 层 1：检查 36 格，内部 6，边界 20
2026-09-11 11:46:35,145 DEBUG 层 2：检查 80 格，内部 22，边界 42
2026-09-11 11:46:35,145 DEBUG 层 3：检查 168 格，内部 53，边界 86
2026-09-11 11:46:35,145 DEBUG 层 4：检查 344 格，内部 77，边界 172
2026-09-11 11:46:35,146 DEBUG 层 5：检查 688 格，内部 175，边界 344
2026-09-11 11:46:35,146 DEBUG 层 6：检查 1376 格，内部 335，边界 685
2026-09-11 11:46:35,147 DEBUG 层 7：检查 2740 格，内部 698，边界 1373
2026-09-11 11:46:35,148 DEBUG 层 8：检查 5492 格，内部 1411，边界 2747
2026-09-11 11:46:35,150 DEBUG 层 9：检查 10988 格，内部 2731，边界 5492
2026-09-11 11:46:35,303 DEBUG 求解结束：sampled；可行点 19207，叶格 11000，边界格边长 0.035156 m
2026-09-11 11:46:35,304 INFO angle_021_120 | 面积 1410.0332 [1406.6594, 1413.4071] m² | 定位误差 17.4747 m | sampled
2026-09-11 11:46:35,309 DEBUG 层 0：检查 40000 格，内部 1，边界 20
2026-09-11 11:46:35,309 DEBUG 层 1：检查 80 格，内部 7，边界 37
2026-09-11 11:46:35,310 DEBUG 层 2：检查 148 格，内部 25，边界 75
2026-09-11 11:46:35,310 DEBUG 层 3：检查 300 格，内部 72，边界 149
2026-09-11 11:46:35,310 DEBUG 层 4：检查 596 格，内部 118，边界 295
2026-09-11 11:46:35,310 DEBUG 层 5：检查 1180 格，内部 332，边界 594
2026-09-11 11:46:35,310 DEBUG 层 6：检查 2376 格，内部 539，边界 1190
2026-09-11 11:46:35,311 DEBUG 层 7：检查 4760 格，内部 1260，边界 2376
2026-09-11 11:46:35,312 DEBUG 层 8：检查 9504 格，内部 2333，边界 4752
2026-09-11 11:46:35,314 DEBUG 层 9：检查 19008 格，内部 4658，边界 9506
2026-09-11 11:46:35,577 DEBUG 求解结束：sampled；可行点 32864，叶格 18851，边界格边长 0.035156 m
2026-09-11 11:46:35,579 INFO angle_022_30 | 面积 2112.6997 [2106.8259, 2118.5734] m² | 定位误差 49.3015 m | sampled
2026-09-11 11:46:35,584 DEBUG 层 0：检查 40000 格，内部 0，边界 13
2026-09-11 11:46:35,584 DEBUG 层 1：检查 52 格，内部 9，边界 27
2026-09-11 11:46:35,584 DEBUG 层 2：检查 108 格，内部 18，边界 53
2026-09-11 11:46:35,584 DEBUG 层 3：检查 212 格，内部 43，边界 106
2026-09-11 11:46:35,584 DEBUG 层 4：检查 424 格，内部 100，边界 212
2026-09-11 11:46:35,585 DEBUG 层 5：检查 848 格，内部 210，边界 426
2026-09-11 11:46:35,585 DEBUG 层 6：检查 1704 格，内部 424，边界 852
2026-09-11 11:46:35,585 DEBUG 层 7：检查 3408 格，内部 839，边界 1706
2026-09-11 11:46:35,586 DEBUG 层 8：检查 6824 格，内部 1702，边界 3410
2026-09-11 11:46:35,587 DEBUG 层 9：检查 13640 格，内部 3394，边界 6820
2026-09-11 11:46:35,783 DEBUG 求解结束：sampled；可行点 23659，叶格 13559，边界格边长 0.035156 m
2026-09-11 11:46:35,784 INFO angle_022_45 | 面积 1575.3319 [1571.1285, 1579.5352] m² | 定位误差 34.6502 m | sampled
2026-09-11 11:46:35,789 DEBUG 层 0：检查 40000 格，内部 1，边界 10
2026-09-11 11:46:35,789 DEBUG 层 1：检查 40 格，内部 3，边界 20
2026-09-11 11:46:35,789 DEBUG 层 2：检查 80 格，内部 18，边界 42
2026-09-11 11:46:35,789 DEBUG 层 3：检查 168 格，内部 37，边界 84
2026-09-11 11:46:35,790 DEBUG 层 4：检查 336 格，内部 77，边界 168
2026-09-11 11:46:35,790 DEBUG 层 5：检查 672 格，内部 166，边界 334
2026-09-11 11:46:35,790 DEBUG 层 6：检查 1336 格，内部 328，边界 669
2026-09-11 11:46:35,790 DEBUG 层 7：检查 2676 格，内部 670，边界 1340
2026-09-11 11:46:35,792 DEBUG 层 8：检查 5360 格，内部 1338，边界 2680
2026-09-11 11:46:35,793 DEBUG 层 9：检查 10720 格，内部 2676，边界 5359
2026-09-11 11:46:35,946 DEBUG 求解结束：sampled；可行点 18628，叶格 10673，边界格边长 0.035156 m
2026-09-11 11:46:35,948 INFO angle_022_60 | 面积 1324.4959 [1321.1892, 1327.8025] m² | 定位误差 27.1614 m | sampled
2026-09-11 11:46:35,953 DEBUG 层 0：检查 40000 格，内部 1，边界 9
2026-09-11 11:46:35,953 DEBUG 层 1：检查 36 格，内部 4，边界 18
2026-09-11 11:46:35,953 DEBUG 层 2：检查 72 格，内部 10，边界 38
2026-09-11 11:46:35,954 DEBUG 层 3：检查 152 格，内部 31，边界 75
2026-09-11 11:46:35,954 DEBUG 层 4：检查 300 格，内部 65，边界 150
2026-09-11 11:46:35,954 DEBUG 层 5：检查 600 格，内部 152，边界 301
2026-09-11 11:46:35,954 DEBUG 层 6：检查 1204 格，内部 307，边界 601
2026-09-11 11:46:35,954 DEBUG 层 7：检查 2404 格，内部 604，边界 1201
2026-09-11 11:46:35,955 DEBUG 层 8：检查 4804 格，内部 1188，边界 2403
2026-09-11 11:46:35,956 DEBUG 层 9：检查 9612 格，内部 2386，边界 4802
2026-09-11 11:46:36,086 DEBUG 求解结束：sampled；可行点 16666，叶格 9550，边界格边长 0.035156 m
2026-09-11 11:46:36,087 INFO angle_022_90 | 面积 1188.7426 [1185.7825, 1191.7027] m² | 定位误差 19.9958 m | sampled
2026-09-11 11:46:36,092 DEBUG 层 0：检查 40000 格，内部 0，边界 12
2026-09-11 11:46:36,092 DEBUG 层 1：检查 48 格，内部 8，边界 24
2026-09-11 11:46:36,092 DEBUG 层 2：检查 96 格，内部 15，边界 48
2026-09-11 11:46:36,092 DEBUG 层 3：检查 192 格，内部 44，边界 95
2026-09-11 11:46:36,092 DEBUG 层 4：检查 380 格，内部 97，边界 191
2026-09-11 11:46:36,092 DEBUG 层 5：检查 764 格，内部 165，边界 381
2026-09-11 11:46:36,093 DEBUG 层 6：检查 1524 格，内部 335，边界 760
2026-09-11 11:46:36,093 DEBUG 层 7：检查 3040 格，内部 849，边界 1521
2026-09-11 11:46:36,094 DEBUG 层 8：检查 6084 格，内部 1550，边界 3043
2026-09-11 11:46:36,095 DEBUG 层 9：检查 12172 格，内部 3116，边界 6086
2026-09-11 11:46:36,263 DEBUG 求解结束：sampled；可行点 21431，叶格 12265，边界格边长 0.035156 m
2026-09-11 11:46:36,265 INFO angle_022_120 | 面积 1411.7336 [1407.9751, 1415.4922] m² | 定位误差 17.4253 m | sampled
2026-09-11 11:46:36,267 DEBUG 层 0：检查 40000 格，内部 1，边界 22
2026-09-11 11:46:36,268 DEBUG 层 1：检查 88 格，内部 12，边界 40
2026-09-11 11:46:36,268 DEBUG 层 2：检查 160 格，内部 25，边界 77
2026-09-11 11:46:36,268 DEBUG 层 3：检查 308 格，内部 68，边界 152
2026-09-11 11:46:36,268 DEBUG 层 4：检查 608 格，内部 137，边界 304
2026-09-11 11:46:36,268 DEBUG 层 5：检查 1216 格，内部 308，边界 614
2026-09-11 11:46:36,269 DEBUG 层 6：检查 2456 格，内部 607，边界 1227
2026-09-11 11:46:36,269 DEBUG 层 7：检查 4908 格，内部 1216，边界 2458
2026-09-11 11:46:36,270 DEBUG 层 8：检查 9832 格，内部 2441，边界 4918
2026-09-11 11:46:36,272 DEBUG 层 9：检查 19672 格，内部 4919，边界 9834
2026-09-11 11:46:36,559 DEBUG 求解结束：sampled；可行点 34145，叶格 19568，边界格边长 0.035156 m
2026-09-11 11:46:36,561 INFO angle_023_30 | 面积 2519.6761 [2513.6079, 2525.7444] m² | 定位误差 15.9922 m | sampled
2026-09-11 11:46:36,564 DEBUG 层 0：检查 40000 格，内部 0，边界 14
2026-09-11 11:46:36,564 DEBUG 层 1：检查 56 格，内部 11，边界 28
2026-09-11 11:46:36,564 DEBUG 层 2：检查 112 格，内部 17，边界 57
2026-09-11 11:46:36,565 DEBUG 层 3：检查 228 格，内部 49，边界 114
2026-09-11 11:46:36,565 DEBUG 层 4：检查 456 格，内部 102，边界 229
2026-09-11 11:46:36,565 DEBUG 层 5：检查 916 格，内部 224，边界 457
2026-09-11 11:46:36,565 DEBUG 层 6：检查 1828 格，内部 452，边界 916
2026-09-11 11:46:36,566 DEBUG 层 7：检查 3664 格，内部 911，边界 1828
2026-09-11 11:46:36,566 DEBUG 层 8：检查 7312 格，内部 1821，边界 3657
2026-09-11 11:46:36,567 DEBUG 层 9：检查 14628 格，内部 3651，边界 7314
2026-09-11 11:46:36,776 DEBUG 求解结束：sampled；可行点 25381，叶格 14552，边界格边长 0.035156 m
2026-09-11 11:46:36,777 INFO angle_023_45 | 面积 1759.5817 [1755.0644, 1764.0989] m² | 定位误差 12.9675 m | sampled
2026-09-11 11:46:36,781 DEBUG 层 0：检查 40000 格，内部 0，边界 12
2026-09-11 11:46:36,781 DEBUG 层 1：检查 48 格，内部 9，边界 23
2026-09-11 11:46:36,781 DEBUG 层 2：检查 92 格，内部 13，边界 49
2026-09-11 11:46:36,782 DEBUG 层 3：检查 196 格，内部 39，边界 98
2026-09-11 11:46:36,782 DEBUG 层 4：检查 392 格，内部 91，边界 197
2026-09-11 11:46:36,782 DEBUG 层 5：检查 788 格，内部 175，边界 393
2026-09-11 11:46:36,782 DEBUG 层 6：检查 1572 格，内部 424，边界 788
2026-09-11 11:46:36,782 DEBUG 层 7：检查 3152 格，内部 715，边界 1575
2026-09-11 11:46:36,783 DEBUG 层 8：检查 6300 格，内部 1677，边界 3151
2026-09-11 11:46:36,784 DEBUG 层 9：检查 12604 格，内部 3152，边界 6304
2026-09-11 11:46:36,958 DEBUG 求解结束：sampled；可行点 21992，叶格 12599，边界格边长 0.035156 m
2026-09-11 11:46:36,960 INFO angle_023_60 | 面积 1427.7823 [1423.9443, 1431.6202] m² | 定位误差 12.4684 m | sampled
2026-09-11 11:46:36,964 DEBUG 层 0：检查 40000 格，内部 0，边界 11
2026-09-11 11:46:36,965 DEBUG 层 1：检查 44 格，内部 6，边界 22
2026-09-11 11:46:36,965 DEBUG 层 2：检查 88 格，内部 17，边界 43
2026-09-11 11:46:36,965 DEBUG 层 3：检查 172 格，内部 37，边界 87
2026-09-11 11:46:36,965 DEBUG 层 4：检查 348 格，内部 80，边界 173
2026-09-11 11:46:36,965 DEBUG 层 5：检查 692 格，内部 166，边界 343
2026-09-11 11:46:36,965 DEBUG 层 6：检查 1372 格，内部 330，边界 687
2026-09-11 11:46:36,966 DEBUG 层 7：检查 2748 格，内部 685，边界 1373
2026-09-11 11:46:36,967 DEBUG 层 8：检查 5492 格，内部 1364，边界 2747
2026-09-11 11:46:36,968 DEBUG 层 9：检查 10988 格，内部 2731，边界 5494
2026-09-11 11:46:37,095 DEBUG 求解结束：sampled；可行点 19014，叶格 10910，边界格边长 0.035156 m
2026-09-11 11:46:37,096 INFO angle_023_90 | 面积 1227.8693 [1224.4758, 1231.2628] m² | 定位误差 14.1557 m | sampled
2026-09-11 11:46:37,100 DEBUG 层 0：检查 40000 格，内部 1，边界 11
2026-09-11 11:46:37,100 DEBUG 层 1：检查 44 格，内部 5，边界 22
2026-09-11 11:46:37,100 DEBUG 层 2：检查 88 格，内部 16，边界 44
2026-09-11 11:46:37,100 DEBUG 层 3：检查 176 格，内部 32，边界 87
2026-09-11 11:46:37,100 DEBUG 层 4：检查 348 格，内部 64，边界 176
2026-09-11 11:46:37,100 DEBUG 层 5：检查 704 格，内部 174，边界 349
2026-09-11 11:46:37,101 DEBUG 层 6：检查 1396 格，内部 348，边界 696
2026-09-11 11:46:37,101 DEBUG 层 7：检查 2784 格，内部 721，边界 1391
2026-09-11 11:46:37,101 DEBUG 层 8：检查 5564 格，内部 1375，边界 2780
2026-09-11 11:46:37,102 DEBUG 层 9：检查 11120 格，内部 2760，边界 5558
2026-09-11 11:46:37,228 DEBUG 求解结束：sampled；可行点 19280，叶格 11054，边界格边长 0.035156 m
2026-09-11 11:46:37,229 INFO angle_023_120 | 面积 1409.8803 [1406.4548, 1413.3058] m² | 定位误差 19.5183 m | sampled
2026-09-11 11:46:37,232 DEBUG 层 0：检查 40000 格，内部 1，边界 17
2026-09-11 11:46:37,233 DEBUG 层 1：检查 68 格，内部 9，边界 35
2026-09-11 11:46:37,233 DEBUG 层 2：检查 140 格，内部 21，边界 70
2026-09-11 11:46:37,233 DEBUG 层 3：检查 280 格，内部 63，边界 140
2026-09-11 11:46:37,233 DEBUG 层 4：检查 560 格，内部 131，边界 282
2026-09-11 11:46:37,233 DEBUG 层 5：检查 1128 格，内部 272，边界 563
2026-09-11 11:46:37,233 DEBUG 层 6：检查 2252 格，内部 559，边界 1124
2026-09-11 11:46:37,234 DEBUG 层 7：检查 4496 格，内部 1109，边界 2248
2026-09-11 11:46:37,234 DEBUG 层 8：检查 8992 格，内部 2240，边界 4496
2026-09-11 11:46:37,236 DEBUG 层 9：检查 17984 格，内部 4491，边界 8995
2026-09-11 11:46:37,452 DEBUG 求解结束：sampled；可行点 31196，叶格 17891，边界格边长 0.035156 m
2026-09-11 11:46:37,454 INFO angle_024_30 | 面积 2142.9143 [2137.3591, 2148.4695] m² | 定位误差 44.4144 m | sampled
2026-09-11 11:46:37,458 DEBUG 层 0：检查 40000 格，内部 1，边界 13
2026-09-11 11:46:37,458 DEBUG 层 1：检查 52 格，内部 5，边界 26
2026-09-11 11:46:37,458 DEBUG 层 2：检查 104 格，内部 17，边界 55
2026-09-11 11:46:37,458 DEBUG 层 3：检查 220 格，内部 49，边界 109
2026-09-11 11:46:37,458 DEBUG 层 4：检查 436 格，内部 103，边界 215
2026-09-11 11:46:37,458 DEBUG 层 5：检查 860 格，内部 209，边界 433
2026-09-11 11:46:37,459 DEBUG 层 6：检查 1732 格，内部 427，边界 867
2026-09-11 11:46:37,459 DEBUG 层 7：检查 3468 格，内部 853，边界 1732
2026-09-11 11:46:37,460 DEBUG 层 8：检查 6928 格，内部 1719，边界 3466
2026-09-11 11:46:37,461 DEBUG 层 9：检查 13864 格，内部 3457，边界 6927
2026-09-11 11:46:37,658 DEBUG 求解结束：sampled；可行点 24001，叶格 13767，边界格边长 0.035156 m
2026-09-11 11:46:37,660 INFO angle_024_45 | 面积 1589.7491 [1585.4756, 1594.0226] m² | 定位误差 31.2510 m | sampled
2026-09-11 11:46:37,663 DEBUG 层 0：检查 40000 格，内部 0，边界 11
2026-09-11 11:46:37,663 DEBUG 层 1：检查 44 格，内部 7，边界 23
2026-09-11 11:46:37,663 DEBUG 层 2：检查 92 格，内部 14，边界 45
2026-09-11 11:46:37,663 DEBUG 层 3：检查 180 格，内部 49，边界 92
2026-09-11 11:46:37,663 DEBUG 层 4：检查 368 格，内部 99，边界 184
2026-09-11 11:46:37,664 DEBUG 层 5：检查 736 格，内部 163，边界 365
2026-09-11 11:46:37,664 DEBUG 层 6：检查 1460 格，内部 305，边界 732
2026-09-11 11:46:37,664 DEBUG 层 7：检查 2928 格，内部 813，边界 1465
2026-09-11 11:46:37,665 DEBUG 层 8：检查 5860 格，内部 1261，边界 2929
2026-09-11 11:46:37,666 DEBUG 层 9：检查 11716 格，内部 3104，边界 5855
2026-09-11 11:46:37,842 DEBUG 求解结束：sampled；可行点 20362，叶格 11670，边界格边长 0.035156 m
2026-09-11 11:46:37,843 INFO angle_024_60 | 面积 1332.8990 [1329.2894, 1336.5087] m² | 定位误差 24.5226 m | sampled
2026-09-11 11:46:37,847 DEBUG 层 0：检查 40000 格，内部 1，边界 8
2026-09-11 11:46:37,847 DEBUG 层 1：检查 32 格，内部 4，边界 16
2026-09-11 11:46:37,847 DEBUG 层 2：检查 64 格，内部 9，边界 36
2026-09-11 11:46:37,847 DEBUG 层 3：检查 144 格，内部 35，边界 74
2026-09-11 11:46:37,848 DEBUG 层 4：检查 296 格，内部 69，边界 150
2026-09-11 11:46:37,848 DEBUG 层 5：检查 600 格，内部 149，边界 300
2026-09-11 11:46:37,848 DEBUG 层 6：检查 1200 格，内部 298，边界 597
2026-09-11 11:46:37,848 DEBUG 层 7：检查 2388 格，内部 592，边界 1197
2026-09-11 11:46:37,849 DEBUG 层 8：检查 4788 格，内部 1182，边界 2396
2026-09-11 11:46:37,850 DEBUG 层 9：检查 9584 格，内部 2381，边界 4793
2026-09-11 11:46:37,974 DEBUG 求解结束：sampled；可行点 16595，叶格 9513，边界格边长 0.035156 m
2026-09-11 11:46:37,977 INFO angle_024_90 | 面积 1191.8782 [1188.9231, 1194.8334] m² | 定位误差 18.1114 m | sampled
2026-09-11 11:46:37,980 DEBUG 层 0：检查 40000 格，内部 1，边界 11
2026-09-11 11:46:37,980 DEBUG 层 1：检查 44 格，内部 4，边界 23
2026-09-11 11:46:37,980 DEBUG 层 2：检查 92 格，内部 16，边界 46
2026-09-11 11:46:37,980 DEBUG 层 3：检查 184 格，内部 43，边界 89
2026-09-11 11:46:37,980 DEBUG 层 4：检查 356 格，内部 85，边界 178
2026-09-11 11:46:37,981 DEBUG 层 5：检查 712 格，内部 173，边界 356
2026-09-11 11:46:37,981 DEBUG 层 6：检查 1424 格，内部 352，边界 713
2026-09-11 11:46:37,981 DEBUG 层 7：检查 2852 格，内部 704，边界 1426
2026-09-11 11:46:37,982 DEBUG 层 8：检查 5704 格，内部 1416，边界 2850
2026-09-11 11:46:37,983 DEBUG 层 9：检查 11400 格，内部 2850，边界 5701
2026-09-11 11:46:38,146 DEBUG 求解结束：sampled；可行点 19791，叶格 11345，边界格边长 0.035156 m
2026-09-11 11:46:38,147 INFO angle_024_120 | 面积 1411.3149 [1407.7971, 1414.8328] m² | 定位误差 15.9002 m | sampled
2026-09-11 11:46:38,151 DEBUG 层 0：检查 40000 格，内部 1，边界 23
2026-09-11 11:46:38,151 DEBUG 层 1：检查 92 格，内部 12，边界 43
2026-09-11 11:46:38,151 DEBUG 层 2：检查 172 格，内部 22，边界 86
2026-09-11 11:46:38,151 DEBUG 层 3：检查 344 格，内部 62，边界 170
2026-09-11 11:46:38,151 DEBUG 层 4：检查 680 格，内部 153，边界 342
2026-09-11 11:46:38,152 DEBUG 层 5：检查 1368 格，内部 334，边界 684
2026-09-11 11:46:38,152 DEBUG 层 6：检查 2736 格，内部 674，边界 1363
2026-09-11 11:46:38,152 DEBUG 层 7：检查 5452 格，内部 1352，边界 2726
2026-09-11 11:46:38,153 DEBUG 层 8：检查 10904 格，内部 2724，边界 5451
2026-09-11 11:46:38,155 DEBUG 层 9：检查 21804 格，内部 5443，边界 10905
2026-09-11 11:46:38,442 DEBUG 求解结束：sampled；可行点 37818，叶格 21682，边界格边长 0.035156 m
2026-09-11 11:46:38,444 INFO angle_025_30 | 面积 2468.3893 [2461.6610, 2475.1176] m² | 定位误差 13.5269 m | sampled
2026-09-11 11:46:38,448 DEBUG 层 0：检查 40000 格，内部 1，边界 13
2026-09-11 11:46:38,448 DEBUG 层 1：检查 52 格，内部 6，边界 28
2026-09-11 11:46:38,448 DEBUG 层 2：检查 112 格，内部 20，边界 57
2026-09-11 11:46:38,448 DEBUG 层 3：检查 228 格，内部 50，边界 113
2026-09-11 11:46:38,448 DEBUG 层 4：检查 452 格，内部 96，边界 225
2026-09-11 11:46:38,449 DEBUG 层 5：检查 900 格，内部 230，边界 450
2026-09-11 11:46:38,449 DEBUG 层 6：检查 1800 格，内部 436，边界 901
2026-09-11 11:46:38,449 DEBUG 层 7：检查 3604 格，内部 895，边界 1800
2026-09-11 11:46:38,450 DEBUG 层 8：检查 7200 格，内部 1795，边界 3604
2026-09-11 11:46:38,451 DEBUG 层 9：检查 14416 格，内部 3593，边界 7205
2026-09-11 11:46:38,661 DEBUG 求解结束：sampled；可行点 24992，叶格 14327，边界格边长 0.035156 m
2026-09-11 11:46:38,662 INFO angle_025_45 | 面积 1736.7786 [1732.3285, 1741.2287] m² | 定位误差 13.3979 m | sampled
2026-09-11 11:46:38,666 DEBUG 层 0：检查 40000 格，内部 1，边界 11
2026-09-11 11:46:38,666 DEBUG 层 1：检查 44 格，内部 3，边界 22
2026-09-11 11:46:38,666 DEBUG 层 2：检查 88 格，内部 21，边界 45
2026-09-11 11:46:38,666 DEBUG 层 3：检查 180 格，内部 41，边界 88
2026-09-11 11:46:38,666 DEBUG 层 4：检查 352 格，内部 79，边界 179
2026-09-11 11:46:38,666 DEBUG 层 5：检查 716 格，内部 176，边界 357
2026-09-11 11:46:38,667 DEBUG 层 6：检查 1428 格，内部 351，边界 712
2026-09-11 11:46:38,667 DEBUG 层 7：检查 2848 格，内部 713，边界 1423
2026-09-11 11:46:38,668 DEBUG 层 8：检查 5692 格，内部 1426，边界 2845
2026-09-11 11:46:38,668 DEBUG 层 9：检查 11380 格，内部 2869，边界 5688
2026-09-11 11:46:38,825 DEBUG 求解结束：sampled；可行点 19849，叶格 11368，边界格边长 0.035156 m
2026-09-11 11:46:38,827 INFO angle_025_60 | 面积 1414.9465 [1411.4327, 1418.4603] m² | 定位误差 14.1156 m | sampled
2026-09-11 11:46:38,830 DEBUG 层 0：检查 40000 格，内部 0，边界 11
2026-09-11 11:46:38,830 DEBUG 层 1：检查 44 格，内部 7，边界 21
2026-09-11 11:46:38,831 DEBUG 层 2：检查 84 格，内部 13，边界 43
2026-09-11 11:46:38,831 DEBUG 层 3：检查 172 格，内部 36，边界 87
2026-09-11 11:46:38,831 DEBUG 层 4：检查 348 格，内部 77，边界 174
2026-09-11 11:46:38,831 DEBUG 层 5：检查 696 格，内部 176，边界 346
2026-09-11 11:46:38,831 DEBUG 层 6：检查 1384 格，内部 338，边界 690
2026-09-11 11:46:38,832 DEBUG 层 7：检查 2760 格，内部 695，边界 1382
2026-09-11 11:46:38,832 DEBUG 层 8：检查 5528 格，内部 1371，边界 2765
2026-09-11 11:46:38,833 DEBUG 层 9：检查 11060 格，内部 2753，边界 5532
2026-09-11 11:46:38,984 DEBUG 求解结束：sampled；可行点 19177，叶格 10998，边界格边长 0.035156 m
2026-09-11 11:46:38,985 INFO angle_025_90 | 面积 1223.1005 [1219.6985, 1226.5025] m² | 定位误差 17.1830 m | sampled
2026-09-11 11:46:38,989 DEBUG 层 0：检查 40000 格，内部 0，边界 12
2026-09-11 11:46:38,990 DEBUG 层 1：检查 48 格，内部 8，边界 24
2026-09-11 11:46:38,990 DEBUG 层 2：检查 96 格，内部 16，边界 48
2026-09-11 11:46:38,990 DEBUG 层 3：检查 192 格，内部 42，边界 98
2026-09-11 11:46:38,991 DEBUG 层 4：检查 392 格，内部 80，边界 195
2026-09-11 11:46:38,991 DEBUG 层 5：检查 780 格，内部 188，边界 390
2026-09-11 11:46:38,992 DEBUG 层 6：检查 1560 格，内部 377，边界 779
2026-09-11 11:46:38,992 DEBUG 层 7：检查 3116 格，内部 787，边界 1560
2026-09-11 11:46:38,993 DEBUG 层 8：检查 6240 格，内部 1559，边界 3123
2026-09-11 11:46:38,995 DEBUG 层 9：检查 12492 格，内部 3104，边界 6243
2026-09-11 11:46:39,139 DEBUG 求解结束：sampled；可行点 21625，叶格 12404，边界格边长 0.035156 m
2026-09-11 11:46:39,141 INFO angle_025_120 | 面积 1409.9682 [1406.1233, 1413.8131] m² | 定位误差 24.2617 m | sampled
2026-09-11 11:46:39,144 DEBUG 层 0：检查 40000 格，内部 0，边界 21
2026-09-11 11:46:39,144 DEBUG 层 1：检查 84 格，内部 11，边界 43
2026-09-11 11:46:39,145 DEBUG 层 2：检查 172 格，内部 40，边界 84
2026-09-11 11:46:39,145 DEBUG 层 3：检查 336 格，内部 76，边界 172
2026-09-11 11:46:39,145 DEBUG 层 4：检查 688 格，内部 181，边界 347
2026-09-11 11:46:39,145 DEBUG 层 5：检查 1388 格，内部 299，边界 691
2026-09-11 11:46:39,145 DEBUG 层 6：检查 2764 格，内部 667，边界 1384
2026-09-11 11:46:39,146 DEBUG 层 7：检查 5536 格，内部 1371，边界 2768
2026-09-11 11:46:39,147 DEBUG 层 8：检查 11072 格，内部 2750，边界 5537
2026-09-11 11:46:39,149 DEBUG 层 9：检查 22148 格，内部 5550，边界 11075
2026-09-11 11:46:39,413 DEBUG 求解结束：sampled；可行点 38373，叶格 22020，边界格边长 0.035156 m
2026-09-11 11:46:39,414 INFO angle_026_30 | 面积 2523.3820 [2516.5448, 2530.2192] m² | 定位误差 13.1321 m | sampled
2026-09-11 11:46:39,418 DEBUG 层 0：检查 40000 格，内部 0，边界 14
2026-09-11 11:46:39,418 DEBUG 层 1：检查 56 格，内部 9，边界 29
2026-09-11 11:46:39,418 DEBUG 层 2：检查 116 格，内部 25，边界 57
2026-09-11 11:46:39,418 DEBUG 层 3：检查 228 格，内部 47，边界 114
2026-09-11 11:46:39,419 DEBUG 层 4：检查 456 格，内部 114，边界 228
2026-09-11 11:46:39,419 DEBUG 层 5：检查 912 格，内部 208，边界 454
2026-09-11 11:46:39,419 DEBUG 层 6：检查 1816 格，内部 463，边界 910
2026-09-11 11:46:39,419 DEBUG 层 7：检查 3640 格，内部 948，边界 1819
2026-09-11 11:46:39,420 DEBUG 层 8：检查 7276 格，内部 1794，边界 3640
2026-09-11 11:46:39,421 DEBUG 层 9：检查 14560 格，内部 3594，边界 7280
2026-09-11 11:46:39,627 DEBUG 求解结束：sampled；可行点 25243，叶格 14482，边界格边长 0.035156 m
2026-09-11 11:46:39,629 INFO angle_026_45 | 面积 1760.9174 [1756.4171, 1765.4177] m² | 定位误差 8.3940 m | sampled
2026-09-11 11:46:39,632 DEBUG 层 0：检查 40000 格，内部 0，边界 12
2026-09-11 11:46:39,633 DEBUG 层 1：检查 48 格，内部 7，边界 21
2026-09-11 11:46:39,633 DEBUG 层 2：检查 84 格，内部 23，边界 45
2026-09-11 11:46:39,633 DEBUG 层 3：检查 180 格，内部 34，边界 89
2026-09-11 11:46:39,633 DEBUG 层 4：检查 356 格，内部 88，边界 177
2026-09-11 11:46:39,633 DEBUG 层 5：检查 708 格，内部 162，边界 356
2026-09-11 11:46:39,634 DEBUG 层 6：检查 1424 格，内部 360，边界 711
2026-09-11 11:46:39,634 DEBUG 层 7：检查 2844 格，内部 739，边界 1425
2026-09-11 11:46:39,634 DEBUG 层 8：检查 5700 格，内部 1449，边界 2849
2026-09-11 11:46:39,636 DEBUG 层 9：检查 11396 格，内部 2857，边界 5693
2026-09-11 11:46:39,800 DEBUG 求解结束：sampled；可行点 19922，叶格 11412，边界格边长 0.035156 m
2026-09-11 11:46:39,801 INFO angle_026_60 | 面积 1428.2798 [1424.7718, 1431.7877] m² | 定位误差 6.4813 m | sampled
2026-09-11 11:46:39,805 DEBUG 层 0：检查 40000 格，内部 0，边界 11
2026-09-11 11:46:39,805 DEBUG 层 1：检查 44 格，内部 6，边界 22
2026-09-11 11:46:39,806 DEBUG 层 2：检查 88 格，内部 17，边界 43
2026-09-11 11:46:39,806 DEBUG 层 3：检查 172 格，内部 36，边界 87
2026-09-11 11:46:39,806 DEBUG 层 4：检查 348 格，内部 83，边界 173
2026-09-11 11:46:39,806 DEBUG 层 5：检查 692 格，内部 163，边界 346
2026-09-11 11:46:39,806 DEBUG 层 6：检查 1384 格，内部 348，边界 692
2026-09-11 11:46:39,806 DEBUG 层 7：检查 2768 格，内部 729，边界 1383
2026-09-11 11:46:39,807 DEBUG 层 8：检查 5532 格，内部 1419，边界 2768
2026-09-11 11:46:39,808 DEBUG 层 9：检查 11072 格，内部 2784，边界 5538
2026-09-11 11:46:39,969 DEBUG 求解结束：sampled；可行点 19439，叶格 11123，边界格边长 0.035156 m
2026-09-11 11:46:39,971 INFO angle_026_90 | 面积 1228.3124 [1224.9214, 1231.7034] m² | 定位误差 5.3151 m | sampled
2026-09-11 11:46:39,975 DEBUG 层 0：检查 40000 格，内部 0，边界 14
2026-09-11 11:46:39,975 DEBUG 层 1：检查 56 格，内部 8，边界 24
2026-09-11 11:46:39,975 DEBUG 层 2：检查 96 格，内部 15，边界 49
2026-09-11 11:46:39,975 DEBUG 层 3：检查 196 格，内部 42，边界 98
2026-09-11 11:46:39,975 DEBUG 层 4：检查 392 格，内部 94，边界 195
2026-09-11 11:46:39,976 DEBUG 层 5：检查 780 格，内部 192，边界 390
2026-09-11 11:46:39,976 DEBUG 层 6：检查 1560 格，内部 395，边界 780
2026-09-11 11:46:39,976 DEBUG 层 7：检查 3120 格，内部 813，边界 1560
2026-09-11 11:46:39,977 DEBUG 层 8：检查 6240 格，内部 1613，边界 3120
2026-09-11 11:46:39,978 DEBUG 层 9：检查 12480 格，内部 3030，边界 6239
2026-09-11 11:46:40,161 DEBUG 求解结束：sampled；可行点 21679，叶格 12441，边界格边长 0.035156 m
2026-09-11 11:46:40,163 INFO angle_026_120 | 面积 1410.7713 [1406.9384, 1414.6041] m² | 定位误差 6.0429 m | sampled
2026-09-11 11:46:40,166 DEBUG 层 0：检查 40000 格，内部 1，边界 19
2026-09-11 11:46:40,166 DEBUG 层 1：检查 76 格，内部 14，边界 40
2026-09-11 11:46:40,166 DEBUG 层 2：检查 160 格，内部 14，边界 76
2026-09-11 11:46:40,166 DEBUG 层 3：检查 304 格，内部 79，边界 150
2026-09-11 11:46:40,167 DEBUG 层 4：检查 600 格，内部 125，边界 302
2026-09-11 11:46:40,167 DEBUG 层 5：检查 1208 格，内部 288，边界 602
2026-09-11 11:46:40,167 DEBUG 层 6：检查 2408 格，内部 608，边界 1200
2026-09-11 11:46:40,168 DEBUG 层 7：检查 4800 格，内部 1170，边界 2406
2026-09-11 11:46:40,169 DEBUG 层 8：检查 9624 格，内部 2409，边界 4816
2026-09-11 11:46:40,170 DEBUG 层 9：检查 19264 格，内部 4785，边界 9628
2026-09-11 11:46:40,449 DEBUG 求解结束：sampled；可行点 33365，叶格 19121，边界格边长 0.035156 m
2026-09-11 11:46:40,452 INFO angle_027_30 | 面积 2491.6791 [2485.7573, 2497.6009] m² | 定位误差 18.2950 m | sampled
2026-09-11 11:46:40,455 DEBUG 层 0：检查 40000 格，内部 1，边界 14
2026-09-11 11:46:40,455 DEBUG 层 1：检查 56 格，内部 8，边界 28
2026-09-11 11:46:40,455 DEBUG 层 2：检查 112 格，内部 9，边界 56
2026-09-11 11:46:40,456 DEBUG 层 3：检查 224 格，内部 66，边界 110
2026-09-11 11:46:40,456 DEBUG 层 4：检查 440 格，内部 91，边界 216
2026-09-11 11:46:40,456 DEBUG 层 5：检查 864 格，内部 224，边界 432
2026-09-11 11:46:40,456 DEBUG 层 6：检查 1728 格，内部 434，边界 870
2026-09-11 11:46:40,457 DEBUG 层 7：检查 3480 格，内部 857，边界 1738
2026-09-11 11:46:40,457 DEBUG 层 8：检查 6952 格，内部 1722，边界 3478
2026-09-11 11:46:40,458 DEBUG 层 9：检查 13912 格，内部 3485，边界 6956
2026-09-11 11:46:40,659 DEBUG 求解结束：sampled；可行点 24170，叶格 13853，边界格边长 0.035156 m
2026-09-11 11:46:40,661 INFO angle_027_45 | 面积 1747.0886 [1742.7981, 1751.3790] m² | 定位误差 17.6440 m | sampled
2026-09-11 11:46:40,665 DEBUG 层 0：检查 40000 格，内部 0，边界 11
2026-09-11 11:46:40,665 DEBUG 层 1：检查 44 格，内部 8，边界 22
2026-09-11 11:46:40,665 DEBUG 层 2：检查 88 格，内部 15，边界 43
2026-09-11 11:46:40,665 DEBUG 层 3：检查 172 格，内部 52，边界 87
2026-09-11 11:46:40,665 DEBUG 层 4：检查 348 格，内部 71，边界 175
2026-09-11 11:46:40,666 DEBUG 层 5：检查 700 格，内部 181，边界 350
2026-09-11 11:46:40,666 DEBUG 层 6：检查 1400 格，内部 349，边界 699
2026-09-11 11:46:40,666 DEBUG 层 7：检查 2796 格，内部 686，边界 1397
2026-09-11 11:46:40,667 DEBUG 层 8：检查 5588 格，内部 1407，边界 2793
2026-09-11 11:46:40,668 DEBUG 层 9：检查 11172 格，内部 2775，边界 5590
2026-09-11 11:46:40,826 DEBUG 求解结束：sampled；可行点 19438，叶格 11134，边界格边长 0.035156 m
2026-09-11 11:46:40,828 INFO angle_027_60 | 面积 1420.5468 [1417.1215, 1423.9721] m² | 定位误差 18.3858 m | sampled
2026-09-11 11:46:40,831 DEBUG 层 0：检查 40000 格，内部 1，边界 8
2026-09-11 11:46:40,831 DEBUG 层 1：检查 32 格，内部 5，边界 16
2026-09-11 11:46:40,831 DEBUG 层 2：检查 64 格，内部 8，边界 32
2026-09-11 11:46:40,831 DEBUG 层 3：检查 128 格，内部 39，边界 64
2026-09-11 11:46:40,831 DEBUG 层 4：检查 256 格，内部 40，边界 130
2026-09-11 11:46:40,832 DEBUG 层 5：检查 520 格，内部 132，边界 260
2026-09-11 11:46:40,832 DEBUG 层 6：检查 1040 格，内部 261，边界 520
2026-09-11 11:46:40,833 DEBUG 层 7：检查 2080 格，内部 507，边界 1038
2026-09-11 11:46:40,833 DEBUG 层 8：检查 4152 格，内部 1023，边界 2074
2026-09-11 11:46:40,835 DEBUG 层 9：检查 8296 格，内部 2066，边界 4150
2026-09-11 11:46:40,952 DEBUG 求解结束：sampled；可行点 14361，叶格 8232，边界格边长 0.035156 m
2026-09-11 11:46:40,953 INFO angle_027_90 | 面积 1224.2036 [1221.6513, 1226.7559] m² | 定位误差 22.2018 m | sampled
2026-09-11 11:46:40,957 DEBUG 层 0：检查 40000 格，内部 0，边界 10
2026-09-11 11:46:40,957 DEBUG 层 1：检查 40 格，内部 9，边界 20
2026-09-11 11:46:40,957 DEBUG 层 2：检查 80 格，内部 15，边界 41
2026-09-11 11:46:40,957 DEBUG 层 3：检查 164 格，内部 39，边界 85
2026-09-11 11:46:40,958 DEBUG 层 4：检查 340 格，内部 57，边界 173
2026-09-11 11:46:40,958 DEBUG 层 5：检查 692 格，内部 158，边界 345
2026-09-11 11:46:40,958 DEBUG 层 6：检查 1380 格，内部 332，边界 688
2026-09-11 11:46:40,958 DEBUG 层 7：检查 2752 格，内部 684，边界 1373
2026-09-11 11:46:40,959 DEBUG 层 8：检查 5492 格，内部 1359，边界 2746
2026-09-11 11:46:40,960 DEBUG 层 9：检查 10984 格，内部 2735，边界 5493
2026-09-11 11:46:41,121 DEBUG 求解结束：sampled；可行点 18988，叶格 10881，边界格边长 0.035156 m
2026-09-11 11:46:41,122 INFO angle_027_120 | 面积 1408.9509 [1405.5859, 1412.3158] m² | 定位误差 31.2519 m | sampled
2026-09-11 11:46:41,126 DEBUG 层 0：检查 40000 格，内部 1，边界 22
2026-09-11 11:46:41,126 DEBUG 层 1：检查 88 格，内部 11，边界 43
2026-09-11 11:46:41,126 DEBUG 层 2：检查 172 格，内部 35，边界 87
2026-09-11 11:46:41,126 DEBUG 层 3：检查 348 格，内部 74，边界 173
2026-09-11 11:46:41,126 DEBUG 层 4：检查 692 格，内部 159，边界 345
2026-09-11 11:46:41,127 DEBUG 层 5：检查 1380 格，内部 327，边界 687
2026-09-11 11:46:41,127 DEBUG 层 6：检查 2748 格，内部 671，边界 1376
2026-09-11 11:46:41,128 DEBUG 层 7：检查 5504 格，内部 1378，边界 2752
2026-09-11 11:46:41,129 DEBUG 层 8：检查 11008 格，内部 2745，边界 5504
2026-09-11 11:46:41,131 DEBUG 层 9：检查 22016 格，内部 5500，边界 11007
2026-09-11 11:46:41,438 DEBUG 求解结束：sampled；可行点 38220，叶格 21908，边界格边长 0.035156 m
2026-09-11 11:46:41,440 INFO angle_028_30 | 面积 2717.3437 [2710.5470, 2724.1404] m² | 定位误差 40.1716 m | sampled
2026-09-11 11:46:41,444 DEBUG 层 0：检查 40000 格，内部 1，边界 14
2026-09-11 11:46:41,444 DEBUG 层 1：检查 56 格，内部 7，边界 29
2026-09-11 11:46:41,444 DEBUG 层 2：检查 116 格，内部 19，边界 60
2026-09-11 11:46:41,446 DEBUG 层 3：检查 240 格，内部 55，边界 117
2026-09-11 11:46:41,446 DEBUG 层 4：检查 468 格，内部 111，边界 235
2026-09-11 11:46:41,446 DEBUG 层 5：检查 940 格，内部 223，边界 470
2026-09-11 11:46:41,447 DEBUG 层 6：检查 1880 格，内部 466，边界 940
2026-09-11 11:46:41,447 DEBUG 层 7：检查 3760 格，内部 937，边界 1880
2026-09-11 11:46:41,449 DEBUG 层 8：检查 7520 格，内部 1874，边界 3759
2026-09-11 11:46:41,450 DEBUG 层 9：检查 15036 格，内部 3749，边界 7519
2026-09-11 11:46:41,648 DEBUG 求解结束：sampled；可行点 26100，叶格 14961，边界格边长 0.035156 m
2026-09-11 11:46:41,649 INFO angle_028_45 | 面积 1843.7826 [1839.1422, 1848.4231] m² | 定位误差 26.3869 m | sampled
2026-09-11 11:46:41,653 DEBUG 层 0：检查 40000 格，内部 0，边界 13
2026-09-11 11:46:41,653 DEBUG 层 1：检查 52 格，内部 8，边界 22
2026-09-11 11:46:41,653 DEBUG 层 2：检查 88 格，内部 18，边界 47
2026-09-11 11:46:41,653 DEBUG 层 3：检查 188 格，内部 45，边界 92
2026-09-11 11:46:41,653 DEBUG 层 4：检查 368 格，内部 92，边界 181
2026-09-11 11:46:41,653 DEBUG 层 5：检查 724 格，内部 178，边界 362
2026-09-11 11:46:41,654 DEBUG 层 6：检查 1448 格，内部 358，边界 723
2026-09-11 11:46:41,654 DEBUG 层 7：检查 2892 格，内部 715，边界 1446
2026-09-11 11:46:41,655 DEBUG 层 8：检查 5784 格，内部 1429，边界 2894
2026-09-11 11:46:41,656 DEBUG 层 9：检查 11576 格，内部 2861，边界 5789
2026-09-11 11:46:41,822 DEBUG 求解结束：sampled；可行点 20069，叶格 11493，边界格边长 0.035156 m
2026-09-11 11:46:41,823 INFO angle_028_60 | 面积 1473.2553 [1469.6962, 1476.8144] m² | 定位误差 20.2225 m | sampled
2026-09-11 11:46:41,827 DEBUG 层 0：检查 40000 格，内部 0，边界 10
2026-09-11 11:46:41,827 DEBUG 层 1：检查 40 格，内部 6，边界 20
2026-09-11 11:46:41,827 DEBUG 层 2：检查 80 格，内部 20，边界 36
2026-09-11 11:46:41,827 DEBUG 层 3：检查 144 格，内部 35，边界 72
2026-09-11 11:46:41,827 DEBUG 层 4：检查 288 格，内部 67，边界 146
2026-09-11 11:46:41,827 DEBUG 层 5：检查 584 格，内部 135，边界 292
2026-09-11 11:46:41,828 DEBUG 层 6：检查 1168 格，内部 287，边界 584
2026-09-11 11:46:41,828 DEBUG 层 7：检查 2336 格，内部 588，边界 1166
2026-09-11 11:46:41,829 DEBUG 层 8：检查 4664 格，内部 1169，边界 2332
2026-09-11 11:46:41,830 DEBUG 层 9：检查 9328 格，内部 2339，边界 4662
2026-09-11 11:46:41,976 DEBUG 求解结束：sampled；可行点 16260，叶格 9308，边界格边长 0.035156 m
2026-09-11 11:46:41,977 INFO angle_028_90 | 面积 1244.4266 [1241.5617, 1247.2914] m² | 定位误差 15.2783 m | sampled
2026-09-11 11:46:41,981 DEBUG 层 0：检查 40000 格，内部 0，边界 11
2026-09-11 11:46:41,981 DEBUG 层 1：检查 44 格，内部 7，边界 24
2026-09-11 11:46:41,981 DEBUG 层 2：检查 96 格，内部 20，边界 47
2026-09-11 11:46:41,982 DEBUG 层 3：检查 188 格，内部 42，边界 93
2026-09-11 11:46:41,982 DEBUG 层 4：检查 372 格，内部 85，边界 185
2026-09-11 11:46:41,982 DEBUG 层 5：检查 740 格，内部 182，边界 368
2026-09-11 11:46:41,982 DEBUG 层 6：检查 1472 格，内部 361，边界 735
2026-09-11 11:46:41,983 DEBUG 层 7：检查 2940 格，内部 731，边界 1471
2026-09-11 11:46:41,983 DEBUG 层 8：检查 5884 格，内部 1458，边界 2944
2026-09-11 11:46:41,984 DEBUG 层 9：检查 11776 格，内部 2940，边界 5890
2026-09-11 11:46:42,153 DEBUG 求解结束：sampled；可行点 20435，叶格 11716，边界格边长 0.035156 m
2026-09-11 11:46:42,154 INFO angle_028_120 | 面积 1410.8987 [1407.2638, 1414.5337] m² | 定位误差 15.0852 m | sampled
2026-09-11 11:46:42,157 DEBUG 层 0：检查 40000 格，内部 0，边界 18
2026-09-11 11:46:42,158 DEBUG 层 1：检查 72 格，内部 12，边界 39
2026-09-11 11:46:42,158 DEBUG 层 2：检查 156 格，内部 23，边界 80
2026-09-11 11:46:42,158 DEBUG 层 3：检查 320 格，内部 69，边界 158
2026-09-11 11:46:42,158 DEBUG 层 4：检查 632 格，内部 150，边界 314
2026-09-11 11:46:42,158 DEBUG 层 5：检查 1256 格，内部 307，边界 627
2026-09-11 11:46:42,158 DEBUG 层 6：检查 2508 格，内部 623，边界 1254
2026-09-11 11:46:42,159 DEBUG 层 7：检查 5016 格，内部 1249，边界 2511
2026-09-11 11:46:42,160 DEBUG 层 8：检查 10044 格，内部 2485，边界 5023
2026-09-11 11:46:42,161 DEBUG 层 9：检查 20092 格，内部 5030，边界 10046
2026-09-11 11:46:42,456 DEBUG 求解结束：sampled；可行点 34866，叶格 19994，边界格边长 0.035156 m
2026-09-11 11:46:42,458 INFO angle_029_30 | 面积 2178.9185 [2172.7107, 2185.1263] m² | 定位误差 39.0854 m | sampled
2026-09-11 11:46:42,465 DEBUG 层 0：检查 40000 格，内部 1，边界 13
2026-09-11 11:46:42,465 DEBUG 层 1：检查 52 格，内部 4，边界 28
2026-09-11 11:46:42,465 DEBUG 层 2：检查 112 格，内部 24，边界 54
2026-09-11 11:46:42,465 DEBUG 层 3：检查 216 格，内部 41，边界 107
2026-09-11 11:46:42,466 DEBUG 层 4：检查 428 格，内部 101，边界 215
2026-09-11 11:46:42,466 DEBUG 层 5：检查 860 格，内部 207，边界 432
2026-09-11 11:46:42,466 DEBUG 层 6：检查 1728 格，内部 419，边界 864
2026-09-11 11:46:42,467 DEBUG 层 7：检查 3456 格，内部 847，边界 1728
2026-09-11 11:46:42,467 DEBUG 层 8：检查 6912 格，内部 1741，边界 3456
2026-09-11 11:46:42,469 DEBUG 层 9：检查 13824 格，内部 3491，边界 6912
2026-09-11 11:46:42,669 DEBUG 求解结束：sampled；可行点 24081，叶格 13788，边界格边长 0.035156 m
2026-09-11 11:46:42,671 INFO angle_029_45 | 面积 1606.1979 [1601.9466, 1610.4491] m² | 定位误差 27.8024 m | sampled
2026-09-11 11:46:42,674 DEBUG 层 0：检查 40000 格，内部 1，边界 9
2026-09-11 11:46:42,675 DEBUG 层 1：检查 36 格，内部 3，边界 21
2026-09-11 11:46:42,675 DEBUG 层 2：检查 84 格，内部 21，边界 42
2026-09-11 11:46:42,675 DEBUG 层 3：检查 168 格，内部 26，边界 84
2026-09-11 11:46:42,675 DEBUG 层 4：检查 336 格，内部 80，边界 166
2026-09-11 11:46:42,675 DEBUG 层 5：检查 664 格，内部 182，边界 333
2026-09-11 11:46:42,676 DEBUG 层 6：检查 1332 格，内部 362，边界 662
2026-09-11 11:46:42,676 DEBUG 层 7：检查 2648 格，内部 742，边界 1323
2026-09-11 11:46:42,676 DEBUG 层 8：检查 5292 格，内部 1263，边界 2645
2026-09-11 11:46:42,678 DEBUG 层 9：检查 10580 格，内部 2578，边界 5291
2026-09-11 11:46:42,829 DEBUG 求解结束：sampled；可行点 18431，叶格 10549，边界格边长 0.035156 m
2026-09-11 11:46:42,830 INFO angle_029_60 | 面积 1341.9645 [1338.7080, 1345.2209] m² | 定位误差 22.1472 m | sampled
2026-09-11 11:46:42,834 DEBUG 层 0：检查 40000 格，内部 0，边界 11
2026-09-11 11:46:42,835 DEBUG 层 1：检查 44 格，内部 5，边界 21
2026-09-11 11:46:42,835 DEBUG 层 2：检查 84 格，内部 21，边界 41
2026-09-11 11:46:42,835 DEBUG 层 3：检查 164 格，内部 32，边界 85
2026-09-11 11:46:42,835 DEBUG 层 4：检查 340 格，内部 76，边界 167
2026-09-11 11:46:42,836 DEBUG 层 5：检查 668 格，内部 162，边界 337
2026-09-11 11:46:42,836 DEBUG 层 6：检查 1348 格，内部 337，边界 672
2026-09-11 11:46:42,837 DEBUG 层 7：检查 2688 格，内部 653，边界 1343
2026-09-11 11:46:42,838 DEBUG 层 8：检查 5372 格，内部 1335，边界 2686
2026-09-11 11:46:42,839 DEBUG 层 9：检查 10744 格，内部 2661，边界 5370
2026-09-11 11:46:42,999 DEBUG 求解结束：sampled；可行点 18570，叶格 10652，边界格边长 0.035156 m
2026-09-11 11:46:43,002 INFO angle_029_90 | 面积 1195.7385 [1192.4313, 1199.0456] m² | 定位误差 17.2350 m | sampled
2026-09-11 11:46:43,005 DEBUG 层 0：检查 40000 格，内部 0，边界 12
2026-09-11 11:46:43,006 DEBUG 层 1：检查 48 格，内部 8，边界 25
2026-09-11 11:46:43,006 DEBUG 层 2：检查 100 格，内部 16，边界 48
2026-09-11 11:46:43,006 DEBUG 层 3：检查 192 格，内部 40，边界 98
2026-09-11 11:46:43,007 DEBUG 层 4：检查 392 格，内部 89，边界 196
2026-09-11 11:46:43,007 DEBUG 层 5：检查 784 格，内部 184，边界 393
2026-09-11 11:46:43,008 DEBUG 层 6：检查 1572 格，内部 395，边界 786
2026-09-11 11:46:43,008 DEBUG 层 7：检查 3144 格，内部 779，边界 1573
2026-09-11 11:46:43,010 DEBUG 层 8：检查 6292 格，内部 1561，边界 3143
2026-09-11 11:46:43,012 DEBUG 层 9：检查 12572 格，内部 3137，边界 6287
2026-09-11 11:46:43,193 DEBUG 求解结束：sampled；可行点 21786，叶格 12496，边界格边长 0.035156 m
2026-09-11 11:46:43,216 INFO angle_029_120 | 面积 1411.3499 [1407.4683, 1415.2314] m² | 定位误差 16.9233 m | sampled
2026-09-11 11:46:45,149 INFO 图件导出：D:\My_MathModeling_Project\origin_figures\Problem1_Localization\fig01_single_wedge.pdf, D:\My_MathModeling_Project\origin_figures\Problem1_Localization\fig01_single_wedge.svg, D:\My_MathModeling_Project\origin_figures\Problem1_Localization\fig01_single_wedge.png
2026-09-11 11:46:45,152 DEBUG 层 0：检查 40000 格，内部 0，边界 9
2026-09-11 11:46:45,153 DEBUG 层 1：检查 36 格，内部 4，边界 19
2026-09-11 11:46:45,153 DEBUG 层 2：检查 76 格，内部 16，边界 37
2026-09-11 11:46:45,153 DEBUG 层 3：检查 148 格，内部 32，边界 70
2026-09-11 11:46:45,153 DEBUG 层 4：检查 280 格，内部 68，边界 142
2026-09-11 11:46:45,153 DEBUG 层 5：检查 568 格，内部 125，边界 286
2026-09-11 11:46:45,153 DEBUG 层 6：检查 1144 格，内部 295，边界 572
2026-09-11 11:46:45,154 DEBUG 层 7：检查 2288 格，内部 568，边界 1143
2026-09-11 11:46:45,154 DEBUG 层 8：检查 4572 格，内部 1130，边界 2286
2026-09-11 11:46:45,155 DEBUG 层 9：检查 9144 格，内部 2252，边界 4574
2026-09-11 11:46:45,290 DEBUG 求解结束：sampled；可行点 15810，叶格 9064，边界格边长 0.035156 m
2026-09-11 11:46:46,018 INFO 图件导出：D:\My_MathModeling_Project\origin_figures\Problem1_Localization\fig02_feasible_region.pdf, D:\My_MathModeling_Project\origin_figures\Problem1_Localization\fig02_feasible_region.svg, D:\My_MathModeling_Project\origin_figures\Problem1_Localization\fig02_feasible_region.png
2026-09-11 11:46:46,579 INFO 图件导出：D:\My_MathModeling_Project\origin_figures\Problem1_Localization\fig03_number.pdf, D:\My_MathModeling_Project\origin_figures\Problem1_Localization\fig03_number.svg, D:\My_MathModeling_Project\origin_figures\Problem1_Localization\fig03_number.png
2026-09-11 11:46:47,130 INFO 图件导出：D:\My_MathModeling_Project\origin_figures\Problem1_Localization\fig04_error.pdf, D:\My_MathModeling_Project\origin_figures\Problem1_Localization\fig04_error.svg, D:\My_MathModeling_Project\origin_figures\Problem1_Localization\fig04_error.png
2026-09-11 11:46:47,699 INFO 图件导出：D:\My_MathModeling_Project\origin_figures\Problem1_Localization\fig05_angle.pdf, D:\My_MathModeling_Project\origin_figures\Problem1_Localization\fig05_angle.svg, D:\My_MathModeling_Project\origin_figures\Problem1_Localization\fig05_angle.png
2026-09-11 11:46:47,711 INFO 完成：450 次离线实验；结果目录 D:\My_MathModeling_Project\Problem1_Localization\results
